time,/fmu/out/manual_control_setpoint/aux1,/fmu/out/manual_control_setpoint/aux2,/fmu/out/manual_control_setpoint/aux3,/fmu/out/manual_control_setpoint/aux4,/fmu/out/manual_control_setpoint/aux5,/fmu/out/manual_control_setpoint/aux6,/fmu/out/manual_control_setpoint/buttons,/fmu/out/manual_control_setpoint/data_source,/fmu/out/manual_control_setpoint/flaps,/fmu/out/manual_control_setpoint/pitch,/fmu/out/manual_control_setpoint/roll,/fmu/out/manual_control_setpoint/sticks_moving,/fmu/out/manual_control_setpoint/throttle,/fmu/out/manual_control_setpoint/timestamp,/fmu/out/manual_control_setpoint/timestamp_sample,/fmu/out/manual_control_setpoint/valid,/fmu/out/manual_control_setpoint/yaw,/fmu/out/vehicle_local_position/ax,/fmu/out/vehicle_local_position/ay,/fmu/out/vehicle_local_position/az,/fmu/out/vehicle_local_position/dead_reckoning,/fmu/out/vehicle_local_position/delta_dist_bottom,/fmu/out/vehicle_local_position/delta_heading,/fmu/out/vehicle_local_position/delta_vxy[0],/fmu/out/vehicle_local_position/delta_vxy[1],/fmu/out/vehicle_local_position/delta_vz,/fmu/out/vehicle_local_position/delta_xy[0],/fmu/out/vehicle_local_position/delta_xy[1],/fmu/out/vehicle_local_position/delta_z,/fmu/out/vehicle_local_position/dist_bottom,/fmu/out/vehicle_local_position/dist_bottom_reset_counter,/fmu/out/vehicle_local_position/dist_bottom_sensor_bitfield,/fmu/out/vehicle_local_position/dist_bottom_valid,/fmu/out/vehicle_local_position/dist_bottom_var,/fmu/out/vehicle_local_position/eph,/fmu/out/vehicle_local_position/epv,/fmu/out/vehicle_local_position/evh,/fmu/out/vehicle_local_position/evv,/fmu/out/vehicle_local_position/heading,/fmu/out/vehicle_local_position/heading_good_for_control,/fmu/out/vehicle_local_position/heading_reset_counter,/fmu/out/vehicle_local_position/heading_var,/fmu/out/vehicle_local_position/ref_alt,/fmu/out/vehicle_local_position/ref_lat,/fmu/out/vehicle_local_position/ref_lon,/fmu/out/vehicle_local_position/ref_timestamp,/fmu/out/vehicle_local_position/tilt_var,/fmu/out/vehicle_local_position/timestamp,/fmu/out/vehicle_local_position/timestamp_sample,/fmu/out/vehicle_local_position/unaided_heading,/fmu/out/vehicle_local_position/v_xy_valid,/fmu/out/vehicle_local_position/v_z_valid,/fmu/out/vehicle_local_position/vx,/fmu/out/vehicle_local_position/vxy_reset_counter,/fmu/out/vehicle_local_position/vy,/fmu/out/vehicle_local_position/vz,/fmu/out/vehicle_local_position/vz_reset_counter,/fmu/out/vehicle_local_position/x,/fmu/out/vehicle_local_position/xy_global,/fmu/out/vehicle_local_position/xy_reset_counter,/fmu/out/vehicle_local_position/xy_valid,/fmu/out/vehicle_local_position/y,/fmu/out/vehicle_local_position/z,/fmu/out/vehicle_local_position/z_deriv,/fmu/out/vehicle_local_position/z_global,/fmu/out/vehicle_local_position/z_reset_counter,/fmu/out/vehicle_local_position/z_valid,throttle,z
1791475617.818799,0,0,0,0,0,0,0,2,0,0,0,0,0,1.79147561782e+15,1.79147561782e+15,1,0,,,,,,,,,,,,,,,,,,,,,,,,,,,,,,,,,,,,,,,,,,,,,,,,,,,0,
1791475617.849771,,,,,,,,,,,,,,,,,,-0.690849900246,-1.49572920799,-0.105958424509,0,-0.217700466514,0.0483278669417,-0.0224604383111,-0.0157118476927,-0.0109399529174,-0.00157122057863,0.0176608562469,-0.217700466514,17.7888259888,3,0,0,8.5970582962,0.151807293296,0.166585370898,0.0892829671502,0.0558654665947,-0.414079844952,1,8,6.76625495544e-05,0.21796323359,47.3979706897,8.5461636713,4444000,2.25273652177e-05,1.79147561785e+15,1.79147561785e+15,-2.05071735382,1,1,2.43541026115,3,5.48430585861,0.102543286979,2,10.6195268631,1,4,1,76.0575485229,-17.6752471924,0.0425349101424,1,3,1,,-17.6752471924
1791475617.858205,0,0,0,0,0,0,0,2,0,0,0,0,0,1.79147561786e+15,1.79147561786e+15,1,0,,,,,,,,,,,,,,,,,,,,,,,,,,,,,,,,,,,,,,,,,,,,,,,,,,,0,
1791475617.861547,,,,,,,,,,,,,,,,,,-0.71459209919,-1.55835545063,-0.100536733866,0,-0.217700466514,0.0483278669417,-0.0224604383111,-0.0157118476927,-0.0109399529174,-0.00157122057863,0.0176608562469,-0.217700466514,17.7880115509,3,0,0,8.59924983978,0.152234911919,0.166852295399,0.0895435586572,0.055936306715,-0.414083003998,1,8,6.77066709613e-05,0.21796323359,47.3979706897,8.5461636713,4444000,2.25743388e-05,1.79147561785e+15,1.79147561785e+15,-2.05070710182,1,1,2.42885112762,3,5.46956253052,0.10119651258,2,10.6377182007,1,4,1,76.0981674194,-17.6750793457,0.0411350019276,1,3,1,,-17.6750793457
1791475617.869695,,,,,,,,,,,,,,,,,,-0.739899873734,-1.61136114597,-0.112175472081,0,-0.217700466514,0.0483278669417,-0.0224604383111,-0.0157118476927,-0.0109399529174,-0.00157122057863,0.0176608562469,-0.217700466514,17.7871990204,3,0,0,8.60144042969,0.152665182948,0.167120009661,0.0898039266467,0.0560067109764,-0.414092600346,1,8,6.77509160596e-05,0.21796323359,47.3979706897,8.5461636713,4444000,2.26212832786e-05,1.79147561786e+15,1.79147561786e+15,-2.05070352554,1,1,2.42211198807,3,5.45445823669,0.0997729673982,2,10.655878067,1,4,1,76.1387252808,-17.6749095917,0.0396757386625,1,3,1,,-17.6749095917
1791475617.881914,,,,,,,,,,,,,,,,,,-0.790343821049,-1.72688829899,-0.127900853753,0,-0.217700466514,0.0483278669417,-0.0224604383111,-0.0157118476927,-0.0109399529174,-0.00157122057863,0.0176608562469,-0.217700466514,17.7890701294,3,0,0,8.60581684113,0.15174792707,0.166472047567,0.0889668762684,0.055772177875,-0.414102554321,1,8,6.76399649819e-05,0.21796323359,47.3979706897,8.5461636713,4444000,2.25643780141e-05,1.79147561788e+15,1.79147561788e+15,-2.05068683624,1,1,2.40778946877,3,5.42229270935,0.0967007577419,2,10.6917591095,1,4,1,76.2188110352,-17.6747817993,0.0363459549844,1,3,1,,-17.6747817993
1791475617.889996,,,,,,,,,,,,,,,,,,-0.817388594151,-1.7801926136,-0.121123619378,0,-0.217700466514,0.0483278669417,-0.0224604383111,-0.0157118476927,-0.0109399529174,-0.00157122057863,0.0176608562469,-0.217700466514,17.7882862091,3,0,0,8.60800170898,0.152174338698,0.166738629341,0.089226283133,0.0558417923748,-0.414110213518,1,8,6.76845957059e-05,0.21796323359,47.3979706897,8.5461636713,4444000,2.26110932999e-05,1.79147561789e+15,1.79147561789e+15,-2.05068087578,1,1,2.40034580231,3,5.40564155579,0.0951627790928,2,10.7096481323,1,4,1,76.2587509155,-17.6747112274,0.0347092039883,1,3,1,,-17.6747112274
1791475617.898917,0,0,0,0,0,0,0,2,0,0,0,0,0,1.7914756179e+15,1.7914756179e+15,1,0,,,,,,,,,,,,,,,,,,,,,,,,,,,,,,,,,,,,,,,,,,,,,,,,,,,0,
1791475617.901663,,,,,,,,,,,,,,,,,,-0.837792813778,-1.84033405781,-0.122230023146,0,-0.217700466514,0.0483278669417,-0.0224604383111,-0.0157118476927,-0.0109399529174,-0.00157122057863,0.0176608562469,-0.217700466514,17.7875061035,3,0,0,8.61018562317,0.152603402734,0.167006000876,0.0894860252738,0.0559109821916,-0.414115667343,1,8,6.77293282934e-05,0.21796323359,47.3979706897,8.5461636713,4444000,2.2657772206e-05,1.79147561789e+15,1.79147561789e+15,-2.05067300797,1,1,2.3927628994,3,5.38857555389,0.0936332046986,2,10.7274990082,1,4,1,76.298614502,-17.6746368408,0.0330999940634,1,3,1,,-17.6746368408
1791475617.909634,,,,,,,,,,,,,,,,,,-0.866109609604,-1.8931401968,-0.132503449917,0,-0.217700466514,0.0483278669417,-0.0224604383111,-0.0157118476927,-0.0109399529174,-0.00157122057863,0.0176608562469,-0.217700466514,17.7896251678,3,0,0,8.61236858368,0.151266753674,0.166280195117,0.0884020254016,0.0556296445429,-0.414129912853,1,8,6.75957053318e-05,0.21796323359,47.3979706897,8.5461636713,4444000,2.25529529416e-05,1.7914756179e+15,1.7914756179e+15,-2.05067443848,1,1,2.38480591774,3,5.3707447052,0.0919470787048,2,10.7451267242,1,4,1,76.3379745483,-17.674654007,0.0312513113022,1,3,1,,-17.674654007
1791475617.921704,,,,,,,,,,,,,,,,,,-0.910621881485,-2.00487136841,-0.14574405551,0,-0.217700466514,0.0483278669417,-0.0224604383111,-0.0157118476927,-0.0109399529174,-0.00157122057863,0.0176608562469,-0.217700466514,17.7881298065,3,0,0,8.61672496796,0.152114540339,0.166812479496,0.0889194235206,0.0557670071721,-0.414160370827,1,8,6.76858107909e-05,0.21796323359,47.3979706897,8.5461636713,4444000,2.26458942052e-05,1.79147561792e+15,1.79147561792e+15,-2.0506772995,1,1,2.36841678619,3,5.33395004272,0.088499546051,2,10.7802658081,1,4,1,76.4164657593,-17.6746730804,0.0275421198457,1,3,1,,-17.6746730804
1791475617.929712,,,,,,,,,,,,,,,,,,-0.931235909462,-2.05904364586,-0.147759899497,0,-0.217700466514,0.0483278669417,-0.0224604383111,-0.0157118476927,-0.0109399529174,-0.00157122057863,0.0176608562469,-0.217700466514,17.7873878479,3,0,0,8.61890029907,0.152542382479,0.167079776525,0.0891782343388,0.0558350421488,-0.41417747736,1,8,6.77310163155e-05,0.21796323359,47.3979706897,8.5461636713,4444000,2.26923111768e-05,1.79147561793e+15,1.79147561793e+15,-2.05068135262,1,1,2.36001801491,3,5.3150062561,0.0867468640208,2,10.7977733612,1,4,1,76.455581665,-17.6746788025,0.0256889704615,1,3,1,,-17.6746788025
1791475617.938923,0,0,0,0,0,0,0,2,0,0,0,0,0,1.79147561794e+15,1.79147561794e+15,1,0,,,,,,,,,,,,,,,,,,,,,,,,,,,,,,,,,,,,,,,,,,,,,,,,,,,0,
1791475617.941603,,,,,,,,,,,,,,,,,,-0.957522034645,-2.11411571503,-0.128403767943,0,-0.217700466514,0.0483278669417,-0.0224604383111,-0.0157118476927,-0.0109399529174,-0.00157122057863,0.0176608562469,-0.217700466514,17.7896652222,3,0,0,8.62107467651,0.151210039854,0.166167020798,0.0881067290902,0.0555321909487,-0.414183497429,1,8,6.76184572512e-05,0.21796323359,47.3979706897,8.5461636713,4444000,2.25860076171e-05,1.79147561793e+15,1.79147561793e+15,-2.05067443848,1,1,2.35127019882,3,5.2952747345,0.0850783810019,2,10.8150606155,1,4,1,76.494178772,-17.674779892,0.0238344185054,1,3,1,,-17.674779892
1791475617.949951,,,,,,,,,,,,,,,,,,-0.998905539513,-2.17282414436,-0.146117046475,0,-0.217700466514,0.0483278669417,-0.0224604383111,-0.0157118476927,-0.0109399529174,-0.00157122057863,0.0176608562469,-0.217700466514,17.7889537811,3,0,0,8.62324428558,0.151631444693,0.16643242538,0.0883650928736,0.0555999614298,-0.414188653231,1,8,6.76638956065e-05,0.21796323359,47.3979706897,8.5461636713,4444000,2.26322226808e-05,1.79147561794e+15,1.79147561794e+15,-2.05066561699,1,1,2.34221959114,3,5.27515077591,0.0832878500223,2,10.8323049545,1,4,1,76.5326766968,-17.6748752594,0.021880203858,1,3,1,,-17.6748752594
1791475617.961630,,,,,,,,,,,,,,,,,,-1.03057384491,-2.28219556808,-0.153028398752,0,-0.217700466514,0.0483278669417,-0.0224604383111,-0.0157118476927,-0.0109399529174,-0.00157122057863,0.0176608562469,-0.217700466514,17.7875480652,3,0,0,8.62757778168,0.152482032776,0.166965514421,0.0888826325536,0.0557344444096,-0.414200484753,1,8,6.77551724948e-05,0.21796323359,47.3979706897,8.5461636713,4444000,2.27245800488e-05,1.79147561796e+15,1.79147561796e+15,-2.05065059662,1,1,2.32377338409,3,5.23382759094,0.0797620117664,2,10.8666534424,1,4,1,76.6094055176,-17.6750545502,0.0180912408978,1,3,1,,-17.6750545502
1791475617.969725,,,,,,,,,,,,,,,,,,-1.06588041782,-2.34078788757,-0.152437001467,0,-0.217700466514,0.0483278669417,-0.0224604383111,-0.0157118476927,-0.0109399529174,-0.00157122057863,0.0176608562469,-0.217700466514,17.7892780304,3,0,0,8.6297416687,0.15115404129,0.166240617633,0.087823599577,0.0554552040994,-0.414207398891,1,8,6.76628114888e-05,0.21796323359,47.3979706897,8.5461636713,4444000,2.26167558139e-05,1.79147561797e+15,1.79147561797e+15,-2.05064439774,1,1,2.31408858299,3,5.21216154099,0.0778938084841,2,10.8835630417,1,4,1,76.6471786499,-17.6752185822,0.0160366185009,1,3,1,,-17.6752185822
1791475617.978726,0,0,0,0,0,0,0,2,0,0,0,0,0,1.79147561798e+15,1.79147561798e+15,1,0,,,,,,,,,,,,,,,,,,,,,,,,,,,,,,,,,,,,,,,,,,,,,,,,,,,0,
1791475617.981504,,,,,,,,,,,,,,,,,,-1.08638417721,-2.38949871063,-0.138514205813,0,-0.217700466514,0.0483278669417,-0.0224604383111,-0.0157118476927,-0.0109399529174,-0.00157122057863,0.0176608562469,-0.217700466514,17.788608551,3,0,0,8.63190078735,0.151574239135,0.166505932808,0.0880824327469,0.0555220134556,-0.414218127728,1,8,6.77087155054e-05,0.21796323359,47.3979706897,8.5461636713,4444000,2.26627053053e-05,1.79147561797e+15,1.79147561797e+15,-2.05064153671,1,1,2.30427026749,3,5.19018650055,0.0761570706964,2,10.9004230499,1,4,1,76.6848526001,-17.6753787994,0.0141360219568,1,3,1,,-17.6753787994
1791475617.989892,,,,,,,,,,,,,,,,,,-1.10622906685,-2.44773626328,-0.160116687417,0,-0.217700466514,0.0483278669417,-0.0224604383111,-0.0157118476927,-0.0109399529174,-0.00157122057863,0.0176608562469,-0.217700466514,17.7879447937,3,0,0,8.63405704498,0.151997029781,0.166772022843,0.0883416384459,0.0555884987116,-0.414219886065,1,8,6.77547577652e-05,0.21796323359,47.3979706897,8.5461636713,4444000,2.27086384257e-05,1.79147561798e+15,1.79147561798e+15,-2.0506298542,1,1,2.29432272911,3,5.16782331467,0.0742670148611,2,10.9172334671,1,4,1,76.7224273682,-17.675535202,0.0121039720252,1,3,1,,-17.675535202
1791475618.001807,,,,,,,,,,,,,,,,,,-1.15272367001,-2.56102561951,-0.17167674005,0,-0.217700466514,0.0483278669417,-0.0224604383111,-0.0157118476927,-0.0109399529174,-0.00157122057863,0.0176608562469,-0.217700466514,17.7885990143,3,0,0,8.63836288452,0.151098400354,0.166127756238,0.087553344667,0.0553543977439,-0.414228975773,1,8,6.77132120472e-05,0.21796323359,47.3979706897,8.5461636713,4444000,2.26404918067e-05,1.791475618e+15,1.791475618e+15,-2.05061340332,1,1,2.27380895615,3,5.12150478363,0.0703882128,2,10.9505062103,1,4,1,76.7967834473,-17.6758995056,0.00794093310833,1,3,1,,-17.6758995056
1791475618.009567,,,,,,,,,,,,,,,,,,-1.18465316296,-2.61253929138,-0.162734180689,0,-0.217700466514,0.0483278669417,-0.0224604383111,-0.0157118476927,-0.0109399529174,-0.00157122057863,0.0176608562469,-0.217700466514,17.7879734039,3,0,0,8.64050960541,0.151517421007,0.166392698884,0.0878128707409,0.0554203502834,-0.414224535227,1,8,6.77595453453e-05,0.21796323359,47.3979706897,8.5461636713,4444000,2.26861848205e-05,1.79147561801e+15,1.79147561801e+15,-2.05059719086,1,1,2.26314783096,3,5.09762191772,0.0684569478035,2,10.966966629,1,4,1,76.8335647583,-17.6761131287,0.00586095266044,1,3,1,,-17.6761131287
1791475618.017847,0,0,0,0,0,0,0,2,0,0,0,0,0,1.79147561802e+15,1.79147561802e+15,1,0,,,,,,,,,,,,,,,,,,,,,,,,,,,,,,,,,,,,,,,,,,,,,,,,,,,0,
1791475618.021796,,,,,,,,,,,,,,,,,,-1.20429587364,-2.66632461548,-0.14584185183,0,-0.217700466514,0.0483278669417,-0.0224604383111,-0.0157118476927,-0.0109399529174,-0.00157122057863,0.0176608562469,-0.217700466514,17.787355423,3,0,0,8.64265346527,0.151938989758,0.166658401489,0.0880731418729,0.0554859787226,-0.414213478565,1,8,6.78059659549e-05,0.21796323359,47.3979706897,8.5461636713,4444000,2.27318450925e-05,1.79147561801e+15,1.79147561801e+15,-2.05057477951,1,1,2.25236105919,3,5.07339000702,0.0666805654764,2,10.9833717346,1,4,1,76.8702392578,-17.676322937,0.00395736191422,1,3,1,,-17.676322937
1791475618.029817,,,,,,,,,,,,,,,,,,-1.23025357723,-2.73559594154,-0.168439924717,0,-0.217700466514,0.0483278669417,-0.0224604383111,-0.0157118476927,-0.0109399529174,-0.00157122057863,0.0176608562469,-0.217700466514,17.7867450714,3,0,0,8.64479446411,0.15236312151,0.166924864054,0.0883338600397,0.0555512867868,-0.414210140705,1,8,6.78524957038e-05,0.21796323359,47.3979706897,8.5461636713,4444000,2.27774762607e-05,1.79147561802e+15,1.79147561802e+15,-2.05056071281,1,1,2.24139714241,3,5.0486831665,0.0647425800562,2,10.9997196198,1,4,1,76.9067840576,-17.676530838,0.00191295600962,1,3,1,,-17.676530838
1791475618.041605,,,,,,,,,,,,,,,,,,-1.27777862549,-2.84357666969,-0.177976667881,0,-0.217700466514,0.0483278669417,-0.0224604383111,-0.0157118476927,-0.0109399529174,-0.00157122057863,0.0176608562469,-0.217700466514,17.7876930237,3,0,0,8.64906597137,0.151461482048,0.16646578908,0.0875614136457,0.0553399436176,-0.414210706949,1,8,6.78440701449e-05,0.21796323359,47.3979706897,8.5461636713,4444000,2.27114069276e-05,1.79147561804e+15,1.79147561804e+15,-2.05053949356,1,1,2.21857261658,3,4.99735355377,0.0607547312975,2,11.0318450928,1,4,1,76.9785766602,-17.6770801544,-0.00237626768649,1,3,1,,-17.6770801544
1791475618.049817,,,,,,,,,,,,,,,,,,-1.30453133583,-2.89597940445,-0.177323803306,0,-0.217700466514,0.0483278669417,-0.0224604383111,-0.0157118476927,-0.0109399529174,-0.00157122057863,0.0176608562469,-0.217700466514,17.7871227264,3,0,0,8.65119552612,0.151881843805,0.166731372476,0.0878233164549,0.055404804647,-0.414215952158,1,8,6.789091276e-05,0.21796323359,47.3979706897,8.5461636713,4444000,2.27568034461e-05,1.79147561805e+15,1.79147561805e+15,-2.05053377151,1,1,2.20692276955,3,4.97117328644,0.0587290041149,2,11.0478191376,1,4,1,77.0142822266,-17.6773509979,-0.00452024955302,1,3,1,,-17.6773509979
1791475618.057985,0,0,0,0,0,0,0,2,0,0,0,0,0,1.79147561806e+15,1.79147561806e+15,1,0,,,,,,,,,,,,,,,,,,,,,,,,,,,,,,,,,,,,,,,,,,,,,,,,,,,0,
1791475618.061483,,,,,,,,,,,,,,,,,,-1.32209467888,-2.94217586517,-0.154256805778,0,-0.217700466514,0.0483278669417,-0.0224604383111,-0.0157118476927,-0.0109399529174,-0.00157122057863,0.0176608562469,-0.217700466514,17.7863559723,3,0,0,8.65332221985,0.152304708958,0.166809678078,0.0880860239267,0.0554468072951,-0.41420853138,1,8,6.79378354107e-05,0.21796323359,47.3979706897,8.5461636713,4444000,2.28020871873e-05,1.79147561805e+15,1.79147561805e+15,-2.05051589012,1,1,2.19516468048,3,4.94470500946,0.0569084733725,2,11.0637311935,1,4,1,77.0498657227,-17.677614212,-0.00643167039379,1,3,1,,-17.677614212
1791475618.069901,,,,,,,,,,,,,,,,,,-1.35180962086,-3.0093255043,-0.178067937493,0,-0.217700466514,0.0483278669417,-0.0224604383111,-0.0157118476927,-0.0109399529174,-0.00157122057863,0.0176608562469,-0.217700466514,17.7880840302,3,0,0,8.65544605255,0.150989234447,0.166087761521,0.0870627090335,0.0551721155643,-0.414203494787,1,8,6.78843571222e-05,0.21796323359,47.3979706897,8.5461636713,4444000,2.26840820687e-05,1.79147561806e+15,1.79147561806e+15,-2.05050063133,1,1,2.18303370476,3,4.9173412323,0.054839964956,2,11.0793924332,1,4,1,77.0848388672,-17.6779499054,-0.00865167193115,1,3,1,,-17.6779499054
1791475618.081708,,,,,,,,,,,,,,,,,,-1.40100896358,-3.11977791786,-0.195791468024,0,-0.217700466514,0.0483278669417,-0.0224604383111,-0.0157118476927,-0.0109399529174,-0.00157122057863,0.0176608562469,-0.217700466514,17.7870407104,3,0,0,8.65967941284,0.151824995875,0.166617408395,0.0875909030437,0.0553009323776,-0.414183437824,1,8,6.79786244291e-05,0.21796323359,47.3979706897,8.5461636713,4444000,2.27743621508e-05,1.79147561808e+15,1.79147561808e+15,-2.05046510696,1,1,2.15829348564,3,4.86157178879,0.0505899563432,2,11.1105232239,1,4,1,77.1543884277,-17.6786174774,-0.0131396707147,1,3,1,,-17.6786174774
1791475618.089714,,,,,,,,,,,,,,,,,,-1.42154932022,-3.16817998886,-0.17327721417,0,-0.217700466514,0.0483278669417,-0.0224604383111,-0.0157118476927,-0.0109399529174,-0.00157122057863,0.0176608562469,-0.217700466514,17.7865314484,3,0,0,8.66179084778,0.152246654034,0.166883349419,0.0878559052944,0.0553649142385,-0.414170831442,1,8,6.80258963257e-05,0.21796323359,47.3979706897,8.5461636713,4444000,2.28194585361e-05,1.79147561809e+15,1.79147561809e+15,-2.05044484138,1,1,2.14570665359,3,4.83319807053,0.0486199222505,2,11.1259880066,1,4,1,77.1889572144,-17.6789512634,-0.0151975760236,1,3,1,,-17.6789512634
1791475618.099034,0,0,0,0,0,0,0,2,0,0,0,0,0,1.7914756181e+15,1.7914756181e+15,1,0,,,,,,,,,,,,,,,,,,,,,,,,,,,,,,,,,,,,,,,,,,,,,,,,,,,0,
1791475618.101903,,,,,,,,,,,,,,,,,,-1.45276534557,-3.22190928459,-0.164319753647,0,-0.217700466514,0.0483278669417,-0.0224604383111,-0.0157118476927,-0.0109399529174,-0.00157122057863,0.0176608562469,-0.217700466514,17.7886867523,3,0,0,8.66389942169,0.150935605168,0.166160434484,0.0868465080857,0.0550916157663,-0.414161413908,1,8,6.80029552313e-05,0.21796323359,47.3979706897,8.5461636713,4444000,2.27035743592e-05,1.79147561809e+15,1.79147561809e+15,-2.05042815208,1,1,2.13268637657,3,4.80404043198,0.0466580800712,2,11.1411571503,1,4,1,77.2229003906,-17.6793670654,-0.0173203665763,1,3,1,,-17.6793670654
1791475618.109828,,,,,,,,,,,,,,,,,,-1.47453987598,-3.2791287899,-0.180018588901,0,-0.217700466514,0.0483278669417,-0.0224604383111,-0.0157118476927,-0.0109399529174,-0.00157122057863,0.0176608562469,-0.217700466514,17.7882156372,3,0,0,8.66600131989,0.151351034641,0.166424766183,0.0871125757694,0.0551555864513,-0.414154976606,1,8,6.80504235788e-05,0.21796323359,47.3979706897,8.5461636713,4444000,2.27484651987e-05,1.7914756181e+15,1.7914756181e+15,-2.05041408539,1,1,2.11952877045,3,4.77451658249,0.0445916578174,2,11.1562585831,1,4,1,77.2567062378,-17.6797809601,-0.0195253323764,1,3,1,,-17.6797809601
1791475618.121860,,,,,,,,,,,,,,,,,,-1.51951646805,-3.39450526237,-0.20260874927,0,-0.217700466514,0.0483278669417,-0.0224604383111,-0.0157118476927,-0.0109399529174,-0.00157122057863,0.0176608562469,-0.217700466514,17.7875709534,3,0,0,8.67019462585,0.152189359069,0.166768327355,0.0876481458545,0.0552604198456,-0.41414925456,1,8,6.81456440361e-05,0.21796323359,47.3979706897,8.5461636713,4444000,2.28380959015e-05,1.79147561812e+15,1.79147561812e+15,-2.05039453506,1,1,2.09281611443,3,4.71433925629,0.0403161607683,2,11.1862478256,1,4,1,77.3238601685,-17.6806240082,-0.0240308307111,1,3,1,,-17.6806240082
1791475618.129884,,,,,,,,,,,,,,,,,,-1.53444182873,-3.44631433487,-0.176855817437,0,-0.217700466514,0.0483278669417,-0.0224604383111,-0.0157118476927,-0.0109399529174,-0.00157122057863,0.0176608562469,-0.217700466514,17.7871284485,3,0,0,8.67228603363,0.152612283826,0.167034566402,0.0879172682762,0.0553236603737,-0.414144515991,1,8,6.81933524902e-05,0.21796323359,47.3979706897,8.5461636713,4444000,2.28828903346e-05,1.79147561813e+15,1.79147561813e+15,-2.05038356781,1,1,2.07928490639,3,4.68373966217,0.0383327975869,2,11.201133728,1,4,1,77.3572006226,-17.6810436249,-0.026097971946,1,3,1,,-17.6810436249
1791475618.139025,0,0,0,0,0,0,0,2,0,0,0,0,0,1.79147561814e+15,1.79147561814e+15,1,0,-1.55710113049,-3.49951696396,-0.168270885944,0,-0.217700466514,0.0483278669417,-0.0224604383111,-0.0157118476927,-0.0109399529174,-0.00157122057863,0.0176608562469,-0.217700466514,17.7888259888,3,0,0,8.67437362671,0.151289328933,0.166309058666,0.086906477809,0.0550507903099,-0.41413629055,1,8,6.81708770571e-05,0.21796323359,47.3979706897,8.5461636713,4444000,2.27572127187e-05,1.79147561813e+15,1.79147561813e+15,-2.0503692627,1,1,2.06542444229,3,4.65234518051,0.0363669879735,2,11.2157297134,1,4,1,77.3898849487,-17.6815299988,-0.0282025747001,1,3,1,0,-17.6815299988
1791475618.149808,,,,,,,,,,,,,,,,,,-1.58316493034,-3.5579226017,-0.187481746078,0,-0.217700466514,0.0483278669417,-0.0224604383111,-0.0157118476927,-0.0109399529174,-0.00157122057863,0.0176608562469,-0.217700466514,17.7884197235,3,0,0,8.67645454407,0.1517059654,0.166573688388,0.0871772170067,0.0551141127944,-0.414109021425,1,8,6.82187383063e-05,0.21796323359,47.3979706897,8.5461636713,4444000,2.28018070629e-05,1.79147561814e+15,1.79147561814e+15,-2.05033922195,1,1,2.05139303207,3,4.62057542801,0.0342679470778,2,11.2302513123,1,4,1,77.422416687,-17.6820144653,-0.0304185673594,1,3,1,,-17.6820144653
1791475618.161915,,,,,,,,,,,,,,,,,,-1.63448727131,-3.66387915611,-0.199696972966,0,-0.217700466514,0.0483278669417,-0.0224604383111,-0.0157118476927,-0.0109399529174,-0.00157122057863,0.0176608562469,-0.217700466514,17.7876358032,3,0,0,8.68060493469,0.152546644211,0.167105153203,0.0877226293087,0.0552400611341,-0.414068371058,1,8,6.83146790834e-05,0.21796323359,47.3979706897,8.5461636713,4444000,2.28909048019e-05,1.79147561816e+15,1.79147561816e+15,-2.05029392242,1,1,2.02281808853,3,4.55601787567,0.0300234984607,2,11.2590646744,1,4,1,77.4869689941,-17.6829814911,-0.0348341092467,1,3,1,,-17.6829814911
1791475618.169677,,,,,,,,,,,,,,,,,,-1.65631687641,-3.71187210083,-0.192108079791,0,-0.217700466514,0.0483278669417,-0.0224604383111,-0.0157118476927,-0.0109399529174,-0.00157122057863,0.0176608562469,-0.217700466514,17.7896099091,3,0,0,8.68267440796,0.151228517294,0.166378751397,0.0867256522179,0.0549689121544,-0.41403695941,1,8,6.83201797074e-05,0.21796323359,47.3979706897,8.5461636713,4444000,2.27670825552e-05,1.79147561817e+15,1.79147561817e+15,-2.05026054382,1,1,2.00809383392,3,4.52280759811,0.0278732217848,2,11.2731199265,1,4,1,77.5184707642,-17.6835384369,-0.0371220707893,1,3,1,,-17.6835384369
1791475618.178853,0,0,0,0,0,0,0,2,0,0,0,0,0,1.79147561818e+15,1.79147561818e+15,1,0,,,,,,,,,,,,,,,,,,,,,,,,,,,,,,,,,,,,,,,,,,,,,,,,,,,0,
1791475618.181534,,,,,,,,,,,,,,,,,,-1.67734611034,-3.76208567619,-0.162572592497,0,-0.217700466514,0.0483278669417,-0.0224604383111,-0.0157118476927,-0.0109399529174,-0.00157122057863,0.0176608562469,-0.217700466514,17.789691925,3,0,0,8.68473625183,0.151643827558,0.166456371546,0.0870004072785,0.0550095699728,-0.414018720388,1,8,6.83683829266e-05,0.21796323359,47.3979706897,8.5461636713,4444000,2.28113494813e-05,1.79147561817e+15,1.79147561817e+15,-2.05023980141,1,1,1.99324071407,3,4.4892911911,0.0259770415723,2,11.2870969772,1,4,1,77.5497970581,-17.6841087341,-0.0391480177641,1,3,1,,-17.6841087341
1791475618.190089,,,,,,,,,,,,,,,,,,-1.71012091637,-3.82994008064,-0.191949754953,0,-0.217700466514,0.0483278669417,-0.0224604383111,-0.0157118476927,-0.0109399529174,-0.00157122057863,0.0176608562469,-0.217700466514,17.789352417,3,0,0,8.68679428101,0.152061626315,0.166721284389,0.0872764661908,0.0550723671913,-0.413998872042,1,8,6.84166298015e-05,0.21796323359,47.3979706897,8.5461636713,4444000,2.28556491493e-05,1.79147561818e+15,1.79147561818e+15,-2.0502178669,1,1,1.97816383839,3,4.45532464981,0.0238658692688,2,11.3009929657,1,4,1,77.5809555054,-17.6846752167,-0.0413671582937,1,3,1,,-17.6846752167
1791475618.201584,,,,,,,,,,,,,,,,,,-1.76291298866,-3.9511847496,-0.203144729137,0,-0.217700466514,0.0483278669417,-0.0224604383111,-0.0157118476927,-0.0109399529174,-0.00157122057863,0.0176608562469,-0.217700466514,17.7911758423,3,0,0,8.69089794159,0.151168271899,0.16626265645,0.0865696594119,0.0548662394285,-0.41398230195,1,8,6.84808401274e-05,0.21796323359,47.3979706897,8.5461636713,4444000,2.27733253269e-05,1.7914756182e+15,1.7914756182e+15,-2.05019760132,1,1,1.94727265835,3,4.38577461243,0.019566539675,2,11.3282794952,1,4,1,77.6421890259,-17.6858844757,-0.0459059849381,1,3,1,,-17.6858844757
1791475618.209654,,,,,,,,,,,,,,,,,,-1.77493000031,-3.98612594604,-0.191861286759,0,-0.217700466514,0.0483278669417,-0.0224604383111,-0.0157118476927,-0.0109399529174,-0.00157122057863,0.0176608562469,-0.217700466514,17.7908153534,3,0,0,8.69294071198,0.151582092047,0.166526660323,0.0868467241526,0.0549290776253,-0.41397100687,1,8,6.85127379256e-05,0.21796323359,47.3979706897,8.5461636713,4444000,2.28129993047e-05,1.79147561821e+15,1.79147561821e+15,-2.05018401146,1,1,1.93160653114,3,4.35034799576,0.0174441132694,2,11.3416872025,1,4,1,77.6722640991,-17.6865234375,-0.048155836761,1,3,1,,-17.6865234375
1791475618.218185,0,0,0,0,0,0,0,2,0,0,0,0,0,1.79147561822e+15,1.79147561822e+15,1,0,,,,,,,,,,,,,,,,,,,,,,,,,,,,,,,,,,,,,,,,,,,,,,,,,,,0,
1791475618.221883,,,,,,,,,,,,,,,,,,-1.79644155502,-4.03544521332,-0.169447153807,0,-0.217700466514,0.0483278669417,-0.0224604383111,-0.0157118476927,-0.0109399529174,-0.00157122057863,0.0176608562469,-0.217700466514,17.7905349731,3,0,0,8.69497871399,0.151998594403,0.166791394353,0.0871278867126,0.0549917221069,-0.413951069117,1,8,6.85612685629e-05,0.21796323359,47.3979706897,8.5461636713,4444000,2.28570497711e-05,1.79147561821e+15,1.79147561821e+15,-2.05016708374,1,1,1.91580808163,3,4.31462287903,0.0155210597441,2,11.355009079,1,4,1,77.7021484375,-17.6871604919,-0.0501844212413,1,3,1,,-17.6871604919
1791475618.229576,,,,,,,,,,,,,,,,,,-1.83026587963,-4.10626411438,-0.204273954034,0,-0.217700466514,0.0483278669417,-0.0224604383111,-0.0157118476927,-0.0109399529174,-0.00157122057863,0.0176608562469,-0.217700466514,17.790266037,3,0,0,8.69701194763,0.152417555451,0.16705685854,0.0874106884003,0.0550541989505,-0.413928449154,1,8,6.86098501319e-05,0.21796323359,47.3979706897,8.5461636713,4444000,2.29010656767e-05,1.79147561822e+15,1.79147561822e+15,-2.05014777184,1,1,1.89977777004,3,4.27842521667,0.0133388275281,2,11.3682451248,1,4,1,77.7318496704,-17.687795639,-0.0524510219693,1,3,1,,-17.687795639
1791475618.241911,,,,,,,,,,,,,,,,,,-1.87746334076,-4.22410154343,-0.225804269314,0,-0.217700466514,0.0483278669417,-0.0224604383111,-0.0157118476927,-0.0109399529174,-0.00157122057863,0.0176608562469,-0.217700466514,17.7923107147,3,0,0,8.70106315613,0.151521146297,0.166409492493,0.0867227315903,0.0548280179501,-0.413894176483,1,8,6.86829080223e-05,0.21796323359,47.3979706897,8.5461636713,4444000,2.28153294302e-05,1.79147561824e+15,1.79147561824e+15,-2.05011940002,1,1,1.86684310436,3,4.20402479172,0.00877771154046,2,11.3939790726,1,4,1,77.7895812988,-17.6892261505,-0.0572924725711,1,3,1,,-17.6892261505
1791475618.249766,,,,,,,,,,,,,,,,,,-1.89533317089,-4.2674407959,-0.200797796249,0,-0.217700466514,0.0483278669417,-0.0224604383111,-0.0157118476927,-0.0109399529174,-0.00157122057863,0.0176608562469,-0.217700466514,17.7920913696,3,0,0,8.70308017731,0.151936367154,0.166673764586,0.0870090574026,0.0548906736076,-0.413875192404,1,8,6.873170787e-05,0.21796323359,47.3979706897,8.5461636713,4444000,2.2859125238e-05,1.79147561825e+15,1.79147561825e+15,-2.05010294914,1,1,1.85020327568,3,4.16634130478,0.00661347154528,2,11.406712532,1,4,1,77.8181533813,-17.6899394989,-0.059563331306,1,3,1,,-17.6899394989
1791475618.258841,0,0,0,0,0,0,0,2,0,0,0,0,0,1.79147561826e+15,1.79147561826e+15,1,0,,,,,,,,,,,,,,,,,,,,,,,,,,,,,,,,,,,,,,,,,,,,,,,,,,,0,
1791475618.261700,,,,,,,,,,,,,,,,,,-1.91438555717,-4.31199455261,-0.174112141132,0,-0.217700466514,0.0483278669417,-0.0224604383111,-0.0157118476927,-0.0109399529174,-0.00157122057863,0.0176608562469,-0.217700466514,17.7918834686,3,0,0,8.70509243011,0.152354031801,0.166938737035,0.0872974321246,0.0549531765282,-0.413859754801,1,8,6.87805368216e-05,0.21796323359,47.3979706897,8.5461636713,4444000,2.29028828471e-05,1.79147561825e+15,1.79147561825e+15,-2.05009031296,1,1,1.83345103264,3,4.12839794159,0.00468215998262,2,11.4193534851,1,4,1,77.8465194702,-17.6906490326,-0.0615798942745,1,3,1,,-17.6906490326
1791475618.269681,,,,,,,,,,,,,,,,,,-1.94267320633,-4.37540435791,-0.209668174386,0,-0.217700466514,0.0483278669417,-0.0224604383111,-0.0157118476927,-0.0109399529174,-0.00157122057863,0.0176608562469,-0.217700466514,17.7941875458,3,0,0,8.70709991455,0.151049256325,0.166215792298,0.0863355845213,0.0546889267862,-0.413838535547,1,8,6.88113796059e-05,0.21796323359,47.3979706897,8.5461636713,4444000,2.27702985285e-05,1.79147561826e+15,1.79147561826e+15,-2.05007219315,1,1,1.81628894806,3,4.08954286575,0.00241809850559,2,11.4316558838,1,4,1,77.874130249,-17.6914386749,-0.0639950484037,1,3,1,,-17.6914386749
1791475618.281709,,,,,,,,,,,,,,,,,,-1.99722480774,-4.48672533035,-0.228337466717,0,-0.217700466514,0.0483278669417,-0.0224604383111,-0.0157118476927,-0.0109399529174,-0.00157122057863,0.0176608562469,-0.217700466514,17.7937850952,3,0,0,8.71109676361,0.151874512434,0.166743248701,0.0869171991944,0.0548144951463,-0.41379776597,1,8,6.8892222771e-05,0.21796323359,47.3979706897,8.5461636713,4444000,2.28530589084e-05,1.79147561828e+15,1.79147561828e+15,-2.05003595352,1,1,1.7815387249,3,4.01078748703,-0.00215707416646,2,11.4560003281,1,4,1,77.9287414551,-17.6930084229,-0.0688015520573,1,3,1,,-17.6930084229
1791475618.289808,,,,,,,,,,,,,,,,,,-2.01080822945,-4.53874826431,-0.206714481115,0,-0.217700466514,0.0483278669417,-0.0224604383111,-0.0157118476927,-0.0109399529174,-0.00157122057863,0.0176608562469,-0.217700466514,17.7936382294,3,0,0,8.71308803558,0.152290910482,0.167008027434,0.0872115567327,0.0548771321774,-0.413770109415,1,8,6.89412845531e-05,0.21796323359,47.3979706897,8.5461636713,4444000,2.28965836868e-05,1.79147561829e+15,1.79147561829e+15,-2.05001711845,1,1,1.7640119791,3,3.97092103958,-0.00433565489948,2,11.468038559,1,4,1,77.9557266235,-17.6937923431,-0.0710619166493,1,3,1,,-17.6937923431
1791475618.299151,0,0,0,0,0,0,0,2,0,0,0,0,0,1.7914756183e+15,1.7914756183e+15,1,0,,,,,,,,,,,,,,,,,,,,,,,,,,,,,,,,,,,,,,,,,,,,,,,,,,,0,
1791475618.301805,,,,,,,,,,,,,,,,,,-2.02507352829,-4.58164644241,-0.177098423243,0,-0.217700466514,0.0483278669417,-0.0224604383111,-0.0157118476927,-0.0109399529174,-0.00157122057863,0.0176608562469,-0.217700466514,17.7959117889,3,0,0,8.71507358551,0.150990396738,0.166098624468,0.0862604901195,0.0545928739011,-0.413747251034,1,8,6.89763764967e-05,0.21796323359,47.3979706897,8.5461636713,4444000,2.27607197303e-05,1.79147561829e+15,1.79147561829e+15,-2.05000305176,1,1,1.74616360664,3,3.93029546738,-0.00632458180189,2,11.4797048569,1,4,1,77.9819335938,-17.69465065,-0.0731953904033,1,3,1,,-17.69465065
1791475618.309625,,,,,,,,,,,,,,,,,,-2.06197404861,-4.64648628235,-0.216663330793,0,-0.217700466514,0.0483278669417,-0.0224604383111,-0.0157118476927,-0.0109399529174,-0.00157122057863,0.0176608562469,-0.217700466514,17.7958030701,3,0,0,8.71705150604,0.15140068531,0.166361510754,0.0865580663085,0.0546559467912,-0.413733839989,1,8,6.90255328664e-05,0.21796323359,47.3979706897,8.5461636713,4444000,2.28040480579e-05,1.7914756183e+15,1.7914756183e+15,-2.04999756813,1,1,1.72806513309,3,3.88925909996,-0.00860943924636,2,11.4912757874,1,4,1,78.0079269409,-17.6955051422,-0.0756018385291,1,3,1,,-17.6955051422
1791475618.321761,,,,,,,,,,,,,,,,,,-2.10546731949,-4.75095081329,-0.202996641397,0,-0.217700466514,0.0483278669417,-0.0224604383111,-0.0157118476927,-0.0109399529174,-0.00157122057863,0.0176608562469,-0.217700466514,17.7956199646,3,0,0,8.72099304199,0.152228549123,0.166889414191,0.0871596708894,0.0547818765044,-0.413703620434,1,8,6.91240056767e-05,0.21796323359,47.3979706897,8.5461636713,4444000,2.28906337725e-05,1.79147561832e+15,1.79147561832e+15,-2.0499830246,1,1,1.69147622585,3,3.80628800392,-0.0128368679434,2,11.5141181946,1,4,1,78.0592422485,-17.6972103119,-0.0800065100193,1,3,1,,-17.6972103119
1791475618.329768,,,,,,,,,,,,,,,,,,-2.12942886353,-4.79349946976,-0.174849748611,0,-0.217700466514,0.0483278669417,-0.0224604383111,-0.0157118476927,-0.0109399529174,-0.00157122057863,0.0176608562469,-0.217700466514,17.7983894348,3,0,0,8.72295665741,0.150932252407,0.166167840362,0.0862184539437,0.0545224808156,-0.413680553436,1,8,6.91611930961e-05,0.21796323359,47.3979706897,8.5461636713,4444000,2.27514265134e-05,1.79147561833e+15,1.79147561833e+15,-2.04996824265,1,1,1.67271375656,3,3.76387453079,-0.0147949270904,2,11.5251054764,1,4,1,78.0839996338,-17.6981487274,-0.08211902529,1,3,1,,-17.6981487274
1791475618.338273,0,0,0,0,0,0,0,2,0,0,0,0,0,1.79147561834e+15,1.79147561834e+15,1,0,,,,,,,,,,,,,,,,,,,,,,,,,,,,,,,,,,,,,,,,,,,,,,,,,,,0,
1791475618.341703,,,,,,,,,,,,,,,,,,-2.14248394966,-4.82548093796,-0.111583150923,0,-0.217700466514,0.0483278669417,-0.0224604383111,-0.0157118476927,-0.0109399529174,-0.00157122057863,0.0176608562469,-0.217700466514,17.7983417511,3,0,0,8.72491264343,0.151341319084,0.166430547833,0.0865232869983,0.0545858740807,-0.413662016392,1,8,6.92105386406e-05,0.21796323359,47.3979706897,8.5461636713,4444000,2.27945220104e-05,1.79147561833e+15,1.79147561833e+15,-2.04995656013,1,1,1.65389406681,3,3.72131586075,-0.016226278618,2,11.5359926224,1,4,1,78.1085357666,-17.6990814209,-0.0836813375354,1,3,1,,-17.6990814209
1791475618.349813,,,,,,,,,,,,,,,,,,-2.14931797981,-4.845266819,-0.0681462660432,0,-0.217700466514,0.0483278669417,-0.0224604383111,-0.0157118476927,-0.0109399529174,-0.00157122057863,0.0176608562469,-0.217700466514,17.7982234955,3,0,0,8.72686290741,0.151752606034,0.166693940759,0.0868275761604,0.0546491965652,-0.413643240929,1,8,6.92423927831e-05,0.21796323359,47.3979706897,8.5461636713,4444000,2.28333246923e-05,1.79147561834e+15,1.79147561834e+15,-2.04994487762,1,1,1.63513028622,3,3.67869138718,-0.0172886569053,2,11.5468006134,1,4,1,78.1328353882,-17.7000026703,-0.0848491862416,1,3,1,,-17.7000026703
1791475618.361689,,,,,,,,,,,,,,,,,,-2.16608309746,-4.88872623444,0.0525810718536,0,-0.217700466514,0.0483278669417,-0.0224604383111,-0.0157118476927,-0.0109399529174,-0.00157122057863,0.0176608562469,-0.217700466514,17.800737381,3,0,0,8.73074913025,0.150874346495,0.166050776839,0.0862061902881,0.0544334277511,-0.413605093956,1,8,6.93286056048e-05,0.21796323359,47.3979706897,8.5461636713,4444000,2.27335985983e-05,1.79147561836e+15,1.79147561836e+15,-2.04993629456,1,1,1.59729671478,3,3.59264779091,-0.0180067867041,2,11.5678377151,1,4,1,78.1801757813,-17.701877594,-0.0857963487506,1,3,1,,-17.701877594
1791475618.369840,,,,,,,,,,,,,,,,,,-2.17225527763,-4.90048027039,0.128881067038,0,-0.217700466514,0.0483278669417,-0.0224604383111,-0.0157118476927,-0.0109399529174,-0.00157122057863,0.0176608562469,-0.217700466514,17.8007488251,3,0,0,8.73268127441,0.151282206178,0.166312992573,0.0865182876587,0.054497346282,-0.413574099541,1,8,6.93780675647e-05,0.21796323359,47.3979706897,8.5461636713,4444000,2.27764667216e-05,1.79147561837e+15,1.79147561837e+15,-2.04991865158,1,1,1.57824087143,3,3.54938840866,-0.0174938347191,2,11.5780677795,1,4,1,78.2032165527,-17.7028274536,-0.0854098200798,1,3,1,,-17.7028274536
1791475618.381998,0,0,0,0,0,0,0,2,0,0,0,0,0,1.79147561838e+15,1.79147561838e+15,1,0,-2.17405700684,-4.90303230286,0.213612794876,0,-0.217700466514,0.0483278669417,-0.0224604383111,-0.0157118476927,-0.0109399529174,-0.00157122057863,0.0176608562469,-0.217700466514,17.8007717133,3,0,0,8.73460865021,0.151692509651,0.166575908661,0.0868335440755,0.054561201483,-0.413555085659,1,8,6.9427616836e-05,0.21796323359,47.3979706897,8.5461636713,4444000,2.28193275689e-05,1.79147561837e+15,1.79147561837e+15,-2.04991292953,1,1,1.55921709538,3,3.50621891022,-0.0162833761424,2,11.5881967545,1,4,1,78.2260284424,-17.703748703,-0.084303021431,1,3,1,0,-17.703748703
1791475618.389550,,,,,,,,,,,,,,,,,,-2.17501115799,-4.90560817719,0.287946283817,0,-0.217700466514,0.0483278669417,-0.0224604383111,-0.0157118476927,-0.0109399529174,-0.00157122057863,0.0176608562469,-0.217700466514,17.8008060455,3,0,0,8.73653125763,0.152105227113,0.166839525104,0.0871510356665,0.0546250678599,-0.413530439138,1,8,6.94771661074e-05,0.21796323359,47.3979706897,8.5461636713,4444000,2.28621538554e-05,1.79147561838e+15,1.79147561838e+15,-2.04990148544,1,1,1.54023098946,3,3.4631357193,-0.0144592327997,2,11.5982217789,1,4,1,78.2486038208,-17.7046394348,-0.0825605168939,1,3,1,,-17.7046394348
1791475618.401775,,,,,,,,,,,,,,,,,,-2.1777613163,-4.90273618698,0.41157796979,0,-0.217700466514,0.0483278669417,-0.0224604383111,-0.0157118476927,-0.0109399529174,-0.00157122057863,0.0176608562469,-0.217700466514,17.8034896851,3,0,0,8.74036026001,0.151216968894,0.166379123926,0.0865387022495,0.0544332563877,-0.413486510515,1,8,6.95596027072e-05,0.21796323359,47.3979706897,8.5461636713,4444000,2.27550372074e-05,1.7914756184e+15,1.7914756184e+15,-2.04988408089,1,1,1.50204217434,3,3.37668585777,-0.009332831949,2,11.617682457,1,4,1,78.2924804688,-17.7063922882,-0.0776218771935,1,3,1,,-17.7063922882
1791475618.409590,,,,,,,,,,,,,,,,,,-2.16993546486,-4.88988637924,0.474042236805,0,-0.217700466514,0.0483278669417,-0.0224604383111,-0.0157118476927,-0.0109399529174,-0.00157122057863,0.0176608562469,-0.217700466514,17.8035736084,3,0,0,8.74226379395,0.151626005769,0.166641816497,0.0868618041277,0.054497782141,-0.413467377424,1,8,6.96092538419e-05,0.21796323359,47.3979706897,8.5461636713,4444000,2.2797677957e-05,1.79147561841e+15,1.79147561841e+15,-2.04987668991,1,1,1.48298239708,3,3.33353066444,-0.00601797318086,2,11.6271209717,1,4,1,78.3137817383,-17.707244873,-0.0744114220142,1,3,1,,-17.707244873
1791475618.418592,0,0,0,0,0,0,0,2,0,0,0,0,0,1.79147561842e+15,1.79147561842e+15,1,0,,,,,,,,,,,,,,,,,,,,,,,,,,,,,,,,,,,,,,,,,,,,,,,,,,,0,
1791475618.421512,,,,,,,,,,,,,,,,,,-2.17059421539,-4.89131593704,0.52955275774,0,-0.217700466514,0.0483278669417,-0.0224604383111,-0.0157118476927,-0.0109399529174,-0.00157122057863,0.0176608562469,-0.217700466514,17.8035564423,3,0,0,8.74416255951,0.152037233114,0.166717454791,0.087185241282,0.0545399151742,-0.413452595472,1,8,6.96410061209e-05,0.21796323359,47.3979706897,8.5461636713,4444000,2.28360386245e-05,1.79147561841e+15,1.79147561841e+15,-2.04987359047,1,1,1.46404123306,3,3.29045391083,-0.00223890831694,2,11.6364850998,1,4,1,78.334854126,-17.7080440521,-0.0707108005881,1,3,1,,-17.7080440521
1791475618.429797,,,,,,,,,,,,,,,,,,-2.16959547997,-4.87625646591,0.573299348354,0,-0.217700466514,0.0483278669417,-0.0224604383111,-0.0157118476927,-0.0109399529174,-0.00157122057863,0.0176608562469,-0.217700466514,17.8036632538,3,0,0,8.74605560303,0.152451142669,0.166981250048,0.0875142067671,0.0546045154333,-0.413428336382,1,8,6.96906863595e-05,0.21796323359,47.3979706897,8.5461636713,4444000,2.28786448133e-05,1.79147561842e+15,1.79147561842e+15,-2.04986977577,1,1,1.44515275955,3,3.24760460854,0.00190818309784,2,11.6457481384,1,4,1,78.3556976318,-17.7087917328,-0.0666207894683,1,3,1,,-17.7087917328
1791475618.441843,,,,,,,,,,,,,,,,,,-2.14830827713,-4.84991931915,0.650729954243,0,-0.217700466514,0.0483278669417,-0.0224604383111,-0.0157118476927,-0.0109399529174,-0.00157122057863,0.0176608562469,-0.217700466514,17.8063354492,3,0,0,8.74982452393,0.151559889317,0.166521027684,0.0869237631559,0.054417219013,-0.413382053375,1,8,6.97670984664e-05,0.21796323359,47.3979706897,8.5461636713,4444000,2.27674809139e-05,1.79147561844e+15,1.79147561844e+15,-2.04986286163,1,1,1.40730166435,3,3.16147851944,0.0110853342339,2,11.6634311676,1,4,1,78.3955535889,-17.7102775574,-0.0576566010714,1,3,1,,-17.7102775574
1791475618.449928,,,,,,,,,,,,,,,,,,-2.1451010704,-4.83310317993,0.685802638531,0,-0.217700466514,0.0483278669417,-0.0224604383111,-0.0157118476927,-0.0109399529174,-0.00157122057863,0.0176608562469,-0.217700466514,17.8064918518,3,0,0,8.75169944763,0.151970133185,0.166783899069,0.087258733809,0.0544826351106,-0.413350582123,1,8,6.98168296367e-05,0.21796323359,47.3979706897,8.5461636713,4444000,2.28099033848e-05,1.79147561845e+15,1.79147561845e+15,-2.04984998703,1,1,1.38850522041,3,3.1187889576,0.016141237691,2,11.6721258163,1,4,1,78.4151382446,-17.710931778,-0.0526737309992,1,3,1,,-17.710931778
1791475618.458874,0,0,0,0,0,0,0,2,0,0,0,0,0,1.79147561846e+15,1.79147561846e+15,1,0,,,,,,,,,,,,,,,,,,,,,,,,,,,,,,,,,,,,,,,,,,,,,,,,,,,0,
1791475618.461584,,,,,,,,,,,,,,,,,,-2.13725161552,-4.81423664093,0.7158857584,0,-0.217700466514,0.0483278669417,-0.0224604383111,-0.0157118476927,-0.0109399529174,-0.00157122057863,0.0176608562469,-0.217700466514,17.8066596985,3,0,0,8.75356864929,0.152382835746,0.167047470808,0.0875974297523,0.0545480959117,-0.413318991661,1,8,6.98665899108e-05,0.21796323359,47.3979706897,8.5461636713,4444000,2.28523076657e-05,1.79147561845e+15,1.79147561845e+15,-2.04983687401,1,1,1.36981773376,3,3.07635974884,0.0214554183185,2,11.6807222366,1,4,1,78.4345016479,-17.711523056,-0.0474112741649,1,3,1,,-17.711523056
1791475618.469879,,,,,,,,,,,,,,,,,,-2.12604880333,-4.79344320297,0.731946408749,0,-0.217700466514,0.0483278669417,-0.0224604383111,-0.0157118476927,-0.0109399529174,-0.00157122057863,0.0176608562469,-0.217700466514,17.8089485168,3,0,0,8.75543308258,0.151088014245,0.166324347258,0.086681433022,0.0542978942394,-0.413295954466,1,8,6.98843286955e-05,0.21796323359,47.3979706897,8.5461636713,4444000,2.2694850486e-05,1.79147561846e+15,1.79147561846e+15,-2.04983210564,1,1,1.35100960732,3,3.03370070457,0.0268788151443,2,11.6889362335,1,4,1,78.453086853,-17.7121219635,-0.0420899949968,1,3,1,,-17.7121219635
1791475618.481785,,,,,,,,,,,,,,,,,,-2.1056303978,-4.74555969238,0.747902274132,0,-0.217700466514,0.0483278669417,-0.0224604383111,-0.0157118476927,-0.0109399529174,-0.00157122057863,0.0176608562469,-0.217700466514,17.8093357086,3,0,0,8.75914096832,0.151903659105,0.16666200757,0.0873686149716,0.054408416152,-0.41324865818,1,8,6.99838346918e-05,0.21796323359,47.3979706897,8.5461636713,4444000,2.27792552323e-05,1.79147561848e+15,1.79147561848e+15,-2.04981732368,1,1,1.31380081177,3,2.9492828846,0.0379707664251,2,11.705080986,1,4,1,78.4895935059,-17.7131195068,-0.0311341453344,1,3,1,,-17.7131195068
1791475618.489741,,,,,,,,,,,,,,,,,,-2.09879994392,-4.71297550201,0.753378450871,0,-0.217700466514,0.0483278669417,-0.0224604383111,-0.0157118476927,-0.0109399529174,-0.00157122057863,0.0176608562469,-0.217700466514,17.8095550537,3,0,0,8.7609872818,0.152315199375,0.166925057769,0.0877147167921,0.0544749796391,-0.41322478652,1,8,7.00336386217e-05,0.21796323359,47.3979706897,8.5461636713,4444000,2.28214721574e-05,1.79147561849e+15,1.79147561849e+15,-2.04980945587,1,1,1.29535782337,3,2.90760970116,0.0436184667051,2,11.7130117416,1,4,1,78.5075302124,-17.7135219574,-0.0255227535963,1,3,1,,-17.7135219574
1791475618.498050,0,0,0,0,0,0,0,2,0,0,0,0,0,1.7914756185e+15,1.7914756185e+15,1,0,,,,,,,,,,,,,,,,,,,,,,,,,,,,,,,,,,,,,,,,,,,,,,,,,,,0,
1791475618.501562,,,,,,,,,,,,,,,,,,-2.07453846931,-4.68896865845,0.753274619579,0,-0.217700466514,0.0483278669417,-0.0224604383111,-0.0157118476927,-0.0109399529174,-0.00157122057863,0.0176608562469,-0.217700466514,17.8116436005,3,0,0,8.76282787323,0.151024505496,0.166204243898,0.0868028923869,0.0542279593647,-0.413208663464,1,8,7.00396776665e-05,0.21796323359,47.3979706897,8.5461636713,4444000,2.2660173272e-05,1.79147561849e+15,1.79147561849e+15,-2.04980874062,1,1,1.27689766884,3,2.86573982239,0.0492547191679,2,11.7205629349,1,4,1,78.5246887207,-17.7139186859,-0.0199648719281,1,3,1,,-17.7139186859
1791475618.509619,,,,,,,,,,,,,,,,,,-2.07464051247,-4.65552282333,0.740239322186,0,-0.217700466514,0.0483278669417,-0.0224604383111,-0.0157118476927,-0.0109399529174,-0.00157122057863,0.0176608562469,-0.217700466514,17.811876297,3,0,0,8.76466083527,0.151429951191,0.166465699673,0.087150581181,0.0542954541743,-0.413192510605,1,8,7.00894888723e-05,0.21796323359,47.3979706897,8.5461636713,4444000,2.27022483159e-05,1.7914756185e+15,1.7914756185e+15,-2.04980611801,1,1,1.25848853588,3,2.82425570488,0.0548040121794,2,11.7280244827,1,4,1,78.5416412354,-17.7142505646,-0.0144722051919,1,3,1,,-17.7142505646
1791475618.521941,,,,,,,,,,,,,,,,,,-2.04045271873,-4.59063482285,0.723810851574,0,-0.217700466514,0.0483278669417,-0.0224604383111,-0.0157118476927,-0.0109399529174,-0.00157122057863,0.0176608562469,-0.217700466514,17.8123264313,3,0,0,8.76831150055,0.152248248458,0.166990682483,0.0878491401672,0.0544310174882,-0.41315561533,1,8,7.01891403878e-05,0.21796323359,47.3979706897,8.5461636713,4444000,2.27863638429e-05,1.79147561852e+15,1.79147561852e+15,-2.04979491234,1,1,1.22231507301,3,2.74239754677,0.06578604877,2,11.7426776886,1,4,1,78.5749206543,-17.7147197723,-0.0035409599077,1,3,1,,-17.7147197723
1791475618.529692,,,,,,,,,,,,,,,,,,-2.02294111252,-4.54962968826,0.708433270454,0,-0.217700466514,0.0483278669417,-0.0224604383111,-0.0157118476927,-0.0109399529174,-0.00157122057863,0.0176608562469,-0.217700466514,17.8139038086,3,0,0,8.7701292038,0.150961622596,0.166269168258,0.0869366303086,0.0541865639389,-0.413137197495,1,8,7.01809476595e-05,0.21796323359,47.3979706897,8.5461636713,4444000,2.26215197472e-05,1.79147561853e+15,1.79147561853e+15,-2.04978871346,1,1,1.20420718193,3,2.70159196854,0.0711146071553,2,11.7495822906,1,4,1,78.5906906128,-17.7149047852,0.00174682005309,1,3,1,,-17.7149047852
1791475618.539034,0,0,0,0,0,0,0,2,0,0,0,0,0,1.79147561854e+15,1.79147561854e+15,1,0,-1.99553871155,-4.50973558426,0.699923336506,0,-0.217700466514,0.0483278669417,-0.0224604383111,-0.0157118476927,-0.0109399529174,-0.00157122057863,0.0176608562469,-0.217700466514,17.8140449524,3,0,0,8.77194023132,0.151365891099,0.166343927383,0.0872859358788,0.054233379662,-0.413123726845,1,8,7.02307370375e-05,0.21796323359,47.3979706897,8.5461636713,4444000,2.26633928833e-05,1.79147561853e+15,1.79147561853e+15,-2.0497853756,1,1,1.18637168407,3,2.66122555733,0.0763918161392,2,11.7564020157,1,4,1,78.6062698364,-17.7150230408,0.00700566731393,1,3,1,0,-17.7150230408
1791475618.549901,,,,,,,,,,,,,,,,,,-1.98031997681,-4.47046279907,0.675526380539,0,-0.217700466514,0.0483278669417,-0.0224604383111,-0.0157118476927,-0.0109399529174,-0.00157122057863,0.0176608562469,-0.217700466514,17.8142185211,3,0,0,8.7737455368,0.151772662997,0.166605561972,0.0876364856958,0.0543024837971,-0.413108050823,1,8,7.02805700712e-05,0.21796323359,47.3979706897,8.5461636713,4444000,2.27053387789e-05,1.79147561854e+15,1.79147561854e+15,-2.04977941513,1,1,1.16870951653,3,2.62128973007,0.0814897418022,2,11.7631378174,1,4,1,78.6216430664,-17.7150821686,0.0121051063761,1,3,1,,-17.7150821686
1791475618.561632,,,,,,,,,,,,,,,,,,-1.94702994823,-4.3938741684,0.631119549274,0,-0.217700466514,0.0483278669417,-0.0224604383111,-0.0157118476927,-0.0109399529174,-0.00157122057863,0.0176608562469,-0.217700466514,17.8155231476,3,0,0,8.77734184265,0.150899276137,0.166148692369,0.0870737731457,0.0541305355728,-0.413068860769,1,8,7.03059777152e-05,0.21796323359,47.3979706897,8.5461636713,4444000,2.25793828577e-05,1.79147561856e+15,1.79147561856e+15,-2.04975867271,1,1,1.13369226456,3,2.54221582413,0.0912262797356,2,11.7760753632,1,4,1,78.6512680054,-17.7150535583,0.0218677036464,1,3,1,,-17.7150535583
1791475618.569713,,,,,,,,,,,,,,,,,,-1.92820036411,-4.33826684952,0.608633220196,0,-0.217700466514,0.0483278669417,-0.0224604383111,-0.0157118476927,-0.0109399529174,-0.00157122057863,0.0176608562469,-0.217700466514,17.8156108856,3,0,0,8.77913093567,0.151302441955,0.166409447789,0.0874252915382,0.0542008690536,-0.413050174713,1,8,7.03558107489e-05,0.21796323359,47.3979706897,8.5461636713,4444000,2.26212614507e-05,1.79147561857e+15,1.79147561857e+15,-2.0497469902,1,1,1.11635088921,3,2.50319194794,0.0958278700709,2,11.782283783,1,4,1,78.6655273438,-17.714969635,0.0264937710017,1,3,1,,-17.714969635
1791475618.578804,0,0,0,0,0,0,0,2,0,0,0,0,0,1.79147561858e+15,1.79147561858e+15,1,0,,,,,,,,,,,,,,,,,,,,,,,,,,,,,,,,,,,,,,,,,,,,,,,,,,,0,
1791475618.581648,,,,,,,,,,,,,,,,,,-1.90730679035,-4.29545593262,0.591659426689,0,-0.217700466514,0.0483278669417,-0.0224604383111,-0.0157118476927,-0.0109399529174,-0.00157122057863,0.0176608562469,-0.217700466514,17.8156604767,3,0,0,8.78091526031,0.151708081365,0.166670888662,0.0877779573202,0.0542714297771,-0.413041561842,1,8,7.04056947143e-05,0.21796323359,47.3979706897,8.5461636713,4444000,2.26631746045e-05,1.79147561857e+15,1.79147561857e+15,-2.04974508286,1,1,1.09922873974,3,2.46462750435,0.100308589637,2,11.7884120941,1,4,1,78.6796035767,-17.7148303986,0.0310174729675,1,3,1,,-17.7148303986
1791475618.589543,,,,,,,,,,,,,,,,,,-1.89145827293,-4.2462682724,0.553668916225,0,-0.217700466514,0.0483278669417,-0.0224604383111,-0.0157118476927,-0.0109399529174,-0.00157122057863,0.0176608562469,-0.217700466514,17.8156719208,3,0,0,8.78269481659,0.152116209269,0.166933000088,0.0881318897009,0.0543422140181,-0.413036733866,1,8,7.04556150595e-05,0.21796323359,47.3979706897,8.5461636713,4444000,2.27051132242e-05,1.79147561858e+15,1.79147561858e+15,-2.04974651337,1,1,1.08228421211,3,2.42656993866,0.104499869049,2,11.794462204,1,4,1,78.6934890747,-17.7146396637,0.0352695509791,1,3,1,,-17.7146396637
1791475618.601836,,,,,,,,,,,,,,,,,,-1.84593987465,-4.15154075623,0.51007181406,0,-0.217700466514,0.0483278669417,-0.0224604383111,-0.0157118476927,-0.0109399529174,-0.00157122057863,0.0176608562469,-0.217700466514,17.8159236908,3,0,0,8.78623867035,0.151239514351,0.166287973523,0.0875714123249,0.0541532561183,-0.413011908531,1,8,7.04629856045e-05,0.21796323359,47.3979706897,8.5461636713,4444000,2.25764197239e-05,1.7914756186e+15,1.7914756186e+15,-2.04973101616,1,1,1.04861879349,3,2.35103464127,0.112398661673,2,11.8058176041,1,4,1,78.7197265625,-17.7141246796,0.0433188788593,1,3,1,,-17.7141246796
1791475618.609588,,,,,,,,,,,,,,,,,,-1.81831336021,-4.10048532486,0.492826551199,0,-0.217700466514,0.0483278669417,-0.0224604383111,-0.0157118476927,-0.0109399529174,-0.00157122057863,0.0176608562469,-0.217700466514,17.8158016205,3,0,0,8.78800296783,0.151644065976,0.166548922658,0.0879272073507,0.0542252846062,-0.412993133068,1,8,7.05129641574e-05,0.21796323359,47.3979706897,8.5461636713,4444000,2.26183874474e-05,1.79147561861e+15,1.79147561861e+15,-2.04971504211,1,1,1.03218483925,3,2.31403827667,0.116147510707,2,11.8113851547,1,4,1,78.7325897217,-17.7137947083,0.0471679717302,1,3,1,,-17.7137947083
1791475618.618124,0,0,0,0,0,0,0,2,0,0,0,0,0,1.79147561862e+15,1.79147561862e+15,1,0,,,,,,,,,,,,,,,,,,,,,,,,,,,,,,,,,,,,,,,,,,,,,,,,,,,0,
1791475618.621668,,,,,,,,,,,,,,,,,,-1.79694747925,-4.04403591156,0.46451061964,0,-0.217700466514,0.0483278669417,-0.0224604383111,-0.0157118476927,-0.0109399529174,-0.00157122057863,0.0176608562469,-0.217700466514,17.8156299591,3,0,0,8.78976345062,0.152051120996,0.166810557246,0.0882845073938,0.0542975328863,-0.412977665663,1,8,7.05629936419e-05,0.21796323359,47.3979706897,8.5461636713,4444000,2.26604079216e-05,1.79147561861e+15,1.79147561861e+15,-2.04970216751,1,1,1.0159727335,3,2.27760624886,0.119683124125,2,11.8168802261,1,4,1,78.7452774048,-17.7134170532,0.0508197359741,1,3,1,,-17.7134170532
1791475618.629831,,,,,,,,,,,,,,,,,,-1.779494524,-4.00646829605,0.435507357121,0,-0.217700466514,0.0483278669417,-0.0224604383111,-0.0157118476927,-0.0109399529174,-0.00157122057863,0.0176608562469,-0.217700466514,17.8160705566,3,0,0,8.79151916504,0.150776103139,0.166092947125,0.0873691961169,0.0540613718331,-0.412961602211,1,8,7.05010606907e-05,0.21796323359,47.3979706897,8.5461636713,4444000,2.24876221182e-05,1.79147561862e+15,1.79147561862e+15,-2.04968833923,1,1,0.999724268913,3,2.24115777016,0.123001649976,2,11.8220491409,1,4,1,78.7573165894,-17.7130146027,0.0542487762868,1,3,1,,-17.7130146027
1791475618.641459,,,,,,,,,,,,,,,,,,-1.73531603813,-3.89617466927,0.38806951046,0,-0.217700466514,0.0483278669417,-0.0224604383111,-0.0157118476927,-0.0109399529174,-0.00157122057863,0.0176608562469,-0.217700466514,17.8154830933,3,0,0,8.79501533508,0.151580676436,0.166613832116,0.0880881994963,0.0542079918087,-0.412920534611,1,8,7.06011996954e-05,0.21796323359,47.3979706897,8.5461636713,4444000,2.25717612921e-05,1.79147561864e+15,1.79147561864e+15,-2.04964733124,1,1,0.967916786671,3,2.16999006271,0.129082247615,2,11.8321828842,1,4,1,78.780921936,-17.7120857239,0.0605963952839,1,3,1,,-17.7120857239
1791475618.649567,,,,,,,,,,,,,,,,,,-1.70739543438,-3.84604310989,0.361281424761,0,-0.217700466514,0.0483278669417,-0.0224604383111,-0.0157118476927,-0.0109399529174,-0.00157122057863,0.0176608562469,-0.217700466514,17.8151130676,3,0,0,8.79675769806,0.151986718178,0.166875302792,0.0884501039982,0.0542816184461,-0.412897497416,1,8,7.0651381975e-05,0.21796323359,47.3979706897,8.5461636713,4444000,2.26139418373e-05,1.79147561865e+15,1.79147561865e+15,-2.0496237278,1,1,0.952402055264,3,2.13516902924,0.131844490767,2,11.8371496201,1,4,1,78.7924880981,-17.7115592957,0.0635140836239,1,3,1,,-17.7115592957
1791475618.658724,0,0,0,0,0,0,0,2,0,0,0,0,0,1.79147561866e+15,1.79147561866e+15,1,0,,,,,,,,,,,,,,,,,,,,,,,,,,,,,,,,,,,,,,,,,,,,,,,,,,,0,
1791475618.661793,,,,,,,,,,,,,,,,,,-1.69020676613,-3.78702926636,0.332844436169,0,-0.217700466514,0.0483278669417,-0.0224604383111,-0.0157118476927,-0.0109399529174,-0.00157122057863,0.0176608562469,-0.217700466514,17.8144683838,3,0,0,8.79849624634,0.152395293117,0.166948929429,0.0888138115406,0.0543331243098,-0.412881761789,1,8,7.07016661181e-05,0.21796323359,47.3979706897,8.5461636713,4444000,2.26561605814e-05,1.79147561865e+15,1.79147561865e+15,-2.0496070385,1,1,0.937074184418,3,2.100928545,0.134392276406,2,11.8420495987,1,4,1,78.803894043,-17.7109870911,0.0662385299802,1,3,1,,-17.7109870911
1791475618.669641,,,,,,,,,,,,,,,,,,-1.66811394691,-3.73781132698,0.305463552475,0,-0.217700466514,0.0483278669417,-0.0224604383111,-0.0157118476927,-0.0109399529174,-0.00157122057863,0.0176608562469,-0.217700466514,17.8144931793,3,0,0,8.80023097992,0.151108637452,0.166229173541,0.0878838449717,0.0540983043611,-0.412865400314,1,8,7.06127175363e-05,0.21796323359,47.3979706897,8.5461636713,4444000,2.24779359996e-05,1.79147561866e+15,1.79147561866e+15,-2.0495891571,1,1,0.921753406525,3,2.06680488586,0.136738166213,2,11.8466386795,1,4,1,78.8147125244,-17.7103977203,0.0687589868903,1,3,1,,-17.7103977203
1791475618.681818,,,,,,,,,,,,,,,,,,-1.61106348038,-3.62995672226,0.256155133247,0,-0.217700466514,0.0483278669417,-0.0224604383111,-0.0157118476927,-0.0109399529174,-0.00157122057863,0.0176608562469,-0.217700466514,17.8134078979,3,0,0,8.80368709564,0.151916205883,0.166750490665,0.0886158794165,0.0542480163276,-0.412840753794,1,8,7.07133876858e-05,0.21796323359,47.3979706897,8.5461636713,4444000,2.25626554311e-05,1.79147561868e+15,1.79147561868e+15,-2.04955768585,1,1,0.891949594021,3,2.00020599365,0.140930175781,2,11.8556346893,1,4,1,78.8359069824,-17.7091140747,0.0733392164111,1,3,1,,-17.7091140747
1791475618.689672,,,,,,,,,,,,,,,,,,-1.59151685238,-3.57293343544,0.240507051349,0,-0.217700466514,0.0483278669417,-0.0224604383111,-0.0157118476927,-0.0109399529174,-0.00157122057863,0.0176608562469,-0.217700466514,17.812795639,3,0,0,8.80540943146,0.15232385695,0.167012184858,0.0889841392636,0.0543231479824,-0.41282004118,1,8,7.07638610038e-05,0.21796323359,47.3979706897,8.5461636713,4444000,2.26051542995e-05,1.79147561869e+15,1.79147561869e+15,-2.04953289032,1,1,0.877393960953,3,1.96773028374,0.142788231373,2,11.860042572,1,4,1,78.8462982178,-17.7084255219,0.07540987432,1,3,1,,-17.7084255219
1791475618.698209,0,0,0,0,0,0,0,2,0,0,0,0,0,1.7914756187e+15,1.7914756187e+15,1,0,,,,,,,,,,,,,,,,,,,,,,,,,,,,,,,,,,,,,,,,,,,,,,,,,,,0,
1791475618.701619,,,,,,,,,,,,,,,,,,-1.56798160076,-3.52861046791,0.212061673403,0,-0.217700466514,0.0483278669417,-0.0224604383111,-0.0157118476927,-0.0109399529174,-0.00157122057863,0.0176608562469,-0.217700466514,17.8129806519,3,0,0,8.80712795258,0.151040822268,0.166291758418,0.088053509593,0.054089974612,-0.412804573774,1,8,7.06536084181e-05,0.21796323359,47.3979706897,8.5461636713,4444000,2.24253908527e-05,1.79147561869e+15,1.79147561869e+15,-2.04951334,1,1,0.862870573997,3,1.93536567688,0.144431293011,2,11.8641614914,1,4,1,78.8561401367,-17.7077331543,0.0772505030036,1,3,1,,-17.7077331543
1791475618.709574,,,,,,,,,,,,,,,,,,-1.5463950634,-3.47389817238,0.185289412737,0,-0.217700466514,0.0483278669417,-0.0224604383111,-0.0157118476927,-0.0109399529174,-0.00157122057863,0.0176608562469,-0.217700466514,17.8122768402,3,0,0,8.808842659,0.151442423463,0.166551917791,0.0884231254458,0.0541659258306,-0.412797451019,1,8,7.07041253918e-05,0.21796323359,47.3979706897,8.5461636713,4444000,2.24679752137e-05,1.7914756187e+15,1.7914756187e+15,-2.04949975014,1,1,0.848571836948,3,1.90354895592,0.145869836211,2,11.8682250977,1,4,1,78.8658447266,-17.7070140839,0.0788988173008,1,3,1,,-17.7070140839
1791475618.721518,,,,,,,,,,,,,,,,,,-1.49879574776,-3.36062693596,0.148774117231,0,-0.217700466514,0.0483278669417,-0.0224604383111,-0.0157118476927,-0.0109399529174,-0.00157122057863,0.0176608562469,-0.217700466514,17.8109722137,3,0,0,8.81226158142,0.152253359556,0.166886597872,0.0891673192382,0.0542962662876,-0.412760436535,1,8,7.08054794814e-05,0.21796323359,47.3979706897,8.5461636713,4444000,2.2553394956e-05,1.79147561872e+15,1.79147561872e+15,-2.04944944382,1,1,0.820625305176,3,1.84155333042,0.14830750227,2,11.8761882782,1,4,1,78.8848724365,-17.7055130005,0.0817759931087,1,3,1,,-17.7055130005
1791475618.729867,,,,,,,,,,,,,,,,,,-1.48090517521,-3.31098008156,0.13452860713,0,-0.217700466514,0.0483278669417,-0.0224604383111,-0.0157118476927,-0.0109399529174,-0.00157122057863,0.0176608562469,-0.217700466514,17.8108787537,3,0,0,8.81396579742,0.150973692536,0.166168481112,0.0882347971201,0.0540651120245,-0.412751913071,1,8,7.06737409928e-05,0.21796323359,47.3979706897,8.5461636713,4444000,2.23722636292e-05,1.79147561873e+15,1.79147561873e+15,-2.04943370819,1,1,0.806790173054,3,1.81103515625,0.149369418621,2,11.8798656464,1,4,1,78.8938217163,-17.704750061,0.0830514058471,1,3,1,,-17.704750061
1791475618.739435,0,0,0,0,0,0,0,2,0,0,0,0,0,1.79147561874e+15,1.79147561874e+15,1,0,-1.45159029961,-3.25741004944,0.11578900367,0,-0.217700466514,0.0483278669417,-0.0224604383111,-0.0157118476927,-0.0109399529174,-0.00157122057863,0.0176608562469,-0.217700466514,17.81001091,3,0,0,8.81566619873,0.151374489069,0.166428223252,0.0886086672544,0.0541421510279,-0.412737131119,1,8,7.07244544174e-05,0.21796323359,47.3979706897,8.5461636713,4444000,2.24151190196e-05,1.79147561873e+15,1.79147561873e+15,-2.0494093895,1,1,0.79324144125,3,1.78105270863,0.150289669633,2,11.8834934235,1,4,1,78.9026412964,-17.703962326,0.0841965898871,1,3,1,0,-17.703962326
1791475618.749795,,,,,,,,,,,,,,,,,,-1.42464983463,-3.20788002014,0.110870689154,0,-0.217700466514,0.0483278669417,-0.0224604383111,-0.0157118476927,-0.0109399529174,-0.00157122057863,0.0176608562469,-0.217700466514,17.8091068268,3,0,0,8.81736373901,0.151777908206,0.166688650846,0.0889839008451,0.0542193166912,-0.41272687912,1,8,7.07752624294e-05,0.21796323359,47.3979706897,8.5461636713,4444000,2.24580799113e-05,1.79147561874e+15,1.79147561874e+15,-2.04938912392,1,1,0.779958665371,3,1.75157094002,0.151178359985,2,11.8870735168,1,4,1,78.9113540649,-17.7031536102,0.0853211954236,1,3,1,,-17.7031536102
1791475618.761528,,,,,,,,,,,,,,,,,,-1.38128423691,-3.10947036743,0.0619417950511,0,-0.217700466514,0.0483278669417,-0.0224604383111,-0.0157118476927,-0.0109399529174,-0.00157122057863,0.0176608562469,-0.217700466514,17.8077449799,3,0,0,8.82075023651,0.150907352567,0.166230946779,0.0884245634079,0.0540665313601,-0.412692695856,1,8,7.067318802e-05,0.21796323359,47.3979706897,8.5461636713,4444000,2.23188108066e-05,1.79147561876e+15,1.79147561876e+15,-2.04933476448,1,1,0.753826081753,3,1.69383442402,0.152380391955,2,11.8938770294,1,4,1,78.9280700684,-17.7014904022,0.0870092734694,1,3,1,,-17.7014904022
1791475618.769952,,,,,,,,,,,,,,,,,,-1.35571086407,-3.05571603775,0.0512022487819,0,-0.217700466514,0.0483278669417,-0.0224604383111,-0.0157118476927,-0.0109399529174,-0.00157122057863,0.0176608562469,-0.217700466514,17.8066749573,3,0,0,8.82243824005,0.151307240129,0.166490569711,0.0887965485454,0.0541444569826,-0.412682652473,1,8,7.07050785422e-05,0.21796323359,47.3979706897,8.5461636713,4444000,2.23583738261e-05,1.79147561877e+15,1.79147561877e+15,-2.04931211472,1,1,0.741136729717,3,1.66554999352,0.152819186449,2,11.8971347809,1,4,1,78.9360809326,-17.7006378174,0.0876998975873,1,3,1,,-17.7006378174
1791475618.778838,0,0,0,0,0,0,0,2,0,0,0,0,0,1.79147561878e+15,1.79147561878e+15,1,0,,,,,,,,,,,,,,,,,,,,,,,,,,,,,,,,,,,,,,,,,,,,,,,,,,,0,
1791475618.781785,,,,,,,,,,,,,,,,,,-1.33801186085,-3.00119042397,0.0306898709387,0,-0.217700466514,0.0483278669417,-0.0224604383111,-0.0157118476927,-0.0109399529174,-0.00157122057863,0.0176608562469,-0.217700466514,17.805437088,3,0,0,8.82412338257,0.151709988713,0.166563659906,0.0891744419932,0.0542005077004,-0.412659347057,1,8,7.07560466253e-05,0.21796323359,47.3979706897,8.5461636713,4444000,2.24015857384e-05,1.79147561877e+15,1.79147561877e+15,-2.04928350449,1,1,0.728637397289,3,1.63780391216,0.153101474047,2,11.9003505707,1,4,1,78.9439849854,-17.6997623444,0.0882503315806,1,3,1,,-17.6997623444
1791475618.790083,,,,,,,,,,,,,,,,,,-1.31861233711,-2.96100878716,0.017250886187,0,-0.217700466514,0.0483278669417,-0.0224604383111,-0.0157118476927,-0.0109399529174,-0.00157122057863,0.0176608562469,-0.217700466514,17.8043708801,3,0,0,8.82580661774,0.152115434408,0.166824400425,0.0895534083247,0.0542786456645,-0.412640929222,1,8,7.08071165718e-05,0.21796323359,47.3979706897,8.5461636713,4444000,2.24449468078e-05,1.79147561878e+15,1.79147561878e+15,-2.04925990105,1,1,0.71634042263,3,1.61047852039,0.15328207612,2,11.9035243988,1,4,1,78.9517822266,-17.6988697052,0.088708229363,1,3,1,,-17.6988697052
1791475618.806149,,,,,,,,,,,,,,,,,,-1.27113509178,-2.85385012627,0.000517815293279,0,-0.217700466514,0.0483278669417,-0.0224604383111,-0.0157118476927,-0.0109399529174,-0.00157122057863,0.0176608562469,-0.217700466514,17.8029060364,3,0,0,8.829164505,0.151241213083,0.166367098689,0.0889920592308,0.0541287511587,-0.412603646517,1,8,7.06847640686e-05,0.21796323359,47.3979706897,8.5461636713,4444000,2.23051247303e-05,1.7914756188e+15,1.7914756188e+15,-2.04920959473,1,1,0.691997528076,3,1.55681276321,0.153395593166,2,11.9093151093,1,4,1,78.9663925171,-17.6970901489,0.0893561318517,1,3,1,,-17.6970901489
1791475618.811321,,,,,,,,,,,,,,,,,,-1.25361907482,-2.81549930573,-0.00885454844683,0,-0.217700466514,0.0483278669417,-0.0224604383111,-0.0157118476927,-0.0109399529174,-0.00157122057863,0.0176608562469,-0.217700466514,17.8017635345,3,0,0,8.8308391571,0.15164346993,0.166627034545,0.0893718078732,0.0542075075209,-0.412591308355,1,8,7.07358994987e-05,0.21796323359,47.3979706897,8.5461636713,4444000,2.23486676987e-05,1.79147561881e+15,1.79147561881e+15,-2.04918932915,1,1,0.680166602135,3,1.53065872192,0.153388589621,2,11.9121551514,1,4,1,78.9735565186,-17.6961803436,0.089629650116,1,3,1,,-17.6961803436
1791475618.819739,0,0,0,0,0,0,0,2,0,0,0,0,0,1.79147561882e+15,1.79147561882e+15,1,0,-1.22782373428,-2.76452064514,-0.026312654838,0,-0.217700466514,0.0483278669417,-0.0224604383111,-0.0157118476927,-0.0109399529174,-0.00157122057863,0.0176608562469,-0.217700466514,17.8005981445,3,0,0,8.83251190186,0.152048423886,0.166887670755,0.0897525846958,0.0542863197625,-0.412585616112,1,8,7.07871440682e-05,0.21796323359,47.3979706897,8.5461636713,4444000,2.23923179874e-05,1.79147561881e+15,1.79147561881e+15,-2.04917597771,1,1,0.668589234352,3,1.50500929356,0.153246507049,2,11.9149589539,1,4,1,78.9806213379,-17.6952571869,0.0897764489055,1,3,1,0,-17.6952571869
1791475618.829833,,,,,,,,,,,,,,,,,,-1.21956431866,-2.72363257408,-0.043070871383,0,-0.217700466514,0.0483278669417,-0.0224604383111,-0.0157118476927,-0.0109399529174,-0.00157122057863,0.0176608562469,-0.217700466514,17.8004627228,3,0,0,8.83418178558,0.150777176023,0.16617038846,0.0888066887856,0.0540582798421,-0.412584781647,1,8,7.05939892214e-05,0.21796323359,47.3979706897,8.5461636713,4444000,2.22081653192e-05,1.79147561882e+15,1.79147561882e+15,-2.04916763306,1,1,0.656946957111,3,1.47950577736,0.152976647019,2,11.9175310135,1,4,1,78.9872741699,-17.694355011,0.0897700414062,1,3,1,,-17.694355011
1791475618.841821,,,,,,,,,,,,,,,,,,-1.1727617979,-2.62728595734,-0.0596716962755,0,-0.217700466514,0.0483278669417,-0.0224604383111,-0.0157118476927,-0.0109399529174,-0.00157122057863,0.0176608562469,-0.217700466514,17.7984809875,3,0,0,8.83751392365,0.151577845216,0.166502982378,0.0895624905825,0.0541951730847,-0.41256710887,1,8,7.06778810127e-05,0.21796323359,47.3979706897,8.5461636713,4444000,2.22922571993e-05,1.79147561884e+15,1.79147561884e+15,-2.04913067818,1,1,0.634456813335,3,1.42992007732,0.152251318097,2,11.9226026535,1,4,1,79.0003128052,-17.6925506592,0.089567437768,1,3,1,,-17.6925506592
1791475618.849860,,,,,,,,,,,,,,,,,,-1.15015649796,-2.58954191208,-0.0706561803818,0,-0.217700466514,0.0483278669417,-0.0224604383111,-0.0157118476927,-0.0109399529174,-0.00157122057863,0.0176608562469,-0.217700466514,17.7972450256,3,0,0,8.83917713165,0.151982441545,0.166763260961,0.0899439379573,0.054274532944,-0.412548542023,1,8,7.07292565494e-05,0.21796323359,47.3979706897,8.5461636713,4444000,2.23361857934e-05,1.79147561885e+15,1.79147561885e+15,-2.04910850525,1,1,0.623589992523,3,1.40575706959,0.151768222451,2,11.9251041412,1,4,1,79.0067062378,-17.6916313171,0.0893594771624,1,3,1,,-17.6916313171
1791475618.859057,0,0,0,0,0,0,0,2,0,0,0,0,0,1.79147561886e+15,1.79147561886e+15,1,0,-1.13395023346,-2.54230880737,-0.0678147152066,0,-0.217700466514,0.0483278669417,-0.0224604383111,-0.0157118476927,-0.0109399529174,-0.00157122057863,0.0176608562469,-0.217700466514,17.797121048,3,0,0,8.84083843231,0.150713473558,0.166048184037,0.0889918282628,0.0540474876761,-0.412530094385,1,8,7.05177371856e-05,0.21796323359,47.3979706897,8.5461636713,4444000,2.21513873839e-05,1.79147561885e+15,1.79147561885e+15,-2.04908680916,1,1,0.612726211548,3,1.38181877136,0.151310190558,2,11.9273891449,1,4,1,79.0127258301,-17.6907405853,0.0891485735774,1,3,1,0,-17.6907405853
1791475618.870406,,,,,,,,,,,,,,,,,,-1.10627746582,-2.50073313713,-0.0738431662321,0,-0.217700466514,0.0483278669417,-0.0224604383111,-0.0157118476927,-0.0109399529174,-0.00157122057863,0.0176608562469,-0.217700466514,17.7958583832,3,0,0,8.84249687195,0.151112258434,0.166307002306,0.089372292161,0.0541272610426,-0.412516117096,1,8,7.05690399627e-05,0.21796323359,47.3979706897,8.5461636713,4444000,2.21953741857e-05,1.79147561886e+15,1.79147561886e+15,-2.04906702042,1,1,0.602131187916,3,1.35830926895,0.150807201862,2,11.9296455383,1,4,1,79.018661499,-17.6898384094,0.0889017805457,1,3,1,,-17.6898384094
1791475618.881894,,,,,,,,,,,,,,,,,,-1.07136976719,-2.42098450661,-0.0908290892839,0,-0.217700466514,0.0483278669417,-0.0224604383111,-0.0157118476927,-0.0109399529174,-0.00157122057863,0.0176608562469,-0.217700466514,17.7933006287,3,0,0,8.84580993652,0.151918143034,0.16682676971,0.0901339948177,0.0542867481709,-0.412486314774,1,8,7.06719656591e-05,0.21796323359,47.3979706897,8.5461636713,4444000,2.22836424655e-05,1.79147561888e+15,1.79147561888e+15,-2.04902648926,1,1,0.581477880478,3,1.31257116795,0.14955060184,2,11.9340791702,1,4,1,79.0303192139,-17.6880092621,0.0881831198931,1,3,1,,-17.6880092621
1791475618.889876,,,,,,,,,,,,,,,,,,-1.05326628685,-2.37269926071,-0.0877864584327,0,-0.217700466514,0.0483278669417,-0.0224604383111,-0.0157118476927,-0.0109399529174,-0.00157122057863,0.0176608562469,-0.217700466514,17.7932453156,3,0,0,8.84746360779,0.150651216507,0.166110917926,0.0891740620136,0.0540598370135,-0.412472188473,1,8,7.04432168277e-05,0.21796323359,47.3979706897,8.5461636713,4444000,2.20982619794e-05,1.79147561889e+15,1.79147561889e+15,-2.04900717735,1,1,0.57128494978,3,1.29013490677,0.148941963911,2,11.9360790253,1,4,1,79.0357666016,-17.6871242523,0.0878156200051,1,3,1,,-17.6871242523
1791475618.899097,0,0,0,0,0,0,0,2,0,0,0,0,0,1.7914756189e+15,1.7914756189e+15,1,0,-1.03132236004,-2.34046697617,-0.105508595705,0,-0.217700466514,0.0483278669417,-0.0224604383111,-0.0157118476927,-0.0109399529174,-0.00157122057863,0.0176608562469,-0.217700466514,17.7924213409,3,0,0,8.8491153717,0.151049748063,0.166183754802,0.0895531177521,0.0541182570159,-0.41246265173,1,8,7.0494665124e-05,0.21796323359,47.3979706897,8.5461636713,4444000,2.21424597839e-05,1.79147561889e+15,1.79147561889e+15,-2.04899048805,1,1,0.561314344406,3,1.26804900169,0.148191004992,2,11.9380559921,1,4,1,79.0411453247,-17.6862449646,0.0872991904616,1,3,1,0,-17.6862449646
1791475618.909523,,,,,,,,,,,,,,,,,,-1.01563441753,-2.29905343056,-0.112636476755,0,-0.217700466514,0.0483278669417,-0.0224604383111,-0.0157118476927,-0.0109399529174,-0.00157122057863,0.0176608562469,-0.217700466514,17.7910690308,3,0,0,8.85076522827,0.151450827718,0.166442960501,0.089928008616,0.0541983246803,-0.4124532938,1,8,7.05278653186e-05,0.21796323359,47.3979706897,8.5461636713,4444000,2.21835107368e-05,1.7914756189e+15,1.7914756189e+15,-2.04897427559,1,1,0.551578879356,3,1.2463670969,0.147384166718,2,11.9400339127,1,4,1,79.0464553833,-17.6853561401,0.0867373198271,1,3,1,,-17.6853561401
1791475618.921862,,,,,,,,,,,,,,,,,,-0.986487805843,-2.214833498,-0.126738086343,0,-0.217700466514,0.0483278669417,-0.0224604383111,-0.0157118476927,-0.0109399529174,-0.00157122057863,0.0176608562469,-0.217700466514,17.788438797,3,0,0,8.85406017303,0.152261987329,0.166963487864,0.0906882435083,0.0543583333492,-0.412428408861,1,8,7.06310675014e-05,0.21796323359,47.3979706897,8.5461636713,4444000,2.22724156629e-05,1.79147561892e+15,1.79147561892e+15,-2.04894566536,1,1,0.532586038113,3,1.20424556732,0.145621687174,2,11.9439229965,1,4,1,79.0568847656,-17.6835613251,0.0854902341962,1,3,1,,-17.6835613251
1791475618.929889,,,,,,,,,,,,,,,,,,-0.966247916222,-2.18229484558,-0.121207438409,0,-0.217700466514,0.0483278669417,-0.0224604383111,-0.0157118476927,-0.0109399529174,-0.00157122057863,0.0176608562469,-0.217700466514,17.788105011,3,0,0,8.85570526123,0.150981277227,0.166245415807,0.0897032096982,0.0541303940117,-0.412416696548,1,8,7.03797122696e-05,0.21796323359,47.3979706897,8.5461636713,4444000,2.20833135245e-05,1.79147561893e+15,1.79147561893e+15,-2.04893255234,1,1,0.523230314255,3,1.18356120586,0.144752323627,2,11.9456739426,1,4,1,79.0617523193,-17.6826877594,0.0848590359092,1,3,1,,-17.6826877594
1791475618.938753,0,0,0,0,0,0,0,2,0,0,0,0,0,1.79147561894e+15,1.79147561894e+15,1,0,,,,,,,,,,,,,,,,,,,,,,,,,,,,,,,,,,,,,,,,,,,,,,,,,,,0,
1791475618.941610,,,,,,,,,,,,,,,,,,-0.94810038805,-2.14406490326,-0.116629987955,0,-0.217700466514,0.0483278669417,-0.0224604383111,-0.0157118476927,-0.0109399529174,-0.00157122057863,0.0176608562469,-0.217700466514,17.786781311,3,0,0,8.85734844208,0.151382401586,0.166504576802,0.0900815352798,0.0542106516659,-0.412414222956,1,8,7.04312406015e-05,0.21796323359,47.3979706897,8.5461636713,4444000,2.21278332901e-05,1.79147561893e+15,1.79147561893e+15,-2.04892683029,1,1,0.514063298702,3,1.16326963902,0.143921092153,2,11.9474058151,1,4,1,79.0665740967,-17.6818065643,0.0842746049166,1,3,1,,-17.6818065643
1791475618.949837,,,,,,,,,,,,,,,,,,-0.936198115349,-2.10691428185,-0.128712028265,0,-0.217700466514,0.0483278669417,-0.0224604383111,-0.0157118476927,-0.0109399529174,-0.00157122057863,0.0176608562469,-0.217700466514,17.7854557037,3,0,0,8.85899066925,0.151786386967,0.166764467955,0.0904600843787,0.0542908497155,-0.412406951189,1,8,7.04828635207e-05,0.21796323359,47.3979706897,8.5461636713,4444000,2.21724403673e-05,1.79147561894e+15,1.79147561894e+15,-2.04891633987,1,1,0.505033910275,3,1.14335989952,0.142994523048,2,11.9491195679,1,4,1,79.0713348389,-17.6809215546,0.083603091538,1,3,1,,-17.6809215546
1791475618.961787,,,,,,,,,,,,,,,,,,-0.903414011002,-2.03285527229,-0.131529286504,0,-0.217700466514,0.0483278669417,-0.0224604383111,-0.0157118476927,-0.0109399529174,-0.00157122057863,0.0176608562469,-0.217700466514,17.783700943,3,0,0,8.86227035522,0.150914505124,0.166121065617,0.0898453220725,0.0541214831173,-0.412399530411,1,8,7.02695833752e-05,0.21796323359,47.3979706897,8.5461636713,4444000,2.20279343921e-05,1.79147561896e+15,1.79147561896e+15,-2.04890275002,1,1,0.487379699945,3,1.10447716713,0.141033291817,2,11.9523515701,1,4,1,79.0804672241,-17.6791553497,0.0821574181318,1,3,1,,-17.6791553497
1791475618.969961,,,,,,,,,,,,,,,,,,-0.889759004116,-1.99699223042,-0.1332680583,0,-0.217700466514,0.0483278669417,-0.0224604383111,-0.0157118476927,-0.0109399529174,-0.00157122057863,0.0176608562469,-0.217700466514,17.7823753357,3,0,0,8.86390781403,0.151315495372,0.166379928589,0.09022128582,0.0542018599808,-0.41239336133,1,8,7.03211771906e-05,0.21796323359,47.3979706897,8.5461636713,4444000,2.20726433326e-05,1.79147561897e+15,1.79147561897e+15,-2.04889202118,1,1,0.478726446629,3,1.08552253246,0.140068486333,2,11.9538726807,1,4,1,79.084854126,-17.6782836914,0.0814416855574,1,3,1,,-17.6782836914
1791475618.978843,0,0,0,0,0,0,0,2,0,0,0,0,0,1.79147561898e+15,1.79147561898e+15,1,0,,,,,,,,,,,,,,,,,,,,,,,,,,,,,,,,,,,,,,,,,,,,,,,,,,,0,
1791475618.981898,,,,,,,,,,,,,,,,,,-0.866494655609,-1.96476829052,-0.134627327323,0,-0.217700466514,0.0483278669417,-0.0224604383111,-0.0157118476927,-0.0109399529174,-0.00157122057863,0.0176608562469,-0.217700466514,17.7810153961,3,0,0,8.86554431915,0.151719048619,0.166639506817,0.0905928090215,0.0542821623385,-0.412393003702,1,8,7.03546902514e-05,0.21796323359,47.3979706897,8.5461636713,4444000,2.211429819e-05,1.79147561897e+15,1.79147561897e+15,-2.04888725281,1,1,0.470353484154,3,1.06689250469,0.139092579484,2,11.9553995132,1,4,1,79.0891799927,-17.6774082184,0.080723747611,1,3,1,,-17.6774082184
1791475618.989667,,,,,,,,,,,,,,,,,,-0.854589700699,-1.92819821835,-0.14184089005,0,-0.217700466514,0.0483278669417,-0.0224604383111,-0.0157118476927,-0.0109399529174,-0.00157122057863,0.0176608562469,-0.217700466514,17.7796955109,3,0,0,8.86717987061,0.152125805616,0.166899815202,0.0909689515829,0.0543623827398,-0.41238412261,1,8,7.0406429586e-05,0.21796323359,47.3979706897,8.5461636713,4444000,2.21591762966e-05,1.79147561898e+15,1.79147561898e+15,-2.04887771606,1,1,0.462114930153,3,1.04863405228,0.13805963099,2,11.9569101334,1,4,1,79.093460083,-17.6765289307,0.0799562036991,1,3,1,,-17.6765289307
1791475619.001645,,,,,,,,,,,,,,,,,,-0.828566670418,-1.88283097744,-0.152127340436,0,-0.217700466514,0.0483278669417,-0.0224604383111,-0.0157118476927,-0.0109399529174,-0.00157122057863,0.0176608562469,-0.217700466514,17.778465271,3,0,0,8.87044715881,0.151249840856,0.166442006826,0.0903424695134,0.0542150698602,-0.412376821041,1,8,7.0181376941e-05,0.21796323359,47.3979706897,8.5461636713,4444000,2.2015072318e-05,1.791475619e+15,1.791475619e+15,-2.04886817932,1,1,0.445850282907,3,1.01258277893,0.135819137096,2,11.9596261978,1,4,1,79.1014709473,-17.6748523712,0.0781776681542,1,3,1,,-17.6748523712
1791475619.009577,,,,,,,,,,,,,,,,,,-0.806792914867,-1.84324860573,-0.143602475524,0,-0.217700466514,0.0483278669417,-0.0224604383111,-0.0157118476927,-0.0109399529174,-0.00157122057863,0.0176608562469,-0.217700466514,17.7771568298,3,0,0,8.87207889557,0.151653662324,0.166701599956,0.0907157883048,0.0542953796685,-0.412370741367,1,8,7.0233050792e-05,0.21796323359,47.3979706897,8.5461636713,4444000,2.20600195462e-05,1.79147561901e+15,1.79147561901e+15,-2.04886031151,1,1,0.438000291586,3,0.995084822178,0.134764790535,2,11.9609651566,1,4,1,79.1054077148,-17.6740093231,0.0773664936423,1,3,1,,-17.6740093231
1791475619.018236,0,0,0,0,0,0,0,2,0,0,0,0,0,1.79147561902e+15,1.79147561902e+15,1,0,,,,,,,,,,,,,,,,,,,,,,,,,,,,,,,,,,,,,,,,,,,,,,,,,,,0,
1791475619.021761,,,,,,,,,,,,,,,,,,-0.79373383522,-1.80730509758,-0.142635300756,0,-0.217700466514,0.0483278669417,-0.0224604383111,-0.0157118476927,-0.0109399529174,-0.00157122057863,0.0176608562469,-0.217700466514,17.7761669159,3,0,0,8.87370967865,0.152060374618,0.166773974895,0.0910888910294,0.0543536171317,-0.412368506193,1,8,7.02847974026e-05,0.21796323359,47.3979706897,8.5461636713,4444000,2.21050158871e-05,1.79147561901e+15,1.79147561901e+15,-2.04885649681,1,1,0.430292844772,3,0.977949559689,0.133716672659,2,11.9622926712,1,4,1,79.1093063354,-17.6731719971,0.076558932662,1,3,1,,-17.6731719971
1791475619.029976,,,,,,,,,,,,,,,,,,-0.782178223133,-1.77407109737,-0.147833943367,0,-0.217700466514,0.0483278669417,-0.0224604383111,-0.0157118476927,-0.0109399529174,-0.00157122057863,0.0176608562469,-0.217700466514,17.7764034271,3,0,0,8.87533950806,0.150785118341,0.16605950892,0.09008128196,0.0541261956096,-0.412369608879,1,8,6.99978991179e-05,0.21796323359,47.3979706897,8.5461636713,4444000,2.19162902795e-05,1.79147561902e+15,1.79147561902e+15,-2.04885625839,1,1,0.422607123852,3,0.961022555828,0.132614582777,2,11.9634771347,1,4,1,79.1129760742,-17.6723823547,0.0756546631455,1,3,1,,-17.6723823547
1791475619.041812,,,,,,,,,,,,,,,,,,-0.751012444496,-1.71714317799,-0.152635842562,0,-0.217700466514,0.0483278669417,-0.0224604383111,-0.0157118476927,-0.0109399529174,-0.00157122057863,0.0176608562469,-0.217700466514,17.7738265991,3,0,0,8.87859630585,0.151589870453,0.166577413678,0.090822160244,0.0542868822813,-0.412375301123,1,8,7.0101217716e-05,0.21796323359,47.3979706897,8.5461636713,4444000,2.20063975576e-05,1.79147561904e+15,1.79147561904e+15,-2.04885554314,1,1,0.40772151947,3,0.928147614002,0.130310460925,2,11.9658184052,1,4,1,79.1202087402,-17.6707935333,0.0737730264664,1,3,1,,-17.6707935333
1791475619.050138,,,,,,,,,,,,,,,,,,-0.738340318203,-1.68905103207,-0.158357426524,0,-0.217700466514,0.0483278669417,-0.0224604383111,-0.0157118476927,-0.0109399529174,-0.00157122057863,0.0176608562469,-0.217700466514,17.772518158,3,0,0,8.88022327423,0.151996299624,0.166837453842,0.0911878123879,0.0543670617044,-0.412381410599,1,8,7.01348762959e-05,0.21796323359,47.3979706897,8.5461636713,4444000,2.20485289901e-05,1.79147561905e+15,1.79147561905e+15,-2.048858881,1,1,0.400543183088,3,0.912109315395,0.129124954343,2,11.9669923782,1,4,1,79.1237640381,-17.6699924469,0.0728122293949,1,3,1,,-17.6699924469
1791475619.058947,0,0,0,0,0,0,0,2,0,0,0,0,0,1.79147561906e+15,1.79147561906e+15,1,0,,,,,,,,,,,,,,,,,,,,,,,,,,,,,,,,,,,,,,,,,,,,,,,,,,,0,
1791475619.061584,,,,,,,,,,,,,,,,,,-0.717192769051,-1.65903508663,-0.158105969429,0,-0.217700466514,0.0483278669417,-0.0224604383111,-0.0157118476927,-0.0109399529174,-0.00157122057863,0.0176608562469,-0.217700466514,17.772731781,3,0,0,8.88184928894,0.150722578168,0.166122153401,0.0901734158397,0.0541392341256,-0.412386834621,1,8,6.98396615917e-05,0.21796323359,47.3979706897,8.5461636713,4444000,2.18602981477e-05,1.79147561905e+15,1.79147561905e+15,-2.04886412621,1,1,0.393473684788,3,0.896266937256,0.127928733826,2,11.9680433273,1,4,1,79.1271286011,-17.6692390442,0.0717997848988,1,3,1,,-17.6692390442
1791475619.069836,,,,,,,,,,,,,,,,,,-0.71276730299,-1.63749921322,-0.152095675468,0,-0.217700466514,0.0483278669417,-0.0224604383111,-0.0157118476927,-0.0109399529174,-0.00157122057863,0.0176608562469,-0.217700466514,17.7714691162,3,0,0,8.88347434998,0.151123538613,0.166380763054,0.0905411615968,0.054219558835,-0.412391960621,1,8,6.98912408552e-05,0.21796323359,47.3979706897,8.5461636713,4444000,2.19054345507e-05,1.79147561906e+15,1.79147561906e+15,-2.04886770248,1,1,0.386476367712,3,0.880667865276,0.126781284809,2,11.969086647,1,4,1,79.1304550171,-17.6684818268,0.070845387876,1,3,1,,-17.6684818268
1791475619.082060,,,,,,,,,,,,,,,,,,-0.685964345932,-1.58046388626,-0.153739467263,0,-0.217700466514,0.0483278669417,-0.0224604383111,-0.0157118476927,-0.0109399529174,-0.00157122057863,0.0176608562469,-0.217700466514,17.7687091827,3,0,0,8.88672161102,0.151934251189,0.166713029146,0.0912759006023,0.0543581135571,-0.41239708662,1,8,6.99946540408e-05,0.21796323359,47.3979706897,8.5461636713,4444000,2.19959110836e-05,1.79147561908e+15,1.79147561908e+15,-2.04886984825,1,1,0.372864663601,3,0.850359737873,0.124426960945,2,11.9711532593,1,4,1,79.137008667,-17.6669464111,0.0689198076725,1,3,1,,-17.6669464111
1791475619.089951,,,,,,,,,,,,,,,,,,-0.673431158066,-1.55185747147,-0.157713413239,0,-0.217700466514,0.0483278669417,-0.0224604383111,-0.0157118476927,-0.0109399529174,-0.00157122057863,0.0176608562469,-0.217700466514,17.7684497833,3,0,0,8.88834476471,0.150661885738,0.165999859571,0.0902545824647,0.0541304573417,-0.412396937609,1,8,6.96924253134e-05,0.21796323359,47.3979706897,8.5461636713,4444000,2.18081950152e-05,1.79147561909e+15,1.79147561909e+15,-2.04886817932,1,1,0.366212069988,3,0.835547506809,0.123232059181,2,11.9720830917,1,4,1,79.1400909424,-17.6662063599,0.067919306457,1,3,1,,-17.6662063599
1791475619.098799,0,0,0,0,0,0,0,2,0,0,0,0,0,1.7914756191e+15,1.7914756191e+15,1,0,,,,,,,,,,,,,,,,,,,,,,,,,,,,,,,,,,,,,,,,,,,,,,,,,,,0,
1791475619.101691,,,,,,,,,,,,,,,,,,-0.65965783596,-1.52679359913,-0.157878264785,0,-0.217700466514,0.0483278669417,-0.0224604383111,-0.0157118476927,-0.0109399529174,-0.00157122057863,0.0176608562469,-0.217700466514,17.7672176361,3,0,0,8.88996696472,0.151062935591,0.166258230805,0.090619020164,0.0542106926441,-0.412404328585,1,8,6.97440336808e-05,0.21796323359,47.3979706897,8.5461636713,4444000,2.18534514715e-05,1.79147561909e+15,1.79147561909e+15,-2.04887294769,1,1,0.35970467329,3,0.821002483368,0.122036278248,2,11.9730081558,1,4,1,79.1431503296,-17.6654644012,0.066926561296,1,3,1,,-17.6654644012
1791475619.109970,,,,,,,,,,,,,,,,,,-0.653128921986,-1.49416148663,-0.161837309599,0,-0.217700466514,0.0483278669417,-0.0224604383111,-0.0157118476927,-0.0109399529174,-0.00157122057863,0.0176608562469,-0.217700466514,17.7659931183,3,0,0,8.89158821106,0.151466950774,0.166517317295,0.0909834876657,0.0542908012867,-0.412411034107,1,8,6.97957220837e-05,0.21796323359,47.3979706897,8.5461636713,4444000,2.18987734115e-05,1.7914756191e+15,1.7914756191e+15,-2.04887700081,1,1,0.353283703327,3,0.806783497334,0.120809167624,2,11.9739274979,1,4,1,79.1461791992,-17.6647224426,0.0659107714891,1,3,1,,-17.6647224426
1791475619.122221,,,,,,,,,,,,,,,,,,-0.630485773087,-1.44065630436,-0.155457749963,0,-0.217700466514,0.0483278669417,-0.0224604383111,-0.0157118476927,-0.0109399529174,-0.00157122057863,0.0176608562469,-0.217700466514,17.7646579742,3,0,0,8.89482879639,0.150602445006,0.166063115001,0.0903155133128,0.0541426204145,-0.412427186966,1,8,6.95219496265e-05,0.21796323359,47.3979706897,8.5461636713,4444000,2.17542474275e-05,1.79147561912e+15,1.79147561912e+15,-2.04888868332,1,1,0.340736836195,3,0.779082238674,0.118476845324,2,11.9756746292,1,4,1,79.152015686,-17.6632671356,0.0639886707067,1,3,1,,-17.6632671356
1791475619.129639,,,,,,,,,,,,,,,,,,-0.619265198708,-1.4080529213,-0.150004863739,0,-0.217700466514,0.0483278669417,-0.0224604383111,-0.0157118476927,-0.0109399529174,-0.00157122057863,0.0176608562469,-0.217700466514,17.7634601593,3,0,0,8.89644813538,0.151003628969,0.166321516037,0.0906765237451,0.0542226992548,-0.412431240082,1,8,6.95735143381e-05,0.21796323359,47.3979706897,8.5461636713,4444000,2.17995930143e-05,1.79147561913e+15,1.79147561913e+15,-2.04889130592,1,1,0.334645032883,3,0.76563924551,0.11733494699,2,11.9765043259,1,4,1,79.1548233032,-17.6625556946,0.0630462616682,1,3,1,,-17.6625556946
1791475619.138548,0,0,0,0,0,0,0,2,0,0,0,0,0,1.79147561914e+15,1.79147561914e+15,1,0,,,,,,,,,,,,,,,,,,,,,,,,,,,,,,,,,,,,,,,,,,,,,,,,,,,0,
1791475619.141760,,,,,,,,,,,,,,,,,,-0.609856545925,-1.38732171059,-0.145976886153,0,-0.217700466514,0.0483278669417,-0.0224604383111,-0.0157118476927,-0.0109399529174,-0.00157122057863,0.0176608562469,-0.217700466514,17.7626781464,3,0,0,8.89806652069,0.151407748461,0.166394010186,0.0910373702645,0.0542809441686,-0.412431031466,1,8,6.96251372574e-05,0.21796323359,47.3979706897,8.5461636713,4444000,2.18449749809e-05,1.79147561913e+15,1.79147561913e+15,-2.04888963699,1,1,0.328660368919,3,0.752423167229,0.116223074496,2,11.9773311615,1,4,1,79.1576080322,-17.6618537903,0.06212875247,1,3,1,,-17.6618537903
1791475619.149855,,,,,,,,,,,,,,,,,,-0.597451031208,-1.36819779873,-0.15756906569,0,-0.217700466514,0.0483278669417,-0.0224604383111,-0.0157118476927,-0.0109399529174,-0.00157122057863,0.0176608562469,-0.217700466514,17.7614994049,3,0,0,8.89968490601,0.151814863086,0.166653603315,0.0913984328508,0.0543608106673,-0.412443697453,1,8,6.96768256603e-05,0.21796323359,47.3979706897,8.5461636713,4444000,2.18904388021e-05,1.79147561914e+15,1.79147561914e+15,-2.04890108109,1,1,0.32280600071,3,0.73941975832,0.115018807352,2,11.9781532288,1,4,1,79.160369873,-17.661151886,0.061127088964,1,3,1,,-17.661151886
1791475619.161824,,,,,,,,,,,,,,,,,,-0.578100204468,-1.31945002079,-0.152701973915,0,-0.217700466514,0.0483278669417,-0.0224604383111,-0.0157118476927,-0.0109399529174,-0.00157122057863,0.0176608562469,-0.217700466514,17.7606315613,3,0,0,8.90291881561,0.150946244597,0.166199877858,0.0907245054841,0.0542127788067,-0.412467479706,1,8,6.94168847986e-05,0.21796323359,47.3979706897,8.5461636713,4444000,2.17496490222e-05,1.79147561916e+15,1.79147561916e+15,-2.04892015457,1,1,0.311218231916,3,0.713956415653,0.112669080496,2,11.979590416,1,4,1,79.1655654907,-17.6598377228,0.059111431241,1,3,1,,-17.6598377228
1791475619.169953,,,,,,,,,,,,,,,,,,-0.565931975842,-1.29598033428,-0.145115882158,0,-0.217700466514,0.0483278669417,-0.0224604383111,-0.0157118476927,-0.0109399529174,-0.00157122057863,0.0176608562469,-0.217700466514,17.7594833374,3,0,0,8.90453529358,0.151350557804,0.166458785534,0.0910821929574,0.0542926006019,-0.4124763906,1,8,6.94685004419e-05,0.21796323359,47.3979706897,8.5461636713,4444000,2.17951310333e-05,1.79147561917e+15,1.79147561917e+15,-2.04892587662,1,1,0.305621564388,3,0.701622188091,0.1115514189,2,11.9803056717,1,4,1,79.1681365967,-17.6591758728,0.0581743121147,1,3,1,,-17.6591758728
1791475619.178941,0,0,0,0,0,0,0,2,0,0,0,0,0,1.79147561918e+15,1.79147561918e+15,1,0,,,,,,,,,,,,,,,,,,,,,,,,,,,,,,,,,,,,,,,,,,,,,,,,,,,0,
1791475619.181788,,,,,,,,,,,,,,,,,,-0.558553159237,-1.26968705654,-0.143938228488,0,-0.217700466514,0.0483278669417,-0.0224604383111,-0.0157118476927,-0.0109399529174,-0.00157122057863,0.0176608562469,-0.217700466514,17.7583446503,3,0,0,8.90615081787,0.151757866144,0.166718438268,0.0914397239685,0.0543722845614,-0.412486314774,1,8,6.95201961207e-05,0.21796323359,47.3979706897,8.5461636713,4444000,2.1840676709e-05,1.79147561917e+15,1.79147561917e+15,-2.04893255234,1,1,0.300114065409,3,0.689554274082,0.110443674028,2,11.9810190201,1,4,1,79.1706848145,-17.6585140228,0.0572556033731,1,3,1,,-17.6585140228
1791475619.190321,,,,,,,,,,,,,,,,,,-0.545886874199,-1.2528399229,-0.161142542958,0,-0.217700466514,0.0483278669417,-0.0224604383111,-0.0157118476927,-0.0109399529174,-0.00157122057863,0.0176608562469,-0.217700466514,17.7571983337,3,0,0,8.90776634216,0.152167782187,0.166978806257,0.0917923375964,0.0544518120587,-0.412496984005,1,8,6.95539420121e-05,0.21796323359,47.3979706897,8.5461636713,4444000,2.18834466068e-05,1.79147561918e+15,1.79147561918e+15,-2.0489397049,1,1,0.29476454854,3,0.677669107914,0.1091979146,2,11.9817428589,1,4,1,79.1732177734,-17.6578502655,0.0562074892223,1,3,1,,-17.6578502655
1791475619.201784,,,,,,,,,,,,,,,,,,-0.52418667078,-1.20782542229,-0.157787457108,0,-0.217700466514,0.0483278669417,-0.0224604383111,-0.0157118476927,-0.0109399529174,-0.00157122057863,0.0176608562469,-0.217700466514,17.7555389404,3,0,0,8.9109954834,0.151287183166,0.166334703565,0.0910926684737,0.0542796701193,-0.412519931793,1,8,6.92862449796e-05,0.21796323359,47.3979706897,8.5461636713,4444000,2.17404849536e-05,1.7914756192e+15,1.7914756192e+15,-2.04895758629,1,1,0.284271925688,3,0.654479503632,0.106742762029,2,11.9830112457,1,4,1,79.1779937744,-17.6565589905,0.0541335605085,1,3,1,,-17.6565589905
1791475619.209776,,,,,,,,,,,,,,,,,,-0.509279608727,-1.18909716606,-0.155146226287,0,-0.217700466514,0.0483278669417,-0.0224604383111,-0.0157118476927,-0.0109399529174,-0.00157122057863,0.0176608562469,-0.217700466514,17.7544403076,3,0,0,8.91260910034,0.151694566011,0.16659411788,0.0914471149445,0.0543592013419,-0.412536770105,1,8,6.93378824508e-05,0.21796323359,47.3979706897,8.5461636713,4444000,2.1786085199e-05,1.79147561921e+15,1.79147561921e+15,-2.04897093773,1,1,0.27922591567,3,0.643200397491,0.105539359152,2,11.9836454391,1,4,1,79.1803665161,-17.6559123993,0.0531326048076,1,3,1,,-17.6559123993
1791475619.218146,0,0,0,0,0,0,0,2,0,0,0,0,0,1.79147561922e+15,1.79147561922e+15,1,0,,,,,,,,,,,,,,,,,,,,,,,,,,,,,,,,,,,,,,,,,,,,,,,,,,,0,
1791475619.221829,,,,,,,,,,,,,,,,,,-0.499802142382,-1.17169308662,-0.147820442915,0,-0.217700466514,0.0483278669417,-0.0224604383111,-0.0157118476927,-0.0109399529174,-0.00157122057863,0.0176608562469,-0.217700466514,17.7533512115,3,0,0,8.91422271729,0.152104958892,0.166854262352,0.0918013975024,0.0544386170805,-0.412552148104,1,8,6.93895854056e-05,0.21796323359,47.3979706897,8.5461636713,4444000,2.1831743652e-05,1.79147561921e+15,1.79147561921e+15,-2.04898285866,1,1,0.274283349514,3,0.632111310959,0.104394987226,2,11.9842796326,1,4,1,79.1827163696,-17.6552658081,0.0521981269121,1,3,1,,-17.6552658081
1791475619.229558,,,,,,,,,,,,,,,,,,-0.498116970062,-1.15385520458,-0.162413328886,0,-0.217700466514,0.0483278669417,-0.0224604383111,-0.0157118476927,-0.0109399529174,-0.00157122057863,0.0176608562469,-0.217700466514,17.7534122467,3,0,0,8.91583538055,0.150821328163,0.166139155626,0.0907437950373,0.0542084537446,-0.412556052208,1,8,6.90693268552e-05,0.21796323359,47.3979706897,8.5461636713,4444000,2.16443841055e-05,1.79147561922e+15,1.79147561922e+15,-2.04898333549,1,1,0.269312411547,3,0.621172249317,0.103120014071,2,11.9848299026,1,4,1,79.184967041,-17.6546573639,0.0511023104191,1,3,1,,-17.6546573639
1791475619.241550,,,,,,,,,,,,,,,,,,-0.479073375463,-1.11852145195,-0.158368602395,0,-0.217700466514,0.0483278669417,-0.0224604383111,-0.0157118476927,-0.0109399529174,-0.00157122057863,0.0176608562469,-0.217700466514,17.7512893677,3,0,0,8.91905975342,0.151633366942,0.166657373309,0.0914467647672,0.0543673038483,-0.412573933601,1,8,6.9172536314e-05,0.21796323359,47.3979706897,8.5461636713,4444000,2.17356482608e-05,1.79147561924e+15,1.79147561924e+15,-2.04899096489,1,1,0.259628087282,3,0.599871337414,0.100658379495,2,11.9859323502,1,4,1,79.1894226074,-17.6534385681,0.0490230806172,1,3,1,,-17.6534385681
1791475619.249715,,,,,,,,,,,,,,,,,,-0.470814436674,-1.09746146202,-0.160433337092,0,-0.217700466514,0.0483278669417,-0.0224604383111,-0.0157118476927,-0.0109399529174,-0.00157122057863,0.0176608562469,-0.217700466514,17.7502441406,3,0,0,8.92067146301,0.152043879032,0.166917592287,0.0917980000377,0.0544465221465,-0.412583678961,1,8,6.92242465448e-05,0.21796323359,47.3979706897,8.5461636713,4444000,2.17813612835e-05,1.79147561925e+15,1.79147561925e+15,-2.04899549484,1,1,0.254957437515,3,0.589527666569,0.0994012951851,2,11.9864845276,1,4,1,79.1916275024,-17.6528282166,0.0479685217142,1,3,1,,-17.6528282166
1791475619.259219,0,0,0,0,0,0,0,2,0,0,0,0,0,1.79147561926e+15,1.79147561926e+15,1,0,-0.470801115036,-1.08365869522,-0.155517816544,0,-0.217700466514,0.0483278669417,-0.0224604383111,-0.0157118476927,-0.0109399529174,-0.00157122057863,0.0176608562469,-0.217700466514,17.7503738403,3,0,0,8.92228317261,0.150761142373,0.166016235948,0.0907329395413,0.0541943721473,-0.412595719099,1,8,6.8886372901e-05,0.21796323359,47.3979706897,8.5461636713,4444000,2.15925047087e-05,1.79147561925e+15,1.79147561925e+15,-2.04900240898,1,1,0.250262618065,3,0.579303085804,0.0981690809131,2,11.9869661331,1,4,1,79.1937484741,-17.6522579193,0.0469072237611,1,3,1,0,-17.6522579193
1791475619.269851,,,,,,,,,,,,,,,,,,-0.462472289801,-1.06928443909,-0.15718023479,0,-0.217700466514,0.0483278669417,-0.0224604383111,-0.0157118476927,-0.0109399529174,-0.00157122057863,0.0176608562469,-0.217700466514,17.7493515015,3,0,0,8.92389392853,0.151165768504,0.166274756193,0.0910812690854,0.0542736947536,-0.412612706423,1,8,6.8937872129e-05,0.21796323359,47.3979706897,8.5461636713,4444000,2.16381449718e-05,1.79147561926e+15,1.79147561926e+15,-2.04901313782,1,1,0.245661005378,3,0.569238901138,0.096924521029,2,11.9874477386,1,4,1,79.195854187,-17.6516876221,0.0458417609334,1,3,1,,-17.6516876221
1791475619.281738,,,,,,,,,,,,,,,,,,-0.455569237471,-1.04937398434,-0.153359487653,0,-0.217700466514,0.0483278669417,-0.0224604383111,-0.0157118476927,-0.0109399529174,-0.00157122057863,0.0176608562469,-0.217700466514,17.747335434,3,0,0,8.92711544037,0.151984065771,0.166794016957,0.0917771905661,0.0544318966568,-0.412639677525,1,8,6.90411106916e-05,0.21796323359,47.3979706897,8.5461636713,4444000,2.172960194e-05,1.79147561928e+15,1.79147561928e+15,-2.04902815819,1,1,0.236634612083,3,0.549504101276,0.0944667309523,2,11.9884147644,1,4,1,79.2000350952,-17.6505489349,0.0437653549016,1,3,1,,-17.6505489349
1791475619.289866,,,,,,,,,,,,,,,,,,-0.437776148319,-1.03419995308,-0.147288188338,0,-0.217700466514,0.0483278669417,-0.0224604383111,-0.0157118476927,-0.0109399529174,-0.00157122057863,0.0176608562469,-0.217700466514,17.747587204,3,0,0,8.92872524261,0.150702923536,0.166080117226,0.0907140597701,0.0542013421655,-0.412656366825,1,8,6.87224674039e-05,0.21796323359,47.3979706897,8.5461636713,4444000,2.15447780647e-05,1.79147561929e+15,1.79147561929e+15,-2.04903888702,1,1,0.232238560915,3,0.539836585522,0.0932857170701,2,11.9888267517,1,4,1,79.202041626,-17.6500205994,0.0427443906665,1,3,1,,-17.6500205994
1791475619.298907,0,0,0,0,0,0,0,2,0,0,0,0,0,1.7914756193e+15,1.7914756193e+15,1,0,,,,,,,,,,,,,,,,,,,,,,,,,,,,,,,,,,,,,,,,,,,,,,,,,,,0,
1791475619.301707,,,,,,,,,,,,,,,,,,-0.444396197796,-1.0247169733,-0.157379075885,0,-0.217700466514,0.0483278669417,-0.0224604383111,-0.0157118476927,-0.0109399529174,-0.00157122057863,0.0176608562469,-0.217700466514,17.7466068268,3,0,0,8.93033504486,0.15110771358,0.166338711977,0.0910595878959,0.0542804710567,-0.412685394287,1,8,6.87739811838e-05,0.21796323359,47.3979706897,8.5461636713,4444000,2.15904601646e-05,1.79147561929e+15,1.79147561929e+15,-2.04905962944,1,1,0.227815151215,3,0.530286192894,0.0920252352953,2,11.9892396927,1,4,1,79.2040481567,-17.6494922638,0.0416523069143,1,3,1,,-17.6494922638
1791475619.309884,,,,,,,,,,,,,,,,,,-0.429576247931,-1.00771963596,-0.158102244139,0,-0.217700466514,0.0483278669417,-0.0224604383111,-0.0157118476927,-0.0109399529174,-0.00157122057863,0.0176608562469,-0.217700466514,17.7456359863,3,0,0,8.93194484711,0.151515513659,0.166598051786,0.0914049595594,0.0543594732881,-0.412709236145,1,8,6.88255531713e-05,0.21796323359,47.3979706897,8.5461636713,4444000,2.16361931962e-05,1.7914756193e+15,1.7914756193e+15,-2.04907536507,1,1,0.223535194993,3,0.520911991596,0.0907601490617,2,11.989654541,1,4,1,79.2060317993,-17.6489639282,0.040563646704,1,3,1,,-17.6489639282
1791475619.321703,,,,,,,,,,,,,,,,,,-0.420557290316,-0.981977403164,-0.153806522489,0,-0.217700466514,0.0483278669417,-0.0224604383111,-0.0157118476927,-0.0109399529174,-0.00157122057863,0.0176608562469,-0.217700466514,17.7442646027,3,0,0,8.93516254425,0.150646269321,0.165958687663,0.0906852036715,0.0541860423982,-0.412742704153,1,8,6.85606428306e-05,0.21796323359,47.3979706897,8.5461636713,4444000,2.14984320337e-05,1.79147561932e+15,1.79147561932e+15,-2.0490925312,1,1,0.215063363314,3,0.502606272697,0.0883394703269,2,11.9904270172,1,4,1,79.2099380493,-17.6479225159,0.0385056361556,1,3,1,,-17.6479225159
1791475619.329748,,,,,,,,,,,,,,,,,,-0.425606489182,-0.981396496296,-0.152493819594,0,-0.217700466514,0.0483278669417,-0.0224604383111,-0.0157118476927,-0.0109399529174,-0.00157122057863,0.0176608562469,-0.217700466514,17.7433166504,3,0,0,8.93677139282,0.151050835848,0.166217073798,0.0910231694579,0.0542649812996,-0.412759691477,1,8,6.85943232384e-05,0.21796323359,47.3979706897,8.5461636713,4444000,2.15415384446e-05,1.79147561933e+15,1.79147561933e+15,-2.04909896851,1,1,0.210843831301,3,0.493556976318,0.0871109887958,2,11.9907922745,1,4,1,79.2118530273,-17.6474132538,0.0374579019845,1,3,1,,-17.6474132538
1791475619.338867,0,0,0,0,0,0,0,2,0,0,0,0,0,1.79147561934e+15,1.79147561934e+15,1,0,,,,,,,,,,,,,,,,,,,,,,,,,,,,,,,,,,,,,,,,,,,,,,,,,,,0,
1791475619.341833,,,,,,,,,,,,,,,,,,-0.412343382835,-0.967829108238,-0.146250233054,0,-0.217700466514,0.0483278669417,-0.0224604383111,-0.0157118476927,-0.0109399529174,-0.00157122057863,0.0176608562469,-0.217700466514,17.7423877716,3,0,0,8.93837928772,0.151458770037,0.166476204991,0.0913657918572,0.0543437972665,-0.412769854069,1,8,6.86458515702e-05,0.21796323359,47.3979706897,8.5461636713,4444000,2.158730058e-05,1.79147561933e+15,1.79147561933e+15,-2.04909944534,1,1,0.206753909588,3,0.484652459621,0.0859337374568,2,11.9911584854,1,4,1,79.2137527466,-17.6469078064,0.0364687256515,1,3,1,,-17.6469078064
1791475619.349724,,,,,,,,,,,,,,,,,,-0.412094563246,-0.958970010281,-0.136627808213,0,-0.217700466514,0.0483278669417,-0.0224604383111,-0.0157118476927,-0.0109399529174,-0.00157122057863,0.0176608562469,-0.217700466514,17.7414684296,3,0,0,8.93998718262,0.151869729161,0.166736066341,0.0917081683874,0.0544224716723,-0.412776440382,1,8,6.86974453856e-05,0.21796323359,47.3979706897,8.5461636713,4444000,2.16331100091e-05,1.79147561934e+15,1.79147561934e+15,-2.04909658432,1,1,0.202688843012,3,0.475854128599,0.0848346799612,2,11.99152565,1,4,1,79.2156448364,-17.6464004517,0.0355647839606,1,3,1,,-17.6464004517
1791475619.361790,,,,,,,,,,,,,,,,,,-0.402367889881,-0.945917129517,-0.130550459027,0,-0.217700466514,0.0483278669417,-0.0224604383111,-0.0157118476927,-0.0109399529174,-0.00157122057863,0.0176608562469,-0.217700466514,17.7401237488,3,0,0,8.94320297241,0.150995925069,0.16628177464,0.0909825190902,0.0542703457177,-0.412821114063,1,8,6.84355763951e-05,0.21796323359,47.3979706897,8.5461636713,4444000,2.14967076317e-05,1.79147561936e+15,1.79147561936e+15,-2.04911971092,1,1,0.19465278089,3,0.45854690671,0.0826490446925,2,11.9921417236,1,4,1,79.2193374634,-17.6454181671,0.0337589718401,1,3,1,,-17.6454181671
1791475619.369534,,,,,,,,,,,,,,,,,,-0.40105548501,-0.93815356493,-0.133424058557,0,-0.217700466514,0.0483278669417,-0.0224604383111,-0.0157118476927,-0.0109399529174,-0.00157122057863,0.0176608562469,-0.217700466514,17.7392349243,3,0,0,8.94480991364,0.151404038072,0.166540980339,0.0913221910596,0.0543489642441,-0.412839591503,1,8,6.8487104727e-05,0.21796323359,47.3979706897,8.5461636713,4444000,2.1542491595e-05,1.79147561937e+15,1.79147561937e+15,-2.04912662506,1,1,0.190688073635,3,0.450026094913,0.0815728381276,2,11.9924507141,1,4,1,79.2211608887,-17.6449298859,0.0328828841448,1,3,1,,-17.6449298859
1791475619.382375,0,0,0,0,0,0,0,2,0,0,0,0,0,1.79147561938e+15,1.79147561938e+15,1,0,-0.393600225449,-0.931290149689,-0.129311800003,0,-0.217700466514,0.0483278669417,-0.0224604383111,-0.0157118476927,-0.0109399529174,-0.00157122057863,0.0176608562469,-0.217700466514,17.7381210327,3,0,0,8.94641685486,0.151815131307,0.166613548994,0.0916621536016,0.0544056110084,-0.412859290838,1,8,6.85387349222e-05,0.21796323359,47.3979706897,8.5461636713,4444000,2.1588324671e-05,1.79147561937e+15,1.79147561937e+15,-2.04913449287,1,1,0.18680498004,3,0.441591858864,0.0805321708322,2,11.9927616119,1,4,1,79.2229690552,-17.6444320679,0.0320564135909,1,3,1,0,-17.6444320679
1791475619.390430,,,,,,,,,,,,,,,,,,-0.391057133675,-0.920391440392,-0.127559050918,0,-0.217700466514,0.0483278669417,-0.0224604383111,-0.0157118476927,-0.0109399529174,-0.00157122057863,0.0176608562469,-0.217700466514,17.7378406525,3,0,0,8.94802379608,0.150537252426,0.16590282321,0.0905961170793,0.0541749335825,-0.412878453732,1,8,6.82291429257e-05,0.21796323359,47.3979706897,8.5461636713,4444000,2.14075371332e-05,1.79147561938e+15,1.79147561938e+15,-2.04914188385,1,1,0.182909980416,3,0.433296114206,0.0794970914721,2,11.993013382,1,4,1,79.2247543335,-17.6439552307,0.031221633777,1,3,1,,-17.6439552307
1791475619.401613,,,,,,,,,,,,,,,,,,-0.385683238506,-0.908356547356,-0.122124783695,0,-0.217700466514,0.0483278669417,-0.0224604383111,-0.0157118476927,-0.0109399529174,-0.00157122057863,0.0176608562469,-0.217700466514,17.7361335754,3,0,0,8.95123672485,0.151350408792,0.166420117021,0.0912670791149,0.054332010448,-0.412927091122,1,8,6.83142643538e-05,0.21796323359,47.3979706897,8.5461636713,4444000,2.14965366467e-05,1.7914756194e+15,1.7914756194e+15,-2.04916286469,1,1,0.175207570195,3,0.416936129332,0.077521122992,2,11.9935245514,1,4,1,79.2282714844,-17.6430015564,0.0296648964286,1,3,1,,-17.6430015564
1791475619.410143,,,,,,,,,,,,,,,,,,-0.377479016781,-0.913583874702,-0.120152711868,0,-0.217700466514,0.0483278669417,-0.0224604383111,-0.0157118476927,-0.0109399529174,-0.00157122057863,0.0176608562469,-0.217700466514,17.7352981567,3,0,0,8.9528427124,0.151761680841,0.166679859161,0.0916045978665,0.0544103682041,-0.412948936224,1,8,6.83658654452e-05,0.21796323359,47.3979706897,8.5461636713,4444000,2.15423879126e-05,1.79147561941e+15,1.79147561941e+15,-2.04917192459,1,1,0.171498775482,3,0.408778458834,0.0765485316515,2,11.9937839508,1,4,1,79.2300109863,-17.6425266266,0.0289106685668,1,3,1,,-17.6425266266
1791475619.419019,0,0,0,0,0,0,0,2,0,0,0,0,0,1.79147561942e+15,1.79147561942e+15,1,0,-0.384657412767,-0.899524509907,-0.119229771197,0,-0.217700466514,0.0483278669417,-0.0224604383111,-0.0157118476927,-0.0109399529174,-0.00157122057863,0.0176608562469,-0.217700466514,17.7351741791,3,0,0,8.95444869995,0.150484800339,0.165968179703,0.090538688004,0.0541792623699,-0.412963986397,1,8,6.80607990944e-05,0.21796323359,47.3979706897,8.5461636713,4444000,2.13630119106e-05,1.79147561941e+15,1.79147561941e+15,-2.04917430878,1,1,0.167693793774,3,0.400779932737,0.0755734294653,2,11.9939804077,1,4,1,79.2317199707,-17.642074585,0.0281358528882,1,3,1,0,-17.642074585
1791475619.429906,,,,,,,,,,,,,,,,,,-0.37507879734,-0.88810813427,-0.114082351327,0,-0.217700466514,0.0483278669417,-0.0224604383111,-0.0157118476927,-0.0109399529174,-0.00157122057863,0.0176608562469,-0.217700466514,17.7343616486,3,0,0,8.9560546875,0.150890246034,0.166226550937,0.0908742174506,0.0542577318847,-0.412981033325,1,8,6.81122401147e-05,0.21796323359,47.3979706897,8.5461636713,4444000,2.140876677e-05,1.79147561942e+15,1.79147561942e+15,-2.04917621613,1,1,0.16398665309,3,0.392898917198,0.0746409073472,2,11.9941759109,1,4,1,79.2334136963,-17.6416225433,0.0274096187204,1,3,1,,-17.6416225433
1791475619.441865,,,,,,,,,,,,,,,,,,-0.369839280844,-0.883271872997,-0.106967046857,0,-0.217700466514,0.0483278669417,-0.0224604383111,-0.0157118476927,-0.0109399529174,-0.00157122057863,0.0176608562469,-0.217700466514,17.7331199646,3,0,0,8.9592666626,0.151710152626,0.166558891535,0.0915452390909,0.0543926768005,-0.413029044867,1,8,6.82153913658e-05,0.21796323359,47.3979706897,8.5461636713,4444000,2.15004220081e-05,1.79147561944e+15,1.79147561944e+15,-2.04919433594,1,1,0.156676605344,3,0.377215385437,0.0729000046849,2,11.9945688248,1,4,1,79.2367477417,-17.6407413483,0.0260755699128,1,3,1,,-17.6407413483
1791475619.449943,,,,,,,,,,,,,,,,,,-0.359184622765,-0.882350325584,-0.112006433308,0,-0.217700466514,0.0483278669417,-0.0224604383111,-0.0157118476927,-0.0109399529174,-0.00157122057863,0.0176608562469,-0.217700466514,17.7323360443,3,0,0,8.96087169647,0.152124628425,0.16681919992,0.0918810963631,0.0544708259404,-0.413050204515,1,8,6.82670433889e-05,0.21796323359,47.3979706897,8.5461636713,4444000,2.15463151108e-05,1.79147561945e+15,1.79147561945e+15,-2.04920053482,1,1,0.153156891465,3,0.369455039501,0.0719858631492,2,11.9947652817,1,4,1,79.2383956909,-17.6403007507,0.0253734756261,1,3,1,,-17.6403007507
1791475619.458761,0,0,0,0,0,0,0,2,0,0,0,0,0,1.79147561946e+15,1.79147561946e+15,1,0,,,,,,,,,,,,,,,,,,,,,,,,,,,,,,,,,,,,,,,,,,,,,,,,,,,0,
1791475619.461457,,,,,,,,,,,,,,,,,,-0.367449849844,-0.874353528023,-0.106188461185,0,-0.217700466514,0.0483278669417,-0.0224604383111,-0.0157118476927,-0.0109399529174,-0.00157122057863,0.0176608562469,-0.217700466514,17.732509613,3,0,0,8.96247673035,0.15083232522,0.166105121374,0.0907994955778,0.0542382262647,-0.413078188896,1,8,6.79632576066e-05,0.21796323359,47.3979706897,8.5461636713,4444000,2.13652820094e-05,1.79147561945e+15,1.79147561945e+15,-2.04921412468,1,1,0.149529367685,3,0.361816436052,0.0711056441069,2,11.9948968887,1,4,1,79.240020752,-17.6398906708,0.0246790442616,1,3,1,,-17.6398906708
1791475619.469747,,,,,,,,,,,,,,,,,,-0.36593234539,-0.870292007923,-0.103509046137,0,-0.217700466514,0.0483278669417,-0.0224604383111,-0.0157118476927,-0.0109399529174,-0.00157122057863,0.0176608562469,-0.217700466514,17.7317447662,3,0,0,8.96408176422,0.151240423322,0.16636402905,0.0911288782954,0.0543164610863,-0.413104474545,1,8,6.79969380144e-05,0.21796323359,47.3979706897,8.5461636713,4444000,2.1408603061e-05,1.79147561946e+15,1.79147561946e+15,-2.04922318459,1,1,0.145944610238,3,0.354230344296,0.0702480748296,2,11.9950342178,1,4,1,79.2416381836,-17.6394805908,0.0240136180073,1,3,1,,-17.6394805908
1791475619.481909,,,,,,,,,,,,,,,,,,-0.359159708023,-0.852402627468,-0.102575860918,0,-0.217700466514,0.0483278669417,-0.0224604383111,-0.0157118476927,-0.0109399529174,-0.00157122057863,0.0176608562469,-0.217700466514,17.730255127,3,0,0,8.96729183197,0.152066469193,0.166884049773,0.0917965844274,0.054472617805,-0.413147270679,1,8,6.81001911289e-05,0.21796323359,47.3979706897,8.5461636713,4444000,2.15003547055e-05,1.79147561948e+15,1.79147561948e+15,-2.04923343658,1,1,0.138979494572,3,0.339345306158,0.0685364753008,2,11.9953069687,1,4,1,79.2448043823,-17.6386585236,0.0227038674057,1,3,1,,-17.6386585236
1791475619.489843,,,,,,,,,,,,,,,,,,-0.353536367416,-0.852066397667,-0.102735586464,0,-0.217700466514,0.0483278669417,-0.0224604383111,-0.0157118476927,-0.0109399529174,-0.00157122057863,0.0176608562469,-0.217700466514,17.7303504944,3,0,0,8.96889686584,0.150775521994,0.166169032454,0.0907166227698,0.0542397014797,-0.41315895319,1,8,6.78021460772e-05,0.21796323359,47.3979706897,8.5461636713,4444000,2.13209059439e-05,1.79147561949e+15,1.79147561949e+15,-2.04922938347,1,1,0.135497108102,3,0.33199635148,0.0676783770323,2,11.995382309,1,4,1,79.2463684082,-17.6382751465,0.0220274552703,1,3,1,,-17.6382751465
1791475619.498540,0,0,0,0,0,0,0,2,0,0,0,0,0,1.7914756195e+15,1.7914756195e+15,1,0,,,,,,,,,,,,,,,,,,,,,,,,,,,,,,,,,,,,,,,,,,,,,,,,,,,0,
1791475619.501725,,,,,,,,,,,,,,,,,,-0.351900577545,-0.849297821522,-0.0966414734721,0,-0.217700466514,0.0483278669417,-0.0224604383111,-0.0157118476927,-0.0109399529174,-0.00157122057863,0.0176608562469,-0.217700466514,17.7295608521,3,0,0,8.97050094604,0.151184096932,0.166241884232,0.0910483673215,0.0542962253094,-0.413180708885,1,8,6.78536889609e-05,0.21796323359,47.3979706897,8.5461636713,4444000,2.13666990021e-05,1.79147561949e+15,1.79147561949e+15,-2.04923295975,1,1,0.132047042251,3,0.324688792229,0.0668711811304,2,11.9954586029,1,4,1,79.2479095459,-17.6378879547,0.0214104019105,1,3,1,,-17.6378879547
1791475619.509683,,,,,,,,,,,,,,,,,,-0.343547344208,-0.836691975594,-0.0980296134949,0,-0.217700466514,0.0483278669417,-0.0224604383111,-0.0157118476927,-0.0109399529174,-0.00157122057863,0.0176608562469,-0.217700466514,17.7288513184,3,0,0,8.97210502625,0.151595681906,0.166501328349,0.0913803428411,0.0543742999434,-0.413200944662,1,8,6.79052900523e-05,0.21796323359,47.3979706897,8.5461636713,4444000,2.1412542992e-05,1.7914756195e+15,1.7914756195e+15,-2.04923534393,1,1,0.128682523966,3,0.317500799894,0.0660545229912,2,11.9955339432,1,4,1,79.2494354248,-17.6375007629,0.020789667964,1,3,1,,-17.6375007629
1791475619.521906,,,,,,,,,,,,,,,,,,-0.333616375923,-0.834025681019,-0.0954493805766,0,-0.217700466514,0.0483278669417,-0.0224604383111,-0.0157118476927,-0.0109399529174,-0.00157122057863,0.0176608562469,-0.217700466514,17.7280712128,3,0,0,8.97531318665,0.150720581412,0.166048511863,0.0906342342496,0.0542197078466,-0.413248300552,1,8,6.76646523061e-05,0.21796323359,47.3979706897,8.5461636713,4444000,2.12804770854e-05,1.79147561952e+15,1.79147561952e+15,-2.0492477417,1,1,0.122077360749,3,0.303203195333,0.0644874870777,2,11.9956264496,1,4,1,79.2524337769,-17.6367454529,0.0196102336049,1,3,1,,-17.6367454529
1791475619.530102,,,,,,,,,,,,,,,,,,-0.338262110949,-0.82487142086,-0.0973101630807,0,-0.217700466514,0.0483278669417,-0.0224604383111,-0.0157118476927,-0.0109399529174,-0.00157122057863,0.0176608562469,-0.217700466514,17.727388382,3,0,0,8.97691726685,0.151129245758,0.166307300329,0.0909645110369,0.0542978160083,-0.413271874189,1,8,6.77162461216e-05,0.21796323359,47.3979706897,8.5461636713,4444000,2.13262719626e-05,1.79147561953e+15,1.79147561953e+15,-2.04925203323,1,1,0.118760362267,3,0.296196579933,0.0636708512902,2,11.9956436157,1,4,1,79.25390625,-17.6363773346,0.0189855042845,1,3,1,,-17.6363773346
1791475619.542350,0,0,0,0,0,0,0,2,0,0,0,0,0,1.79147561954e+15,1.79147561954e+15,1,0,-0.345274329185,-0.816304445267,-0.0880295336246,0,-0.217700466514,0.0483278669417,-0.0224604383111,-0.0157118476927,-0.0109399529174,-0.00157122057863,0.0176608562469,-0.217700466514,17.7267112732,3,0,0,8.97852134705,0.151540458202,0.166566833854,0.091290846467,0.0543757975101,-0.413295954466,1,8,6.77499629091e-05,0.21796323359,47.3979706897,8.5461636713,4444000,2.13696657738e-05,1.79147561953e+15,1.79147561953e+15,-2.04925727844,1,1,0.115414507687,3,0.289272576571,0.0629298463464,2,11.9956645966,1,4,1,79.255355835,-17.636007309,0.0184420011938,1,3,1,0,-17.636007309
1791475619.549867,,,,,,,,,,,,,,,,,,-0.331395059824,-0.803220152855,-0.0909259468317,0,-0.217700466514,0.0483278669417,-0.0224604383111,-0.0157118476927,-0.0109399529174,-0.00157122057863,0.0176608562469,-0.217700466514,17.7260456085,3,0,0,8.98012542725,0.151955097914,0.166827112436,0.0916212946177,0.054453689605,-0.413323193789,1,8,6.78016440361e-05,0.21796323359,47.3979706897,8.5461636713,4444000,2.14155443246e-05,1.79147561954e+15,1.79147561954e+15,-2.04926633835,1,1,0.112197041512,3,0.282468765974,0.0621673502028,2,11.9956846237,1,4,1,79.2567901611,-17.6356391907,0.0178822800517,1,3,1,,-17.6356391907
1791475619.561493,,,,,,,,,,,,,,,,,,-0.328705459833,-0.799677729607,-0.0881114900112,0,-0.217700466514,0.0483278669417,-0.0224604383111,-0.0157118476927,-0.0109399529174,-0.00157122057863,0.0176608562469,-0.217700466514,17.7256393433,3,0,0,8.9833316803,0.151075392962,0.166186675429,0.0908743143082,0.0542774833739,-0.413381069899,1,8,6.75671180943e-05,0.21796323359,47.3979706897,8.5461636713,4444000,2.12849372474e-05,1.79147561956e+15,1.79147561956e+15,-2.04928612709,1,1,0.105748817325,3,0.268975734711,0.0606975033879,2,11.9956130981,1,4,1,79.2596282959,-17.6349563599,0.0167742706835,1,3,1,,-17.6349563599
1791475619.569543,,,,,,,,,,,,,,,,,,-0.321918874979,-0.802742421627,-0.0801305249333,0,-0.217700466514,0.0483278669417,-0.0224604383111,-0.0157118476927,-0.0109399529174,-0.00157122057863,0.0176608562469,-0.217700466514,17.7249984741,3,0,0,8.98493480682,0.151487097144,0.166446000338,0.0912033766508,0.0543554574251,-0.413397669792,1,8,6.76187919453e-05,0.21796323359,47.3979706897,8.5461636713,4444000,2.13307739614e-05,1.79147561957e+15,1.79147561957e+15,-2.04928302765,1,1,0.10260707885,3,0.262255370617,0.0600159429014,2,11.9955759048,1,4,1,79.2610092163,-17.6346130371,0.0162822008133,1,3,1,,-17.6346130371
1791475619.579035,0,0,0,0,0,0,0,2,0,0,0,0,0,1.79147561958e+15,1.79147561958e+15,1,0,-0.321597665548,-0.78939306736,-0.0817179605365,0,-0.217700466514,0.0483278669417,-0.0224604383111,-0.0157118476927,-0.0109399529174,-0.00157122057863,0.0176608562469,-0.217700466514,17.7243652344,3,0,0,8.98653793335,0.15190179646,0.166706085205,0.0915323793888,0.0544333048165,-0.413413763046,1,8,6.7670502176e-05,0.21796323359,47.3979706897,8.5461636713,4444000,2.13766397792e-05,1.79147561957e+15,1.79147561957e+15,-2.04927968979,1,1,0.0994847416878,3,0.255654722452,0.0593234449625,2,11.9955377579,1,4,1,79.2623748779,-17.6342697144,0.0157845709473,1,3,1,0,-17.6342697144
1791475619.589808,,,,,,,,,,,,,,,,,,-0.321969419718,-0.784422934055,-0.0778040811419,0,-0.217700466514,0.0483278669417,-0.0224604383111,-0.0157118476927,-0.0109399529174,-0.00157122057863,0.0176608562469,-0.217700466514,17.7243175507,3,0,0,8.98814105988,0.150614604354,0.165994122624,0.0904587581754,0.0542008504272,-0.413445800543,1,8,6.73904432915e-05,0.21796323359,47.3979706897,8.5461636713,4444000,2.12017148442e-05,1.79147561958e+15,1.79147561958e+15,-2.04929280281,1,1,0.0963352099061,3,0.249142378569,0.0586521141231,2,11.9954481125,1,4,1,79.2637329102,-17.6339435577,0.0152935925871,1,3,1,,-17.6339435577
1791475619.601738,,,,,,,,,,,,,,,,,,-0.307178348303,-0.769586443901,-0.0739130154252,0,-0.217700466514,0.0483278669417,-0.0224604383111,-0.0157118476927,-0.0109399529174,-0.00157122057863,0.0176608562469,-0.217700466514,17.7230930328,3,0,0,8.99134731293,0.151435151696,0.166512235999,0.0911139622331,0.0543567836285,-0.413484305143,1,8,6.74937909935e-05,0.21796323359,47.3979706897,8.5461636713,4444000,2.12933082366e-05,1.7914756196e+15,1.7914756196e+15,-2.04929065704,1,1,0.0902436822653,3,0.236331224442,0.0573530159891,2,11.995267868,1,4,1,79.2663879395,-17.6332893372,0.0143716558814,1,3,1,,-17.6332893372
1791475619.609573,,,,,,,,,,,,,,,,,,-0.303353101015,-0.755812048912,-0.0714589804411,0,-0.217700466514,0.0483278669417,-0.0224604383111,-0.0157118476927,-0.0109399529174,-0.00157122057863,0.0176608562469,-0.217700466514,17.7224884033,3,0,0,8.99295043945,0.151849463582,0.166772410274,0.0914379656315,0.0544345825911,-0.413506984711,1,8,6.75275950925e-05,0.21796323359,47.3979706897,8.5461636713,4444000,2.13367711694e-05,1.79147561961e+15,1.79147561961e+15,-2.04929351807,1,1,0.087300889194,3,0.23007902503,0.0567379295826,2,11.9951810837,1,4,1,79.2676773071,-17.6329593658,0.013952953741,1,3,1,,-17.6329593658
1791475619.619337,0,0,0,0,0,0,0,2,0,0,0,0,0,1.79147561962e+15,1.79147561962e+15,1,0,-0.310061186552,-0.744499742985,-0.0672312378883,0,-0.217700466514,0.0483278669417,-0.0224604383111,-0.0157118476927,-0.0109399529174,-0.00157122057863,0.0176608562469,-0.217700466514,17.7217826843,3,0,0,8.99455356598,0.150563463569,0.165874585509,0.0903670489788,0.0541804470122,-0.413529425859,1,8,6.72539026709e-05,0.21796323359,47.3979706897,8.5461636713,4444000,2.11633541767e-05,1.79147561961e+15,1.79147561961e+15,-2.04929685593,1,1,0.0842780470848,3,0.223978877068,0.0561527647078,2,11.9950399399,1,4,1,79.2689819336,-17.6326255798,0.0135720204562,1,3,1,0,-17.6326255798
1791475619.629878,,,,,,,,,,,,,,,,,,-0.299742996693,-0.746369957924,-0.0727879777551,0,-0.217700466514,0.0483278669417,-0.0224604383111,-0.0157118476927,-0.0109399529174,-0.00157122057863,0.0176608562469,-0.217700466514,17.7211952209,3,0,0,8.99615573883,0.150972306728,0.166133075953,0.0906932651997,0.054258428514,-0.413549542427,1,8,6.7305554694e-05,0.21796323359,47.3979706897,8.5461636713,4444000,2.12091181311e-05,1.79147561962e+15,1.79147561962e+15,-2.04929637909,1,1,0.081353880465,3,0.217872425914,0.0555250756443,2,11.9948987961,1,4,1,79.2702636719,-17.6322898865,0.0131530957296,1,3,1,,-17.6322898865
1791475619.641536,,,,,,,,,,,,,,,,,,-0.29355609417,-0.72782343626,-0.0646752268076,0,-0.217700466514,0.0483278669417,-0.0224604383111,-0.0157118476927,-0.0109399529174,-0.00157122057863,0.0176608562469,-0.217700466514,17.720041275,3,0,0,8.99936008453,0.151798918843,0.166652277112,0.0913463681936,0.0544140860438,-0.413583666086,1,8,6.7409069743e-05,0.21796323359,47.3979706897,8.5461636713,4444000,2.13007751881e-05,1.79147561964e+15,1.79147561964e+15,-2.04929065704,1,1,0.0755671933293,3,0.205881536007,0.054393067956,2,11.9946146011,1,4,1,79.2727584839,-17.6316184998,0.012451313436,1,3,1,,-17.6316184998
1791475619.649638,,,,,,,,,,,,,,,,,,-0.293658912182,-0.725397586823,-0.0663311183453,0,-0.217700466514,0.0483278669417,-0.0224604383111,-0.0157118476927,-0.0109399529174,-0.00157122057863,0.0176608562469,-0.217700466514,17.7198314667,3,0,0,9.00096225739,0.150514066219,0.165941312909,0.0902779847383,0.0541817545891,-0.413596183062,1,8,6.71416346449e-05,0.21796323359,47.3979706897,8.5461636713,4444000,2.11287824641e-05,1.79147561965e+15,1.79147561965e+15,-2.0492837429,1,1,0.0726981088519,3,0.200010597706,0.0538132376969,2,11.9944229126,1,4,1,79.2740020752,-17.6312923431,0.0120802232996,1,3,1,,-17.6312923431
1791475619.658873,0,0,0,0,0,0,0,2,0,0,0,0,0,1.79147561966e+15,1.79147561966e+15,1,0,-0.284633278847,-0.717728078365,-0.0703805088997,0,-0.217700466514,0.0483278669417,-0.0224604383111,-0.0157118476927,-0.0109399529174,-0.00157122057863,0.0176608562469,-0.217700466514,17.7192726135,3,0,0,9.00256443024,0.150922968984,0.16619990766,0.090602979064,0.0542596764863,-0.413617223501,1,8,6.71933667036e-05,0.21796323359,47.3979706897,8.5461636713,4444000,2.11745409615e-05,1.79147561965e+15,1.79147561965e+15,-2.04928398132,1,1,0.0699167177081,3,0.194207519293,0.0532029829919,2,11.9942312241,1,4,1,79.2752151489,-17.6309661865,0.0116828400642,1,3,1,0,-17.6309661865
1791475619.669732,,,,,,,,,,,,,,,,,,-0.280957072973,-0.708821296692,-0.0690449923277,0,-0.217700466514,0.0483278669417,-0.0224604383111,-0.0157118476927,-0.0109399529174,-0.00157122057863,0.0176608562469,-0.217700466514,17.7187194824,3,0,0,9.00416660309,0.15133485198,0.166459232569,0.0909282118082,0.0543375089765,-0.41363209486,1,8,6.72451496939e-05,0.21796323359,47.3979706897,8.5461636713,4444000,2.12203376577e-05,1.79147561966e+15,1.79147561966e+15,-2.04927873611,1,1,0.0671797841787,3,0.188481986523,0.0526053234935,2,11.9940395355,1,4,1,79.2764053345,-17.6306400299,0.011301998049,1,3,1,,-17.6306400299
1791475619.681973,,,,,,,,,,,,,,,,,,-0.270448148251,-0.69277369976,-0.0742119699717,0,-0.217700466514,0.0483278669417,-0.0224604383111,-0.0157118476927,-0.0109399529174,-0.00157122057863,0.0176608562469,-0.217700466514,17.7182102203,3,0,0,9.00737094879,0.150465533137,0.165823191404,0.0901843607426,0.0541614070535,-0.413660168648,1,8,6.70180670568e-05,0.21796323359,47.3979706897,8.5461636713,4444000,2.10932903428e-05,1.79147561968e+15,1.79147561968e+15,-2.04926776886,1,1,0.0619299970567,3,0.177352964878,0.0513782501221,2,11.9936208725,1,4,1,79.2787704468,-17.6300163269,0.0104886349291,1,3,1,,-17.6300163269
1791475619.689558,,,,,,,,,,,,,,,,,,-0.268639802933,-0.682137727737,-0.07372302562,0,-0.217700466514,0.0483278669417,-0.0224604383111,-0.0157118476927,-0.0109399529174,-0.00157122057863,0.0176608562469,-0.217700466514,17.7176780701,3,0,0,9.00897312164,0.150874480605,0.166081592441,0.0905081927776,0.0542393177748,-0.413680255413,1,8,6.70698063914e-05,0.21796323359,47.3979706897,8.5461636713,4444000,2.11390361073e-05,1.79147561969e+15,1.79147561969e+15,-2.04926729202,1,1,0.0593094676733,3,0.171917170286,0.0507387891412,2,11.9933958054,1,4,1,79.2799377441,-17.6297073364,0.0100582800806,1,3,1,,-17.6297073364
1791475619.698189,0,0,0,0,0,0,0,2,0,0,0,0,0,1.7914756197e+15,1.7914756197e+15,1,0,,,,,,,,,,,,,,,,,,,,,,,,,,,,,,,,,,,,,,,,,,,,,,,,,,,0,
1791475619.701598,,,,,,,,,,,,,,,,,,-0.258940726519,-0.674684166908,-0.0728317499161,0,-0.217700466514,0.0483278669417,-0.0224604383111,-0.0157118476927,-0.0109399529174,-0.00157122057863,0.0176608562469,-0.217700466514,17.7171516418,3,0,0,9.01057529449,0.151286408305,0.166340738535,0.0908321067691,0.054317086935,-0.413699448109,1,8,6.71216475894e-05,0.21796323359,47.3979706897,8.5461636713,4444000,2.11848346225e-05,1.79147561969e+15,1.79147561969e+15,-2.04926633835,1,1,0.0567806884646,3,0.166544929147,0.0501084327698,2,11.9931697845,1,4,1,79.2810821533,-17.6293983459,0.00964086689055,1,3,1,,-17.6293983459
1791475619.709548,,,,,,,,,,,,,,,,,,-0.25471791625,-0.666118383408,-0.0730166137218,0,-0.217700466514,0.0483278669417,-0.0224604383111,-0.0157118476927,-0.0109399529174,-0.00157122057863,0.0176608562469,-0.217700466514,17.7166309357,3,0,0,9.01217746735,0.151701301336,0.166600614786,0.0911562740803,0.0543947778642,-0.413717806339,1,8,6.71735397191e-05,0.21796323359,47.3979706897,8.5461636713,4444000,2.12306658796e-05,1.7914756197e+15,1.7914756197e+15,-2.04926490784,1,1,0.0542994663119,3,0.161245003343,0.049478508532,2,11.9929447174,1,4,1,79.2822113037,-17.6290893555,0.00922753661871,1,3,1,,-17.6290893555
1791475619.721865,,,,,,,,,,,,,,,,,,-0.255771905184,-0.642104804516,-0.0618402808905,0,-0.217700466514,0.0483278669417,-0.0224604383111,-0.0157118476927,-0.0109399529174,-0.00157122057863,0.0176608562469,-0.217700466514,17.7157611847,3,0,0,9.01538085938,0.150820091367,0.166146814823,0.0904020741582,0.0542384311557,-0.413752615452,1,8,6.69683358865e-05,0.21796323359,47.3979706897,8.5461636713,4444000,2.11045116885e-05,1.79147561972e+15,1.79147561972e+15,-2.04926156998,1,1,0.049293614924,3,0.150953367352,0.0483299344778,2,11.9924602509,1,4,1,79.2844314575,-17.6284790039,0.00851672142744,1,3,1,,-17.6284790039
1791475619.729883,,,,,,,,,,,,,,,,,,-0.253673732281,-0.639554560184,-0.0606188513339,0,-0.217700466514,0.0483278669417,-0.0224604383111,-0.0157118476927,-0.0109399529174,-0.00157122057863,0.0176608562469,-0.217700466514,17.7152576447,3,0,0,9.01698207855,0.151231944561,0.166406050324,0.0907248929143,0.0543161667883,-0.413765847683,1,8,6.70202280162e-05,0.21796323359,47.3979706897,8.5461636713,4444000,2.11502883758e-05,1.79147561973e+15,1.79147561973e+15,-2.04925465584,1,1,0.0468301922083,3,0.145936906338,0.0477978363633,2,11.9922008514,1,4,1,79.2855377197,-17.6281757355,0.00820565782487,1,3,1,,-17.6281757355
1791475619.738424,0,0,0,0,0,0,0,2,0,0,0,0,0,1.79147561974e+15,1.79147561974e+15,1,0,,,,,,,,,,,,,,,,,,,,,,,,,,,,,,,,,,,,,,,,,,,,,,,,,,,0,
1791475619.741461,,,,,,,,,,,,,,,,,,-0.253679543734,-0.638945579529,-0.0567040368915,0,-0.217700466514,0.0483278669417,-0.0224604383111,-0.0157118476927,-0.0109399529174,-0.00157122057863,0.0176608562469,-0.217700466514,17.7146778107,3,0,0,9.01858329773,0.151646777987,0.166479080915,0.0910478755832,0.0543719679117,-0.413779675961,1,8,6.70721710776e-05,0.21796323359,47.3979706897,8.5461636713,4444000,2.11961050809e-05,1.79147561973e+15,1.79147561973e+15,-2.04924893379,1,1,0.0443798415363,3,0.140926942229,0.0472994633019,2,11.9919404984,1,4,1,79.2866134644,-17.6278686523,0.00793412793428,1,3,1,,-17.6278686523
1791475619.749697,,,,,,,,,,,,,,,,,,-0.24159103632,-0.628403484821,-0.0602882318199,0,-0.217700466514,0.0483278669417,-0.0224604383111,-0.0157118476927,-0.0109399529174,-0.00157122057863,0.0176608562469,-0.217700466514,17.7141838074,3,0,0,9.02018451691,0.152064114809,0.16673950851,0.0913673490286,0.054449506104,-0.413794666529,1,8,6.7106091592e-05,0.21796323359,47.3979706897,8.5461636713,4444000,2.12396553252e-05,1.79147561974e+15,1.79147561974e+15,-2.04924464226,1,1,0.0420449860394,3,0.136001884937,0.0467739887536,2,11.99168396,1,4,1,79.2876663208,-17.6275615692,0.00763838132843,1,3,1,,-17.6275615692
1791475619.761906,,,,,,,,,,,,,,,,,,-0.229210913181,-0.611352443695,-0.0557480342686,0,-0.217700466514,0.0483278669417,-0.0224604383111,-0.0157118476927,-0.0109399529174,-0.00157122057863,0.0176608562469,-0.217700466514,17.7133464813,3,0,0,9.02338695526,0.151178359985,0.166286095977,0.0906132906675,0.0542936474085,-0.41381418705,1,8,6.69077198836e-05,0.21796323359,47.3979706897,8.5461636713,4444000,2.11149563256e-05,1.79147561976e+15,1.79147561976e+15,-2.04922628403,1,1,0.037529297173,3,0.126456230879,0.0457329042256,2,11.9911184311,1,4,1,79.2898101807,-17.6269569397,0.00705476664007,1,3,1,,-17.6269569397
1791475619.770089,,,,,,,,,,,,,,,,,,-0.225960418582,-0.607594609261,-0.0633252710104,0,-0.217700466514,0.0483278669417,-0.0224604383111,-0.0157118476927,-0.0109399529174,-0.00157122057863,0.0176608562469,-0.217700466514,17.7128696442,3,0,0,9.02498817444,0.151593118906,0.16654586792,0.0909346789122,0.0543712079525,-0.413826882839,1,8,6.69597357046e-05,0.21796323359,47.3979706897,8.5461636713,4444000,2.11607693927e-05,1.79147561977e+15,1.79147561977e+15,-2.04921984673,1,1,0.0353331714869,3,0.12176464498,0.0451799631119,2,11.9908361435,1,4,1,79.2908477783,-17.6266555786,0.00673448992893,1,3,1,,-17.6266555786
1791475619.778956,0,0,0,0,0,0,0,2,0,0,0,0,0,1.79147561978e+15,1.79147561978e+15,1,0,,,,,,,,,,,,,,,,,,,,,,,,,,,,,,,,,,,,,,,,,,,,,,,,,,,0,
1791475619.781564,,,,,,,,,,,,,,,,,,-0.216706112027,-0.588770210743,-0.0559170693159,0,-0.217700466514,0.0483278669417,-0.0224604383111,-0.0157118476927,-0.0109399529174,-0.00157122057863,0.0176608562469,-0.217700466514,17.7123966217,3,0,0,9.02658939362,0.152010843158,0.166806384921,0.0912564918399,0.054448671639,-0.413844376802,1,8,6.70117879054e-05,0.21796323359,47.3979706897,8.5461636713,4444000,2.12066188396e-05,1.79147561977e+15,1.79147561977e+15,-2.04921889305,1,1,0.033222950995,3,0.117223247886,0.0446881465614,2,11.9905548096,1,4,1,79.2918624878,-17.6263523102,0.00647778250277,1,3,1,,-17.6263523102
1791475619.789896,,,,,,,,,,,,,,,,,,-0.218629062176,-0.585007071495,-0.0502071306109,0,-0.217700466514,0.0483278669417,-0.0224604383111,-0.0157118476927,-0.0109399529174,-0.00157122057863,0.0176608562469,-0.217700466514,17.7116184235,3,0,0,9.02819061279,0.150714755058,0.166092947125,0.090184442699,0.0542149245739,-0.413855105639,1,8,6.67682761559e-05,0.21796323359,47.3979706897,8.5461636713,4444000,2.10376201721e-05,1.79147561978e+15,1.79147561978e+15,-2.04921150208,1,1,0.0310895238072,3,0.112781830132,0.0442446023226,2,11.9902477264,1,4,1,79.2929077148,-17.6260414124,0.00628163572401,1,3,1,,-17.6260414124
1791475619.801698,,,,,,,,,,,,,,,,,,-0.210485592484,-0.567200183868,-0.061241440475,0,-0.217700466514,0.0483278669417,-0.0224604383111,-0.0157118476927,-0.0109399529174,-0.00157122057863,0.0176608562469,-0.217700466514,17.710641861,3,0,0,9.03139305115,0.151541188359,0.16642574966,0.0908248946071,0.0543484129012,-0.413874983788,1,8,6.68723878334e-05,0.21796323359,47.3979706897,8.5461636713,4444000,2.11291844607e-05,1.7914756198e+15,1.7914756198e+15,-2.0491938591,1,1,0.0269446782768,3,0.104092791677,0.0432270281017,2,11.9896354675,1,4,1,79.2949295044,-17.625415802,0.00576747115701,1,3,1,,-17.625415802
1791475619.809582,,,,,,,,,,,,,,,,,,-0.213123440742,-0.565095543861,-0.0564875043929,0,-0.217700466514,0.0483278669417,-0.0224604383111,-0.0157118476927,-0.0109399529174,-0.00157122057863,0.0176608562469,-0.217700466514,17.7101860046,3,0,0,9.03299427032,0.151958853006,0.166686058044,0.0911455154419,0.0544258244336,-0.41387155652,1,8,6.69245127938e-05,0.21796323359,47.3979706897,8.5461636713,4444000,2.11750229937e-05,1.79147561981e+15,1.79147561981e+15,-2.04917240143,1,1,0.024889593944,3,0.0998037606478,0.0427385643125,2,11.9893302917,1,4,1,79.2959060669,-17.6251049042,0.00553300091997,1,3,1,,-17.6251049042
1791475619.818219,0,0,0,0,0,0,0,2,0,0,0,0,0,1.79147561982e+15,1.79147561982e+15,1,0,,,,,,,,,,,,,,,,,,,,,,,,,,,,,,,,,,,,,,,,,,,,,,,,,,,0,
1791475619.821710,,,,,,,,,,,,,,,,,,-0.205346107483,-0.555173635483,-0.0547645576298,0,-0.217700466514,0.0483278669417,-0.0224604383111,-0.0157118476927,-0.0109399529174,-0.00157122057863,0.0176608562469,-0.217700466514,17.7092075348,3,0,0,9.0345954895,0.150663763285,0.165974587202,0.0900734364986,0.0541924573481,-0.413883984089,1,8,6.66697160341e-05,0.21796323359,47.3979706897,8.5461636713,4444000,2.10052239709e-05,1.79147561981e+15,1.79147561981e+15,-2.04916715622,1,1,0.0229055155069,3,0.0956616178155,0.0422698557377,2,11.9890165329,1,4,1,79.296913147,-17.6247768402,0.0053369551897,1,3,1,,-17.6247768402
1791475619.829891,,,,,,,,,,,,,,,,,,-0.197905361652,-0.543851733208,-0.0618952289224,0,-0.217700466514,0.0483278669417,-0.0224604383111,-0.0157118476927,-0.0109399529174,-0.00157122057863,0.0176608562469,-0.217700466514,17.7087593079,3,0,0,9.03619670868,0.151075437665,0.166233509779,0.0903922468424,0.0542699843645,-0.41389170289,1,8,6.67217609589e-05,0.21796323359,47.3979706897,8.5461636713,4444000,2.10509679164e-05,1.79147561982e+15,1.79147561982e+15,-2.04915690422,1,1,0.0209915582091,3,0.0916059613228,0.0417454838753,2,11.9887037277,1,4,1,79.2978973389,-17.6244506836,0.0050859041512,1,3,1,,-17.6244506836
1791475619.841916,,,,,,,,,,,,,,,,,,-0.185328811407,-0.521881222725,-0.0607222281396,0,-0.217700466514,0.0483278669417,-0.0224604383111,-0.0157118476927,-0.0109399529174,-0.00157122057863,0.0176608562469,-0.217700466514,17.7078781128,3,0,0,9.03939914703,0.151907637715,0.166753560305,0.091030985117,0.0544247329235,-0.413908600807,1,8,6.68260909151e-05,0.21796323359,47.3979706897,8.5461636713,4444000,2.11425904126e-05,1.79147561984e+15,1.79147561984e+15,-2.04913926125,1,1,0.0173193961382,3,0.0837402790785,0.0407392941415,2,11.9880819321,1,4,1,79.2998046875,-17.6238021851,0.00462787179276,1,3,1,,-17.6238021851
1791475619.849628,,,,,,,,,,,,,,,,,,-0.188536778092,-0.513111889362,-0.0572376847267,0,-0.217700466514,0.0483278669417,-0.0224604383111,-0.0157118476927,-0.0109399529174,-0.00157122057863,0.0176608562469,-0.217700466514,17.7070865631,3,0,0,9.04100036621,0.150614410639,0.166041091084,0.0899658203125,0.0541911423206,-0.413913428783,1,8,6.65964616928e-05,0.21796323359,47.3979706897,8.5461636713,4444000,2.09764712054e-05,1.79147561985e+15,1.79147561985e+15,-2.04912757874,1,1,0.0154955405742,3,0.0799901857972,0.0402568355203,2,11.987745285,1,4,1,79.3007736206,-17.6234703064,0.00443161884323,1,3,1,,-17.6234703064
1791475619.859031,0,0,0,0,0,0,0,2,0,0,0,0,0,1.79147561986e+15,1.79147561986e+15,1,0,-0.173558354378,-0.50296318531,-0.0569568909705,0,-0.217700466514,0.0483278669417,-0.0224604383111,-0.0157118476927,-0.0109399529174,-0.00157122057863,0.0176608562469,-0.217700466514,17.7065429688,3,0,0,9.04260158539,0.151026025414,0.166114389896,0.0902837067842,0.0542469732463,-0.413922131062,1,8,6.6648615757e-05,0.21796323359,47.3979706897,8.5461636713,4444000,2.10222096939e-05,1.79147561985e+15,1.79147561985e+15,-2.04911875725,1,1,0.0138014163822,3,0.0763156116009,0.0397785454988,2,11.987411499,1,4,1,79.3017272949,-17.623134613,0.00424314523116,1,3,1,0,-17.623134613
1791475619.869754,,,,,,,,,,,,,,,,,,-0.167590558529,-0.496407002211,-0.0600977763534,0,-0.217700466514,0.0483278669417,-0.0224604383111,-0.0157118476927,-0.0109399529174,-0.00157122057863,0.0176608562469,-0.217700466514,17.70611763,3,0,0,9.04420280457,0.15144059062,0.166373848915,0.0906018093228,0.0543243549764,-0.41391864419,1,8,6.67008498567e-05,0.21796323359,47.3979706897,8.5461636713,4444000,2.10679972952e-05,1.79147561986e+15,1.79147561986e+15,-2.04909849167,1,1,0.01216466818,3,0.0726878941059,0.0392762757838,2,11.9870786667,1,4,1,79.3026504517,-17.6228027344,0.00403038784862,1,3,1,,-17.6228027344
1791475619.881814,,,,,,,,,,,,,,,,,,-0.162443310022,-0.478451102972,-0.0608754307032,0,-0.217700466514,0.0483278669417,-0.0224604383111,-0.0157118476927,-0.0109399529174,-0.00157122057863,0.0176608562469,-0.217700466514,17.7049846649,3,0,0,9.04740333557,0.150566250086,0.165923520923,0.0898576900363,0.0541684105992,-0.413926899433,1,8,6.65304760332e-05,0.21796323359,47.3979706897,8.5461636713,4444000,2.09490535781e-05,1.79147561988e+15,1.79147561988e+15,-2.04907488823,1,1,0.00896782893687,3,0.065713390708,0.0383325181901,2,11.9863967896,1,4,1,79.3045043945,-17.622133255,0.00367381842807,1,3,1,,-17.622133255
1791475619.889654,,,,,,,,,,,,,,,,,,-0.16205728054,-0.475134640932,-0.0568521171808,0,-0.217700466514,0.0483278669417,-0.0224604383111,-0.0157118476927,-0.0109399529174,-0.00157122057863,0.0176608562469,-0.217700466514,17.7045726776,3,0,0,9.04900360107,0.150977358222,0.16618232429,0.0901709720492,0.0542458109558,-0.413928151131,1,8,6.65644256514e-05,0.21796323359,47.3979706897,8.5461636713,4444000,2.09925819945e-05,1.79147561989e+15,1.79147561989e+15,-2.04905939102,1,1,0.00739635666832,3,0.062314260751,0.0378587245941,2,11.9860486984,1,4,1,79.3054351807,-17.6217975616,0.00349723966792,1,3,1,,-17.6217975616
1791475619.898514,0,0,0,0,0,0,0,2,0,0,0,0,0,1.7914756199e+15,1.7914756199e+15,1,0,,,,,,,,,,,,,,,,,,,,,,,,,,,,,,,,,,,,,,,,,,,,,,,,,,,0,
1791475619.901639,,,,,,,,,,,,,,,,,,-0.153196245432,-0.461654752493,-0.050816681236,0,-0.217700466514,0.0483278669417,-0.0224604383111,-0.0157118476927,-0.0109399529174,-0.00157122057863,0.0176608562469,-0.217700466514,17.704164505,3,0,0,9.05060386658,0.151391848922,0.166441872716,0.0904876887798,0.0543230995536,-0.413933128119,1,8,6.66167252348e-05,0.21796323359,47.3979706897,8.5461636713,4444000,2.10383586818e-05,1.79147561989e+15,1.79147561989e+15,-2.04904818535,1,1,0.0059045990929,3,0.0590158551931,0.0374342501163,2,11.9857034683,1,4,1,79.3063354492,-17.621465683,0.00336906639859,1,3,1,,-17.621465683
1791475619.909638,,,,,,,,,,,,,,,,,,-0.147426754236,-0.447935730219,-0.0618169978261,0,-0.217700466514,0.0483278669417,-0.0224604383111,-0.0157118476927,-0.0109399529174,-0.00157122057863,0.0176608562469,-0.217700466514,17.7037601471,3,0,0,9.05220413208,0.15180927515,0.1667021662,0.0908046588302,0.0544002763927,-0.413936287165,1,8,6.66690903017e-05,0.21796323359,47.3979706897,8.5461636713,4444000,2.10841772059e-05,1.7914756199e+15,1.7914756199e+15,-2.04903578758,1,1,0.00446758931503,3,0.0558202452958,0.036922775209,2,11.9853610992,1,4,1,79.307220459,-17.6211338043,0.00315294228494,1,3,1,,-17.6211338043
1791475619.921861,,,,,,,,,,,,,,,,,,-0.145141556859,-0.43299895525,-0.0497018881142,0,-0.217700466514,0.0483278669417,-0.0224604383111,-0.0157118476927,-0.0109399529174,-0.00157122057863,0.0176608562469,-0.217700466514,17.7023048401,3,0,0,9.05540466309,0.150930285454,0.166064545512,0.0900616273284,0.0542227737606,-0.413949370384,1,8,6.65058541927e-05,0.21796323359,47.3979706897,8.5461636713,4444000,2.09665031434e-05,1.79147561992e+15,1.79147561992e+15,-2.04901814461,1,1,0.00162144261412,3,0.0497852638364,0.0360737815499,2,11.9846544266,1,4,1,79.3090515137,-17.6204376221,0.00293280812912,1,3,1,,-17.6204376221
1791475619.929632,,,,,,,,,,,,,,,,,,-0.140866518021,-0.419470876455,-0.0596251301467,0,-0.217700466514,0.0483278669417,-0.0224604383111,-0.0157118476927,-0.0109399529174,-0.00157122057863,0.0176608562469,-0.217700466514,17.7019119263,3,0,0,9.05700492859,0.151344716549,0.166323900223,0.0903769657016,0.0542999729514,-0.413954406977,1,8,6.65582265356e-05,0.21796323359,47.3979706897,8.5461636713,4444000,2.10122634599e-05,1.79147561993e+15,1.79147561993e+15,-2.04900813103,1,1,0.000261432578554,3,0.0468731112778,0.035581689328,2,11.9843044281,1,4,1,79.3099441528,-17.6200942993,0.00275246938691,1,3,1,,-17.6200942993
1791475619.938992,0,0,0,0,0,0,0,2,0,0,0,0,0,1.79147561994e+15,1.79147561994e+15,1,0,,,,,,,,,,,,,,,,,,,,,,,,,,,,,,,,,,,,,,,,,,,,,,,,,,,0,
1791475619.941924,,,,,,,,,,,,,,,,,,-0.139805793762,-0.414147257805,-0.0585839115083,0,-0.217700466514,0.0483278669417,-0.0224604383111,-0.0157118476927,-0.0109399529174,-0.00157122057863,0.0176608562469,-0.217700466514,17.7015228271,3,0,0,9.05860519409,0.15176205337,0.166583999991,0.090692460537,0.0543770715594,-0.413950234652,1,8,6.6610678914e-05,0.21796323359,47.3979706897,8.5461636713,4444000,2.1058072889e-05,1.79147561993e+15,1.79147561993e+15,-2.04898953438,1,1,-0.0010823829798,3,0.0439951643348,0.0350988432765,2,11.9839582443,1,4,1,79.3108062744,-17.6197528839,0.00257955281995,1,3,1,,-17.6197528839
1791475619.949771,,,,,,,,,,,,,,,,,,-0.13363391161,-0.401472002268,-0.0631376132369,0,-0.217700466514,0.0483278669417,-0.0224604383111,-0.0157118476927,-0.0109399529174,-0.00157122057863,0.0176608562469,-0.217700466514,17.7014560699,3,0,0,9.06020545959,0.150472909212,0.165874347091,0.0896373316646,0.0541440844536,-0.413961291313,1,8,6.6402106313e-05,0.21796323359,47.3979706897,8.5461636713,4444000,2.08959536394e-05,1.79147561994e+15,1.79147561994e+15,-2.04898643494,1,1,-0.00238414574414,3,0.0412928387523,0.0345699153841,2,11.983587265,1,4,1,79.3117218018,-17.6194267273,0.00234749540687,1,3,1,,-17.6194267273
1791475619.962258,,,,,,,,,,,,,,,,,,-0.119998507202,-0.381318837404,-0.0574928671122,0,-0.217700466514,0.0483278669417,-0.0224604383111,-0.0157118476927,-0.0109399529174,-0.00157122057863,0.0176608562469,-0.217700466514,17.7007007599,3,0,0,9.0634059906,0.151298239827,0.166392505169,0.0902629196644,0.0542984493077,-0.413956910372,1,8,6.64884719299e-05,0.21796323359,47.3979706897,8.5461636713,4444000,2.09852387343e-05,1.79147561996e+15,1.79147561996e+15,-2.04895281792,1,1,-0.00481780711561,3,0.0360668599606,0.0336098745465,2,11.9828557968,1,4,1,79.3134918213,-17.6187820435,0.00197677826509,1,3,1,,-17.6187820435
1791475619.970053,,,,,,,,,,,,,,,,,,-0.121698506176,-0.378620684147,-0.0585019551218,0,-0.217700466514,0.0483278669417,-0.0224604383111,-0.0157118476927,-0.0109399529174,-0.00157122057863,0.0176608562469,-0.217700466514,17.7003288269,3,0,0,9.0650062561,0.151715502143,0.166652709246,0.0905774757266,0.0543754659593,-0.413951933384,1,8,6.65409970679e-05,0.21796323359,47.3979706897,8.5461636713,4444000,2.10310336115e-05,1.79147561997e+15,1.79147561997e+15,-2.04893350601,1,1,-0.00599962472916,3,0.0335173793137,0.0331212989986,2,11.9824962616,1,4,1,79.3143463135,-17.6184654236,0.00178059993777,1,3,1,,-17.6184654236
1791475619.981837,0,0,0,0,0,0,0,2,0,0,0,0,0,1.79147561998e+15,1.79147561998e+15,1,0,-0.118642158806,-0.366765081882,-0.0561498999596,0,-0.217700466514,0.0483278669417,-0.0224604383111,-0.0157118476927,-0.0109399529174,-0.00157122057863,0.0176608562469,-0.217700466514,17.7000236511,3,0,0,9.06660652161,0.152135699987,0.166725888848,0.0908923000097,0.0544303171337,-0.413952469826,1,8,6.65935876896e-05,0.21796323359,47.3979706897,8.5461636713,4444000,2.10768703255e-05,1.79147561997e+15,1.79147561997e+15,-2.04892063141,1,1,-0.00714994873852,3,0.0310532525182,0.0326522104442,2,11.9821395874,1,4,1,79.3151855469,-17.6181526184,0.00160031521227,1,3,1,0,-17.6181526184
1791475619.989496,,,,,,,,,,,,,,,,,,-0.112303577363,-0.362100183964,-0.0611483082175,0,-0.217700466514,0.0483278669417,-0.0224604383111,-0.0157118476927,-0.0109399529174,-0.00157122057863,0.0176608562469,-0.217700466514,17.700056076,3,0,0,9.06820678711,0.150831356645,0.166013747454,0.0898256599903,0.0541960299015,-0.413948953152,1,8,6.63904938847e-05,0.21796323359,47.3979706897,8.5461636713,4444000,2.09133086173e-05,1.79147561998e+15,1.79147561998e+15,-2.04890394211,1,1,-0.00826012995094,3,0.0286982990801,0.0321324765682,2,11.9817581177,1,4,1,79.3160705566,-17.6178569794,0.00135407224298,1,3,1,,-17.6178569794
1791475620.001978,,,,,,,,,,,,,,,,,,-0.105280928314,-0.334949493408,-0.0621089674532,0,-0.217700466514,0.0483278669417,-0.0224604383111,-0.0157118476927,-0.0109399529174,-0.00157122057863,0.0176608562469,-0.217700466514,17.6993427277,3,0,0,9.07140731812,0.151662632823,0.166532978415,0.0904523134232,0.0543500110507,-0.413940668106,1,8,6.64957333356e-05,0.21796323359,47.3979706897,8.5461636713,4444000,2.10048438021e-05,1.79147562e+15,1.79147562e+15,-2.04886770248,1,1,-0.0103288283572,3,0.0243050400168,0.0310671851039,2,11.9810066223,1,4,1,79.3177871704,-17.6172733307,0.000832725607324,1,3,1,,-17.6172733307
1791475620.009574,,,,,,,,,,,,,,,,,,-0.100645929575,-0.330752313137,-0.0626309737563,0,-0.217700466514,0.0483278669417,-0.0224604383111,-0.0157118476927,-0.0109399529174,-0.00157122057863,0.0176608562469,-0.217700466514,17.6989917755,3,0,0,9.07300758362,0.152082651854,0.166793718934,0.0907657593489,0.0544268116355,-0.413928836584,1,8,6.65484622004e-05,0.21796323359,47.3979706897,8.5461636713,4444000,2.10506732401e-05,1.79147562001e+15,1.79147562001e+15,-2.04884266853,1,1,-0.011324913241,3,0.0221680812538,0.0305395144969,2,11.9806375504,1,4,1,79.3186187744,-17.616985321,0.000575434532948,1,3,1,,-17.616985321
1791475620.019546,0,0,0,0,0,0,0,2,0,0,0,0,0,1.79147562002e+15,1.79147562002e+15,1,0,-0.0941901803017,-0.3271946311,-0.0591534152627,0,-0.217700466514,0.0483278669417,-0.0224604383111,-0.0157118476927,-0.0109399529174,-0.00157122057863,0.0176608562469,-0.217700466514,17.6991024017,3,0,0,9.07460784912,0.150780022144,0.166080549359,0.089703142643,0.0541923306882,-0.413932025433,1,8,6.6352680733e-05,0.21796323359,47.3979706897,8.5461636713,4444000,2.08884575841e-05,1.79147562001e+15,1.79147562001e+15,-2.04883313179,1,1,-0.0122670354322,3,0.0201352387667,0.0300262570381,2,11.980257988,1,4,1,79.3195037842,-17.6167163849,0.000315387442242,1,3,1,0,-17.6167163849
1791475620.029694,,,,,,,,,,,,,,,,,,-0.0931055620313,-0.314421355724,-0.0579142905772,0,-0.217700466514,0.0483278669417,-0.0224604383111,-0.0157118476927,-0.0109399529174,-0.00157122057863,0.0176608562469,-0.217700466514,17.6987628937,3,0,0,9.07620811462,0.15119355917,0.166339874268,0.090011999011,0.0542692653835,-0.41393378377,1,8,6.63866012474e-05,0.21796323359,47.3979706897,8.5461636713,4444000,2.09320278373e-05,1.79147562002e+15,1.79147562002e+15,-2.04882121086,1,1,-0.0131932459772,3,0.0181922502816,0.0295244678855,2,11.979883194,1,4,1,79.3203735352,-17.6164512634,6.62022503093e-05,1,3,1,,-17.6164512634
1791475620.041553,,,,,,,,,,,,,,,,,,-0.0795837938786,-0.294324755669,-0.0598914884031,0,-0.217700466514,0.0483278669417,-0.0224604383111,-0.0157118476927,-0.0109399529174,-0.00157122057863,0.0176608562469,-0.217700466514,17.6976242065,3,0,0,9.07940864563,0.152030274272,0.166673749685,0.0906368196011,0.0544010028243,-0.413928240538,1,8,6.64921462885e-05,0.21796323359,47.3979706897,8.5461636713,4444000,2.10236175917e-05,1.79147562004e+15,1.79147562004e+15,-2.04878973961,1,1,-0.0148397516459,3,0.0145666562021,0.0285361986607,2,11.9791479111,1,4,1,79.3220596313,-17.615896225,-0.000388697895687,1,3,1,,-17.615896225
1791475620.049697,,,,,,,,,,,,,,,,,,-0.0791550353169,-0.276210933924,-0.0536921396852,0,-0.217700466514,0.0483278669417,-0.0224604383111,-0.0157118476927,-0.0109399529174,-0.00157122057863,0.0176608562469,-0.217700466514,17.6976184845,3,0,0,9.08100891113,0.150729358196,0.165962547064,0.0895782038569,0.0541669949889,-0.413925766945,1,8,6.63037790218e-05,0.21796323359,47.3979706897,8.5461636713,4444000,2.08627570828e-05,1.79147562005e+15,1.79147562005e+15,-2.04877495766,1,1,-0.0156323313713,3,0.0129925925285,0.0280618723482,2,11.9787817001,1,4,1,79.3229598999,-17.6156349182,-0.00060989393387,1,3,1,,-17.6156349182
1791475620.059131,0,0,0,0,0,0,0,2,0,0,0,0,0,1.79147562006e+15,1.79147562006e+15,1,0,-0.0799408182502,-0.270919233561,-0.0573731921613,0,-0.217700466514,0.0483278669417,-0.0224604383111,-0.0157118476927,-0.0109399529174,-0.00157122057863,0.0176608562469,-0.217700466514,17.6972961426,3,0,0,9.08260917664,0.151143178344,0.166221663356,0.0898892506957,0.0542438663542,-0.413925766945,1,8,6.63565733703e-05,0.21796323359,47.3979706897,8.5461636713,4444000,2.09084810194e-05,1.79147562005e+15,1.79147562005e+15,-2.04876208305,1,1,-0.0164254754782,3,0.0114469630644,0.0275598429143,2,11.9784212112,1,4,1,79.3238525391,-17.6153755188,-0.000859672785737,1,3,1,0,-17.6153755188
1791475620.069908,,,,,,,,,,,,,,,,,,-0.0680447816849,-0.267669141293,-0.0529056377709,0,-0.217700466514,0.0483278669417,-0.0224604383111,-0.0157118476927,-0.0109399529174,-0.00157122057863,0.0176608562469,-0.217700466514,17.6969776154,3,0,0,9.08420944214,0.151559904218,0.166481524706,0.0902002304792,0.054320614785,-0.41392493248,1,8,6.64094550302e-05,0.21796323359,47.3979706897,8.5461636713,4444000,2.09542486118e-05,1.79147562006e+15,1.79147562006e+15,-2.04874873161,1,1,-0.0171178821474,3,0.0099137770012,0.027095252648,2,11.9780654907,1,4,1,79.3247299194,-17.6151199341,-0.00107293052133,1,3,1,,-17.6151199341
1791475620.081625,,,,,,,,,,,,,,,,,,-0.057577341795,-0.244992077351,-0.0503798909485,0,-0.217700466514,0.0483278669417,-0.0224604383111,-0.0157118476927,-0.0109399529174,-0.00157122057863,0.0176608562469,-0.217700466514,17.6971092224,3,0,0,9.08740997314,0.150680243969,0.166029885411,0.0894569680095,0.0541630759835,-0.413918375969,1,8,6.62813545205e-05,0.21796323359,47.3979706897,8.5461636713,4444000,2.08404489968e-05,1.79147562008e+15,1.79147562008e+15,-2.04871797562,1,1,-0.0183269288391,3,0.00714763486758,0.0260718110949,2,11.9773626328,1,4,1,79.3265151978,-17.6146430969,-0.00162271643057,1,3,1,,-17.6146430969
1791475620.089819,,,,,,,,,,,,,,,,,,-0.0518970750272,-0.238246768713,-0.0582411848009,0,-0.217700466514,0.0483278669417,-0.0224604383111,-0.0157118476927,-0.0109399529174,-0.00157122057863,0.0176608562469,-0.217700466514,17.696805954,3,0,0,9.08901023865,0.151093915105,0.16628909111,0.0897670015693,0.0542398653924,-0.41391775012,1,8,6.63342943881e-05,0.21796323359,47.3979706897,8.5461636713,4444000,2.08861638384e-05,1.79147562009e+15,1.79147562009e+15,-2.04870462418,1,1,-0.0188775155693,3,0.00590999983251,0.0255507826805,2,11.977016449,1,4,1,79.3274307251,-17.6144199371,-0.00192056212109,1,3,1,,-17.6144199371
1791475620.098588,0,0,0,0,0,0,0,2,0,0,0,0,0,1.7914756201e+15,1.7914756201e+15,1,0,,,,,,,,,,,,,,,,,,,,,,,,,,,,,,,,,,,,,,,,,,,,,,,,,,,0,
1791475620.101787,,,,,,,,,,,,,,,,,,-0.0535308085382,-0.217626348138,-0.0596679709852,0,-0.217700466514,0.0483278669417,-0.0224604383111,-0.0157118476927,-0.0109399529174,-0.00157122057863,0.0176608562469,-0.217700466514,17.6962757111,3,0,0,9.09061050415,0.151509985328,0.16636249423,0.0900742039084,0.0542946867645,-0.413919776678,1,8,6.63682003506e-05,0.21796323359,47.3979706897,8.5461636713,4444000,2.09297686524e-05,1.79147562009e+15,1.79147562009e+15,-2.04869437218,1,1,-0.0194367263466,3,0.00482278876007,0.0250218231231,2,11.9766759872,1,4,1,79.3283309937,-17.6141929626,-0.00221896963194,1,3,1,,-17.6141929626
1791475620.109782,,,,,,,,,,,,,,,,,,-0.0444830469787,-0.216034144163,-0.0554448887706,0,-0.217700466514,0.0483278669417,-0.0224604383111,-0.0157118476927,-0.0109399529174,-0.00157122057863,0.0176608562469,-0.217700466514,17.695980072,3,0,0,9.09221076965,0.151929423213,0.166622892022,0.090384490788,0.0543712638319,-0.413920521736,1,8,6.64212348056e-05,0.21796323359,47.3979706897,8.5461636713,4444000,2.09755635296e-05,1.7914756201e+15,1.7914756201e+15,-2.04868292809,1,1,-0.019918622449,3,0.0037337790709,0.0245285909623,2,11.9763402939,1,4,1,79.3292236328,-17.6139698029,-0.00248212995939,1,3,1,,-17.6139698029
1791475620.121493,,,,,,,,,,,,,,,,,,-0.035281188786,-0.20219925046,-0.0572190582752,0,-0.217700466514,0.0483278669417,-0.0224604383111,-0.0157118476927,-0.0109399529174,-0.00157122057863,0.0176608562469,-0.217700466514,17.6960334778,3,0,0,9.09541130066,0.151045262814,0.166171580553,0.0896430537105,0.0542142689228,-0.413909941912,1,8,6.6300657636e-05,0.21796323359,47.3979706897,8.5461636713,4444000,2.08629207918e-05,1.79147562012e+15,1.79147562012e+15,-2.04864788055,1,1,-0.0207640342414,3,0.00194243271835,0.0234856698662,2,11.9756755829,1,4,1,79.3311538696,-17.6135692596,-0.00310953170992,1,3,1,,-17.6135692596
1791475620.129952,,,,,,,,,,,,,,,,,,-0.0387232340872,-0.182221740484,-0.0511370562017,0,-0.217700466514,0.0483278669417,-0.0224604383111,-0.0157118476927,-0.0109399529174,-0.00157122057863,0.0176608562469,-0.217700466514,17.6957530975,3,0,0,9.09701156616,0.151461645961,0.166431322694,0.0899521559477,0.0542908646166,-0.413905024529,1,8,6.63537721266e-05,0.21796323359,47.3979706897,8.5461636713,4444000,2.09086647374e-05,1.79147562013e+15,1.79147562013e+15,-2.048630476,1,1,-0.0211879108101,3,0.00119217741303,0.0230153016746,2,11.9753522873,1,4,1,79.3321075439,-17.6133747101,-0.00337189575657,1,3,1,,-17.6133747101
1791475620.138949,0,0,0,0,0,0,0,2,0,0,0,0,0,1.79147562014e+15,1.79147562014e+15,1,0,-0.026689844206,-0.176572322845,-0.0547710768878,0,-0.217700466514,0.0483278669417,-0.0224604383111,-0.0157118476927,-0.0109399529174,-0.00157122057863,0.0176608562469,-0.217700466514,17.695476532,3,0,0,9.09861183167,0.151880905032,0.166691809893,0.090261593461,0.054367352277,-0.413900464773,1,8,6.64069084451e-05,0.21796323359,47.3979706897,8.5461636713,4444000,2.09544396057e-05,1.79147562013e+15,1.79147562013e+15,-2.04861402512,1,1,-0.021511066705,3,0.000471061037388,0.0225180778652,2,11.9750356674,1,4,1,79.3330383301,-17.6131820679,-0.0036610304378,1,3,1,0,-17.6131820679
1791475620.149626,,,,,,,,,,,,,,,,,,-0.0173135697842,-0.163211792707,-0.0630775392056,0,-0.217700466514,0.0483278669417,-0.0224604383111,-0.0157118476927,-0.0109399529174,-0.00157122057863,0.0176608562469,-0.217700466514,17.6959266663,3,0,0,9.10021209717,0.150584831834,0.165980428457,0.0892152488232,0.0541334860027,-0.413902819157,1,8,6.6240580054e-05,0.21796323359,47.3979706897,8.5461636713,4444000,2.07972552744e-05,1.79147562014e+15,1.79147562014e+15,-2.04860472679,1,1,-0.0217366404831,3,-4.80165472254e-05,0.0219380483031,2,11.9747362137,1,4,1,79.3340606689,-17.6130142212,-0.00405785115436,1,3,1,,-17.6130142212
1791475620.161680,,,,,,,,,,,,,,,,,,-0.0147711643949,-0.133303970098,-0.0562998428941,0,-0.217700466514,0.0483278669417,-0.0224604383111,-0.0157118476927,-0.0109399529174,-0.00157122057863,0.0176608562469,-0.217700466514,17.6946315765,3,0,0,9.10341262817,0.151414364576,0.166313543916,0.0898315384984,0.0542649850249,-0.413890749216,1,8,6.6347012762e-05,0.21796323359,47.3979706897,8.5461636713,4444000,2.08886776818e-05,1.79147562016e+15,1.79147562016e+15,-2.04856872559,1,1,-0.0222113002092,3,-0.000807436474133,0.0209155529737,2,11.9741573334,1,4,1,79.3360671997,-17.6126384735,-0.00466217333451,1,3,1,,-17.6126384735
1791475620.169739,,,,,,,,,,,,,,,,,,-0.00353118171915,-0.132825776935,-0.0576502606273,0,-0.217700466514,0.0483278669417,-0.0224604383111,-0.0157118476927,-0.0109399529174,-0.00157122057863,0.0176608562469,-0.217700466514,17.6943740845,3,0,0,9.10501289368,0.151832953095,0.166573837399,0.0901370421052,0.0543413981795,-0.413874834776,1,8,6.63808532408e-05,0.21796323359,47.3979706897,8.5461636713,4444000,2.09323043237e-05,1.79147562017e+15,1.79147562017e+15,-2.04854154587,1,1,-0.0223176330328,3,-0.0011359967757,0.0203911755234,2,11.9738759995,1,4,1,79.337059021,-17.612455368,-0.00497767934576,1,3,1,,-17.612455368
1791475620.178014,0,0,0,0,0,0,0,2,0,0,0,0,0,1.79147562018e+15,1.79147562018e+15,1,0,,,,,,,,,,,,,,,,,,,,,,,,,,,,,,,,,,,,,,,,,,,,,,,,,,,0,
1791475620.182103,,,,,,,,,,,,,,,,,,-0.00167099118698,-0.117095343769,-0.0544670000672,0,-0.217700466514,0.0483278669417,-0.0224604383111,-0.0157118476927,-0.0109399529174,-0.00157122057863,0.0176608562469,-0.217700466514,17.6945915222,3,0,0,9.10661315918,0.15053845942,0.165864348412,0.0890947282314,0.0541080310941,-0.413867741823,1,8,6.6221866291e-05,0.21796323359,47.3979706897,8.5461636713,4444000,2.07762823266e-05,1.79147562017e+15,1.79147562017e+15,-2.04852318764,1,1,-0.0223810952157,3,-0.00123943574727,0.0198798011988,2,11.9736175537,1,4,1,79.338142395,-17.6122913361,-0.00529688736424,1,3,1,,-17.6122913361
1791475620.189670,,,,,,,,,,,,,,,,,,0.00462819077075,-0.106929861009,-0.0542951710522,0,-0.217700466514,0.0483278669417,-0.0224604383111,-0.0157118476927,-0.0109399529174,-0.00157122057863,0.0176608562469,-0.217700466514,17.6943454742,3,0,0,9.10821342468,0.150951609015,0.166123241186,0.0894016101956,0.0541845709085,-0.413862466812,1,8,6.62751481286e-05,0.21796323359,47.3979706897,8.5461636713,4444000,2.08219571505e-05,1.79147562018e+15,1.79147562018e+15,-2.04850673676,1,1,-0.0223914328963,3,-0.00128105632029,0.0193724278361,2,11.9733657837,1,4,1,79.3392105103,-17.6121292114,-0.00561179360375,1,3,1,,-17.6121292114
1791475620.201703,,,,,,,,,,,,,,,,,,0.0109808603302,-0.0899353399873,-0.0460329428315,0,-0.217700466514,0.0483278669417,-0.0224604383111,-0.0157118476927,-0.0109399529174,-0.00157122057863,0.0176608562469,-0.217700466514,17.6938648224,3,0,0,9.11141395569,0.151786521077,0.166643232107,0.0900160372257,0.0543373078108,-0.413850843906,1,8,6.63819591864e-05,0.21796323359,47.3979706897,8.5461636713,4444000,2.09134450415e-05,1.7914756202e+15,1.7914756202e+15,-2.04847335815,1,1,-0.022325636819,3,-0.00120520778,0.0184571500868,2,11.9728832245,1,4,1,79.3413162231,-17.6118125916,-0.00614147773013,1,3,1,,-17.6118125916
1791475620.209809,,,,,,,,,,,,,,,,,,0.0202499236912,-0.0756001546979,-0.0461242124438,0,-0.217700466514,0.0483278669417,-0.0224604383111,-0.0157118476927,-0.0109399529174,-0.00157122057863,0.0176608562469,-0.217700466514,17.6939086914,3,0,0,9.11301422119,0.15049354732,0.165932685137,0.0889775529504,0.0541037842631,-0.413845151663,1,8,6.62302554701e-05,0.21796323359,47.3979706897,8.5461636713,4444000,2.07585144381e-05,1.79147562021e+15,1.79147562021e+15,-2.04845738411,1,1,-0.0221863463521,3,-0.000924249237869,0.0180089753121,2,11.9726657867,1,4,1,79.3424758911,-17.6116657257,-0.00640687067062,1,3,1,,-17.6116657257
1791475620.218425,0,0,0,0,0,0,0,2,0,0,0,0,0,1.79147562022e+15,1.79147562022e+15,1,0,,,,,,,,,,,,,,,,,,,,,,,,,,,,,,,,,,,,,,,,,,,,,,,,,,,0,
1791475620.221514,,,,,,,,,,,,,,,,,,0.0291071347892,-0.0571698173881,-0.0456427186728,0,-0.217700466514,0.0483278669417,-0.0224604383111,-0.0157118476927,-0.0109399529174,-0.00157122057863,0.0176608562469,-0.217700466514,17.6936531067,3,0,0,9.11461448669,0.150906533003,0.166006311774,0.089283592999,0.0541586242616,-0.413835525513,1,8,6.62836901029e-05,0.21796323359,47.3979706897,8.5461636713,4444000,2.0804183805e-05,1.79147562021e+15,1.79147562021e+15,-2.04843688011,1,1,-0.0219742171466,3,-0.000516823492944,0.0175675433129,2,11.9724559784,1,4,1,79.3436203003,-17.6115207672,-0.00666420254856,1,3,1,,-17.6115207672
1791475620.229806,,,,,,,,,,,,,,,,,,0.0296383723617,-0.0571736544371,-0.0497284308076,0,-0.217700466514,0.0483278669417,-0.0224604383111,-0.0157118476927,-0.0109399529174,-0.00157122057863,0.0176608562469,-0.217700466514,17.6934280396,3,0,0,9.1162147522,0.151322379708,0.166265740991,0.089590087533,0.054234996438,-0.413828134537,1,8,6.63371902192e-05,0.21796323359,47.3979706897,8.5461636713,4444000,2.08498913707e-05,1.79147562022e+15,1.79147562022e+15,-2.04841899872,1,1,-0.0217559188604,3,-0.000129865831695,0.0170960705727,2,11.9722537994,1,4,1,79.3447570801,-17.6113796234,-0.00695121800527,1,3,1,,-17.6113796234
1791475620.241646,,,,,,,,,,,,,,,,,,0.0368619263172,-0.0288644563407,-0.0479156114161,0,-0.217700466514,0.0483278669417,-0.0224604383111,-0.0157118476927,-0.0109399529174,-0.00157122057863,0.0176608562469,-0.217700466514,17.6929893494,3,0,0,9.1194152832,0.152162194252,0.166786819696,0.0902001559734,0.0543873645365,-0.413806736469,1,8,6.64245599182e-05,0.21796323359,47.3979706897,8.5461636713,4444000,2.09392928809e-05,1.79147562024e+15,1.79147562024e+15,-2.04837727547,1,1,-0.0212083291262,3,0.000951583962888,0.0162119232118,2,11.9718723297,1,4,1,79.3470077515,-17.6111011505,-0.00746562005952,1,3,1,,-17.6111011505
1791475620.249776,,,,,,,,,,,,,,,,,,0.0419691838324,-0.0224290583283,-0.0533349774778,0,-0.217700466514,0.0483278669417,-0.0224604383111,-0.0157118476927,-0.0109399529174,-0.00157122057863,0.0176608562469,-0.217700466514,17.6928119659,3,0,0,9.12101554871,0.150854289532,0.16607375443,0.0891510546207,0.0541526153684,-0.413798540831,1,8,6.62792372168e-05,0.21796323359,47.3979706897,8.5461636713,4444000,2.07827906706e-05,1.79147562025e+15,1.79147562025e+15,-2.04835939407,1,1,-0.0208553541452,3,0.00169936916791,0.015709772706,2,11.9717178345,1,4,1,79.3482589722,-17.6109676361,-0.0077846692875,1,3,1,,-17.6109676361
1791475620.258825,0,0,0,0,0,0,0,2,0,0,0,0,0,1.79147562026e+15,1.79147562026e+15,1,0,,,,,,,,,,,,,,,,,,,,,,,,,,,,,,,,,,,,,,,,,,,,,,,,,,,0,
1791475620.261699,,,,,,,,,,,,,,,,,,0.0530084110796,-0.0107058072463,-0.0444780997932,0,-0.217700466514,0.0483278669417,-0.0224604383111,-0.0157118476927,-0.0109399529174,-0.00157122057863,0.0176608562469,-0.217700466514,17.6926040649,3,0,0,9.12261581421,0.151269853115,0.166333258152,0.0894563347101,0.0542288869619,-0.41378813982,1,8,6.63328537485e-05,0.21796323359,47.3979706897,8.5461636713,4444000,2.08284800465e-05,1.79147562025e+15,1.79147562025e+15,-2.04833889008,1,1,-0.0204131826758,3,0.00251874816604,0.0152811016887,2,11.9715719223,1,4,1,79.3494949341,-17.6108360291,-0.00803004577756,1,3,1,,-17.6108360291
1791475620.269624,,,,,,,,,,,,,,,,,,0.0501644946635,0.00344973313622,-0.045596152544,0,-0.217700466514,0.0483278669417,-0.0224604383111,-0.0157118476927,-0.0109399529174,-0.00157122057863,0.0176608562469,-0.217700466514,17.6923999786,3,0,0,9.12421607971,0.151688277721,0.166593492031,0.0897618085146,0.0543050393462,-0.413779824972,1,8,6.63865357637e-05,0.21796323359,47.3979706897,8.5461636713,4444000,2.08742130781e-05,1.79147562026e+15,1.79147562026e+15,-2.04832100868,1,1,-0.0199929084629,3,0.00342975277454,0.014846037142,2,11.9714345932,1,4,1,79.350730896,-17.6107063293,-0.00828167889267,1,3,1,,-17.6107063293
1791475620.281600,,,,,,,,,,,,,,,,,,0.0625678896904,0.0235088486224,-0.0436962544918,0,-0.217700466514,0.0483278669417,-0.0224604383111,-0.0157118476927,-0.0109399529174,-0.00157122057863,0.0176608562469,-0.217700466514,17.6923885345,3,0,0,9.12741661072,0.15080358088,0.165955767035,0.0890228077769,0.0541248358786,-0.413753956556,1,8,6.63023092784e-05,0.21796323359,47.3979706897,8.5461636713,4444000,2.07646135095e-05,1.79147562028e+15,1.79147562028e+15,-2.04827690125,1,1,-0.0189775843173,3,0.00555980764329,0.0140009270981,2,11.971203804,1,4,1,79.353302002,-17.6104736328,-0.00877865683287,1,3,1,,-17.6104736328
1791475620.289619,,,,,,,,,,,,,,,,,,0.0713296681643,0.0305836815387,-0.0357818752527,0,-0.217700466514,0.0483278669417,-0.0224604383111,-0.0157118476927,-0.0109399529174,-0.00157122057863,0.0176608562469,-0.217700466514,17.6921977997,3,0,0,9.12901687622,0.151218876243,0.16621504724,0.0893271788955,0.0542010478675,-0.413742661476,1,8,6.6356107709e-05,0.21796323359,47.3979706897,8.5461636713,4444000,2.08102937904e-05,1.79147562029e+15,1.79147562029e+15,-2.04825639725,1,1,-0.0183567479253,3,0.00675761885941,0.0136383371428,2,11.9711112976,1,4,1,79.354637146,-17.6103630066,-0.00897068437189,1,3,1,,-17.6103630066
1791475620.298211,0,0,0,0,0,0,0,2,0,0,0,0,0,1.7914756203e+15,1.7914756203e+15,1,0,,,,,,,,,,,,,,,,,,,,,,,,,,,,,,,,,,,,,,,,,,,,,,,,,,,0,
1791475620.301661,,,,,,,,,,,,,,,,,,0.0775443464518,0.0317202620208,-0.0360575467348,0,-0.217700466514,0.0483278669417,-0.0224604383111,-0.0157118476927,-0.0109399529174,-0.00157122057863,0.0176608562469,-0.217700466514,17.6920108795,3,0,0,9.13061714172,0.151637017727,0.166475072503,0.0896318480372,0.0542771294713,-0.413724243641,1,8,6.64099716232e-05,0.21796323359,47.3979706897,8.5461636713,4444000,2.08560140891e-05,1.79147562029e+15,1.79147562029e+15,-2.04822921753,1,1,-0.0176862068474,3,0.00794154591858,0.0132761970162,2,11.9710292816,1,4,1,79.35597229,-17.6102523804,-0.00916184764355,1,3,1,,-17.6102523804
1791475620.309531,,,,,,,,,,,,,,,,,,0.0735798105597,0.0363528504968,-0.0351960733533,0,-0.217700466514,0.0483278669417,-0.0224604383111,-0.0157118476927,-0.0109399529174,-0.00157122057863,0.0176608562469,-0.217700466514,17.691827774,3,0,0,9.13221740723,0.152057513595,0.166735842824,0.0899337828159,0.0543530844152,-0.413709014654,1,8,6.64436884108e-05,0.21796323359,47.3979706897,8.5461636713,4444000,2.08996443689e-05,1.7914756203e+15,1.7914756203e+15,-2.04820537567,1,1,-0.0170520972461,3,0.00914109032601,0.0129236727953,2,11.9709529877,1,4,1,79.3572998047,-17.6101455688,-0.00934302341193,1,3,1,,-17.6101455688
1791475620.321737,,,,,,,,,,,,,,,,,,0.0870305448771,0.0473915599287,-0.0241817887872,0,-0.217700466514,0.0483278669417,-0.0224604383111,-0.0157118476927,-0.0109399529174,-0.00157122057863,0.0176608562469,-0.217700466514,17.6916275024,3,0,0,9.13541793823,0.151168465614,0.166283011436,0.0891969799995,0.0541948750615,-0.413676947355,1,8,6.63670216454e-05,0.21796323359,47.3979706897,8.5461636713,4444000,2.07910779864e-05,1.79147562032e+15,1.79147562032e+15,-2.04815673828,1,1,-0.0155421579257,3,0.0118817538023,0.0122969960794,2,11.9708824158,1,4,1,79.3601913452,-17.6099452972,-0.00963773950934,1,3,1,,-17.6099452972
1791475620.329604,,,,,,,,,,,,,,,,,,0.0778548717499,0.0511363521218,-0.0234162416309,0,-0.217700466514,0.0483278669417,-0.0224604383111,-0.0157118476927,-0.0109399529174,-0.00157122057863,0.0176608562469,-0.217700466514,17.6914577484,3,0,0,9.13701820374,0.151586323977,0.166543111205,0.0895005241036,0.0542708523571,-0.413669854403,1,8,6.64210092509e-05,0.21796323359,47.3979706897,8.5461636713,4444000,2.08367855521e-05,1.79147562033e+15,1.79147562033e+15,-2.04814147949,1,1,-0.0148369260132,3,0.0132625456899,0.0120358699933,2,11.9708614349,1,4,1,79.3616256714,-17.6098461151,-0.0097322948277,1,3,1,,-17.6098461151
1791475620.338003,0,0,0,0,0,0,0,2,0,0,0,0,0,1.79147562034e+15,1.79147562034e+15,1,0,,,,,,,,,,,,,,,,,,,,,,,,,,,,,,,,,,,,,,,,,,,,,,,,,,,0,
1791475620.341832,,,,,,,,,,,,,,,,,,0.0843548327684,0.063712477684,-0.0269943829626,0,-0.217700466514,0.0483278669417,-0.0224604383111,-0.0157118476927,-0.0109399529174,-0.00157122057863,0.0176608562469,-0.217700466514,17.6913433075,3,0,0,9.13861846924,0.152007043362,0.166616544127,0.0898042395711,0.054324682802,-0.413660258055,1,8,6.64750405122e-05,0.21796323359,47.3979706897,8.5461636713,4444000,2.08825204027e-05,1.79147562033e+15,1.79147562033e+15,-2.04812431335,1,1,-0.0140806110576,3,0.01472034771,0.0117483856156,2,11.9708490372,1,4,1,79.3630599976,-17.6097488403,-0.00985455792397,1,3,1,,-17.6097488403
1791475620.350221,,,,,,,,,,,,,,,,,,0.0849860683084,0.0562136657536,-0.0252351146191,0,-0.217700466514,0.0483278669417,-0.0224604383111,-0.0157118476927,-0.0109399529174,-0.00157122057863,0.0176608562469,-0.217700466514,17.6914634705,3,0,0,9.14021873474,0.150704801083,0.16590629518,0.0887682214379,0.054090924561,-0.413642168045,1,8,6.63516839268e-05,0.21796323359,47.3979706897,8.5461636713,4444000,2.07293160202e-05,1.79147562034e+15,1.79147562034e+15,-2.04809904099,1,1,-0.0132657801732,3,0.0162283219397,0.0114644272253,2,11.9708862305,1,4,1,79.3646087646,-17.6096630096,-0.00998326297849,1,3,1,,-17.6096630096
1791475620.361907,,,,,,,,,,,,,,,,,,0.0940591990948,0.0593414120376,-0.0234618764371,0,-0.217700466514,0.0483278669417,-0.0224604383111,-0.0157118476927,-0.0109399529174,-0.00157122057863,0.0176608562469,-0.217700466514,17.69115448,3,0,0,9.14341926575,0.151537150145,0.166425317526,0.0893731787801,0.0542428866029,-0.413615852594,1,8,6.64599356242e-05,0.21796323359,47.3979706897,8.5461636713,4444000,2.0820658392e-05,1.79147562036e+15,1.79147562036e+15,-2.04805922508,1,1,-0.011554133147,3,0.0192254781723,0.0108844703063,2,11.9709863663,1,4,1,79.36769104,-17.6094932556,-0.010250874795,1,3,1,,-17.6094932556
1791475620.369785,,,,,,,,,,,,,,,,,,0.0901073887944,0.0601869933307,-0.0221515055746,0,-0.217700466514,0.0483278669417,-0.0224604383111,-0.0157118476927,-0.0109399529174,-0.00157122057863,0.0176608562469,-0.217700466514,17.6910037994,3,0,0,9.14501953125,0.151957586408,0.166685938835,0.0896757394075,0.0543186627328,-0.413602113724,1,8,6.65141633363e-05,0.21796323359,47.3979706897,8.5461636713,4444000,2.08663877856e-05,1.79147562037e+15,1.79147562037e+15,-2.04803919792,1,1,-0.0107051581144,3,0.0206893645227,0.0106334378943,2,11.9710502625,1,4,1,79.3692245483,-17.6094093323,-0.0103449253365,1,3,1,,-17.6094093323
1791475620.378874,0,0,0,0,0,0,0,2,0,0,0,0,0,1.79147562038e+15,1.79147562038e+15,1,0,,,,,,,,,,,,,,,,,,,,,,,,,,,,,,,,,,,,,,,,,,,,,,,,,,,0,
1791475620.381691,,,,,,,,,,,,,,,,,,0.0865001305938,0.0616192743182,-0.0318982601166,0,-0.217700466514,0.0483278669417,-0.0224604383111,-0.0157118476927,-0.0109399529174,-0.00157122057863,0.0176608562469,-0.217700466514,17.6910896301,3,0,0,9.14661979675,0.150656700134,0.165974617004,0.0886414274573,0.0540848113596,-0.413583695889,1,8,6.63774771965e-05,0.21796323359,47.3979706897,8.5461636713,4444000,2.07121120184e-05,1.79147562037e+15,1.79147562037e+15,-2.04801464081,1,1,-0.0098574757576,3,0.0222679562867,0.0102950287983,2,11.9711380005,1,4,1,79.3708648682,-17.6093349457,-0.0105345053598,1,3,1,,-17.6093349457
1791475620.389620,,,,,,,,,,,,,,,,,,0.0892528742552,0.0518932826817,-0.0287070851773,0,-0.217700466514,0.0483278669417,-0.0224604383111,-0.0157118476927,-0.0109399529174,-0.00157122057863,0.0176608562469,-0.217700466514,17.6909484863,3,0,0,9.14822006226,0.151071190834,0.166233837605,0.0889428630471,0.0541607476771,-0.413568556309,1,8,6.64316976327e-05,0.21796323359,47.3979706897,8.5461636713,4444000,2.07577431866e-05,1.79147562038e+15,1.79147562038e+15,-2.04799365997,1,1,-0.0089906770736,3,0.0237420126796,0.00998502038419,2,11.9712343216,1,4,1,79.372505188,-17.6092605591,-0.0106949880719,1,3,1,,-17.6092605591
1791475620.401633,,,,,,,,,,,,,,,,,,0.0961520820856,0.0552577227354,-0.0292309541255,0,-0.217700466514,0.0483278669417,-0.0224604383111,-0.0157118476927,-0.0109399529174,-0.00157122057863,0.0176608562469,-0.217700466514,17.690454483,3,0,0,9.15142059326,0.151908636093,0.166567832232,0.0895465761423,0.0542904511094,-0.413542032242,1,8,6.65403131279e-05,0.21796323359,47.3979706897,8.5461636713,4444000,2.08491219382e-05,1.7914756204e+15,1.7914756204e+15,-2.04795575142,1,1,-0.00721256714314,3,0.0265981946141,0.0093967653811,2,11.9714536667,1,4,1,79.3757553101,-17.6091022491,-0.0109682148322,1,3,1,,-17.6091022491
1791475620.409705,,,,,,,,,,,,,,,,,,0.0902400389314,0.0564352422953,-0.0260998476297,0,-0.217700466514,0.0483278669417,-0.0224604383111,-0.0157118476927,-0.0109399529174,-0.00157122057863,0.0176608562469,-0.217700466514,17.6906433105,3,0,0,9.15302085876,0.150610044599,0.165858417749,0.0885189771652,0.0540571510792,-0.413521409035,1,8,6.64313993184e-05,0.21796323359,47.3979706897,8.5461636713,4444000,2.0697922082e-05,1.79147562041e+15,1.79147562041e+15,-2.04792976379,1,1,-0.0063050314784,3,0.0281600859016,0.009103493765,2,11.9716014862,1,4,1,79.377494812,-17.6090335846,-0.011115109548,1,3,1,,-17.6090335846
1791475620.418917,0,0,0,0,0,0,0,2,0,0,0,0,0,1.79147562042e+15,1.79147562042e+15,1,0,0.0853504687548,0.0497487671673,-0.0286027770489,0,-0.217700466514,0.0483278669417,-0.0224604383111,-0.0157118476927,-0.0109399529174,-0.00157122057863,0.0176608562469,-0.217700466514,17.6905174255,3,0,0,9.15462112427,0.151024267077,0.166117429733,0.088819630444,0.054133027792,-0.413501977921,1,8,6.64858089294e-05,0.21796323359,47.3979706897,8.5461636713,4444000,2.07435459743e-05,1.79147562041e+15,1.79147562041e+15,-2.0479054451,1,1,-0.00544027192518,3,0.0296411551535,0.00879311468452,2,11.9717569351,1,4,1,79.3792190552,-17.6089687347,-0.0112784914672,1,3,1,0,-17.6089687347
1791475620.429825,,,,,,,,,,,,,,,,,,0.0888737365603,0.0490019954741,-0.0232132133096,0,-0.217700466514,0.0483278669417,-0.0224604383111,-0.0157118476927,-0.0109399529174,-0.00157122057863,0.0176608562469,-0.217700466514,17.6903953552,3,0,0,9.15622138977,0.151441305876,0.166377156973,0.0891204327345,0.0542087815702,-0.413479357958,1,8,6.65402840241e-05,0.21796323359,47.3979706897,8.5461636713,4444000,2.07892062463e-05,1.79147562042e+15,1.79147562042e+15,-2.04787802696,1,1,-0.00455088168383,3,0.0310896672308,0.00852868426591,2,11.9719209671,1,4,1,79.3809356689,-17.6089019775,-0.0113953901455,1,3,1,,-17.6089019775
1791475620.441540,,,,,,,,,,,,,,,,,,0.0878043696284,0.0408440865576,-0.0334298200905,0,-0.217700466514,0.0483278669417,-0.0224604383111,-0.0157118476927,-0.0109399529174,-0.00157122057863,0.0176608562469,-0.217700466514,17.6906051636,3,0,0,9.15942192078,0.150564327836,0.165927156806,0.088397808373,0.0540510341525,-0.413451969624,1,8,6.64930485073e-05,0.21796323359,47.3979706897,8.5461636713,4444000,2.06846361834e-05,1.79147562044e+15,1.79147562044e+15,-2.04784202576,1,1,-0.00271492567845,3,0.0339261330664,0.00790407601744,2,11.9722976685,1,4,1,79.3844680786,-17.608789444,-0.0117391580716,1,3,1,,-17.608789444
1791475620.449592,,,,,,,,,,,,,,,,,,0.0721318423748,0.027280734852,-0.0228751432151,0,-0.217700466514,0.0483278669417,-0.0224604383111,-0.0157118476927,-0.0109399529174,-0.00157122057863,0.0176608562469,-0.217700466514,17.6904945374,3,0,0,9.16102218628,0.150977820158,0.166186243296,0.0886951163411,0.0541268326342,-0.413437515497,1,8,6.65266197757e-05,0.21796323359,47.3979706897,8.5461636713,4444000,2.07281645999e-05,1.79147562045e+15,1.79147562045e+15,-2.04782342911,1,1,-0.00193914503325,3,0.0352468639612,0.00763677246869,2,11.9725046158,1,4,1,79.3862686157,-17.6087417603,-0.0118727358058,1,3,1,,-17.6087417603
1791475620.458030,0,0,0,0,0,0,0,2,0,0,0,0,0,1.79147562046e+15,1.79147562046e+15,1,0,,,,,,,,,,,,,,,,,,,,,,,,,,,,,,,,,,,,,,,,,,,,,,,,,,,0,
1791475620.461734,,,,,,,,,,,,,,,,,,0.078163549304,0.022848656401,-0.0183554347605,0,-0.217700466514,0.0483278669417,-0.0224604383111,-0.0157118476927,-0.0109399529174,-0.00157122057863,0.0176608562469,-0.217700466514,17.6901893616,3,0,0,9.16262245178,0.151394575834,0.166259855032,0.0889951959252,0.0541807077825,-0.413420319557,1,8,6.65812403895e-05,0.21796323359,47.3979706897,8.5461636713,4444000,2.07738121389e-05,1.79147562045e+15,1.79147562045e+15,-2.04780220985,1,1,-0.00111906952225,3,0.03650515154,0.00740978028625,2,11.9727182388,1,4,1,79.3880691528,-17.6086883545,-0.0119587453082,1,3,1,,-17.6086883545
1791475620.469977,,,,,,,,,,,,,,,,,,0.0813380628824,0.0189390983433,-0.024643259123,0,-0.217700466514,0.0483278669417,-0.0224604383111,-0.0157118476927,-0.0109399529174,-0.00157122057863,0.0176608562469,-0.217700466514,17.69008255,3,0,0,9.16422271729,0.15181414783,0.166520133615,0.0892954915762,0.0542563199997,-0.413402974606,1,8,6.6635911935e-05,0.21796323359,47.3979706897,8.5461636713,4444000,2.08194942388e-05,1.79147562046e+15,1.79147562046e+15,-2.0477809906,1,1,-0.000277437036857,3,0.0377059169114,0.00713528366759,2,11.9729404449,1,4,1,79.3898544312,-17.6086349487,-0.0120916925371,1,3,1,,-17.6086349487
1791475620.481555,,,,,,,,,,,,,,,,,,0.0774922594428,0.00401883106679,-0.0158860329539,0,-0.217700466514,0.0483278669417,-0.0224604383111,-0.0157118476927,-0.0109399529174,-0.00157122057863,0.0176608562469,-0.217700466514,17.6900310516,3,0,0,9.16742324829,0.150932788849,0.166070401669,0.0885753780603,0.0540993474424,-0.413365185261,1,8,6.65958723403e-05,0.21796323359,47.3979706897,8.5461636713,4444000,2.07157463592e-05,1.79147562048e+15,1.79147562048e+15,-2.04773640633,1,1,0.00141634745523,3,0.0400900058448,0.00662604114041,2,11.973441124,1,4,1,79.3936080933,-17.6085414886,-0.012328078039,1,3,1,,-17.6085414886
1791475620.489687,,,,,,,,,,,,,,,,,,0.0764979273081,-0.000669302593451,-0.0264141689986,0,-0.217700466514,0.0483278669417,-0.0224604383111,-0.0157118476927,-0.0109399529174,-0.00157122057863,0.0176608562469,-0.217700466514,17.6899318695,3,0,0,9.16902351379,0.151349276304,0.166330009699,0.088874772191,0.0541750229895,-0.413353085518,1,8,6.6650674853e-05,0.21796323359,47.3979706897,8.5461636713,4444000,2.07613811654e-05,1.79147562049e+15,1.79147562049e+15,-2.04772114754,1,1,0.00224056653678,3,0.0411737337708,0.00633531529456,2,11.9737014771,1,4,1,79.3954696655,-17.6084957123,-0.012481437996,1,3,1,,-17.6084957123
1791475620.498774,0,0,0,0,0,0,0,2,0,0,0,0,0,1.7914756205e+15,1.7914756205e+15,1,0,,,,,,,,,,,,,,,,,,,,,,,,,,,,,,,,,,,,,,,,,,,,,,,,,,,0,
1791475620.501522,,,,,,,,,,,,,,,,,,0.0723217502236,-0.00966140907258,-0.0233617592603,0,-0.217700466514,0.0483278669417,-0.0224604383111,-0.0157118476927,-0.0109399529174,-0.00157122057863,0.0176608562469,-0.217700466514,17.6898345947,3,0,0,9.1706237793,0.151768580079,0.166590347886,0.0891745835543,0.054250612855,-0.413338124752,1,8,6.67055719532e-05,0.21796323359,47.3979706897,8.5461636713,4444000,2.08070614462e-05,1.79147562049e+15,1.79147562049e+15,-2.04770326614,1,1,0.00302713969722,3,0.0421590097249,0.00607178919017,2,11.9739694595,1,4,1,79.397315979,-17.6084499359,-0.0126070566475,1,3,1,,-17.6084499359
1791475620.509812,,,,,,,,,,,,,,,,,,0.0750802829862,-0.012269644998,-0.030366236344,0,-0.217700466514,0.0483278669417,-0.0224604383111,-0.0157118476927,-0.0109399529174,-0.00157122057863,0.0176608562469,-0.217700466514,17.6897392273,3,0,0,9.1722240448,0.152190685272,0.166851431131,0.0894747599959,0.054326094687,-0.413316756487,1,8,6.67604908813e-05,0.21796323359,47.3979706897,8.5461636713,4444000,2.0852767193e-05,1.7914756205e+15,1.7914756205e+15,-2.04767894745,1,1,0.00383165897802,3,0.0430976338685,0.0057549267076,2,11.9742450714,1,4,1,79.3991470337,-17.6084060669,-0.0127855250612,1,3,1,,-17.6084060669
1791475620.521475,,,,,,,,,,,,,,,,,,0.0677722766995,-0.0265418738127,-0.0240039061755,0,-0.217700466514,0.0483278669417,-0.0224604383111,-0.0157118476927,-0.0109399529174,-0.00157122057863,0.0176608562469,-0.217700466514,17.6891384125,3,0,0,9.17542457581,0.151296585798,0.166211560369,0.0887427777052,0.0541457161307,-0.413282155991,1,8,6.67058338877e-05,0.21796323359,47.3979706897,8.5461636713,4444000,2.07452430914e-05,1.79147562052e+15,1.79147562052e+15,-2.04763865471,1,1,0.00536421313882,3,0.0450005307794,0.00523123564199,2,11.974811554,1,4,1,79.4029998779,-17.6082954407,-0.0130060873926,1,3,1,,-17.6082954407
1791475620.529693,,,,,,,,,,,,,,,,,,0.0654840767384,-0.0325742401183,-0.0195535812527,0,-0.217700466514,0.0483278669417,-0.0224604383111,-0.0157118476927,-0.0109399529174,-0.00157122057863,0.0176608562469,-0.217700466514,17.6890487671,3,0,0,9.17702484131,0.151715502143,0.166471675038,0.0890425294638,0.0542213320732,-0.41326212883,1,8,6.6760876507e-05,0.21796323359,47.3979706897,8.5461636713,4444000,2.07909051824e-05,1.79147562053e+15,1.79147562053e+15,-2.04761552811,1,1,0.00609143916517,3,0.0458206906915,0.00500364415348,2,11.9751014709,1,4,1,79.4049072266,-17.6082420349,-0.0130821913481,1,3,1,,-17.6082420349
1791475620.538021,0,0,0,0,0,0,0,2,0,0,0,0,0,1.79147562054e+15,1.79147562054e+15,1,0,,,,,,,,,,,,,,,,,,,,,,,,,,,,,,,,,,,,,,,,,,,,,,,,,,,0,
1791475620.541655,,,,,,,,,,,,,,,,,,0.0668109953403,-0.0400376878679,-0.0187181849033,0,-0.217700466514,0.0483278669417,-0.0224604383111,-0.0157118476927,-0.0109399529174,-0.00157122057863,0.0176608562469,-0.217700466514,17.6889610291,3,0,0,9.17862510681,0.152137219906,0.166732519865,0.0893426835537,0.0542968660593,-0.413242101669,1,8,6.681598461e-05,0.21796323359,47.3979706897,8.5461636713,4444000,2.08366054721e-05,1.79147562053e+15,1.79147562053e+15,-2.04759263992,1,1,0.00682529434562,3,0.0465549305081,0.00478527322412,2,11.9753990173,1,4,1,79.406791687,-17.6081905365,-0.0131492009386,1,3,1,,-17.6081905365
1791475620.549629,,,,,,,,,,,,,,,,,,0.063239954412,-0.0349388793111,-0.007331836503,0,-0.217700466514,0.0483278669417,-0.0224604383111,-0.0157118476927,-0.0109399529174,-0.00157122057863,0.0176608562469,-0.217700466514,17.6890201569,3,0,0,9.18022537231,0.15082962811,0.166020363569,0.0883193090558,0.0540631338954,-0.413225769997,1,8,6.67343992973e-05,0.21796323359,47.3979706897,8.5461636713,4444000,2.06865079235e-05,1.79147562054e+15,1.79147562054e+15,-2.04757356644,1,1,0.00753545388579,3,0.0474101081491,0.00465215742588,2,11.9756908417,1,4,1,79.4087600708,-17.6081428528,-0.0131365573034,1,3,1,,-17.6081428528
1791475620.561552,,,,,,,,,,,,,,,,,,0.0579047463834,-0.0598493739963,-0.0157076846808,0,-0.217700466514,0.0483278669417,-0.0224604383111,-0.0157118476927,-0.0109399529174,-0.00157122057863,0.0176608562469,-0.217700466514,17.6888580322,3,0,0,9.18342590332,0.151663944125,0.16653996706,0.0889182314277,0.0542144961655,-0.413195133209,1,8,6.684481923e-05,0.21796323359,47.3979706897,8.5461636713,4444000,2.07777793548e-05,1.79147562056e+15,1.79147562056e+15,-2.04753684998,1,1,0.00887201819569,3,0.048730880022,0.00425502145663,2,11.9762926102,1,4,1,79.412651062,-17.6080513,-0.0132422512397,1,3,1,,-17.6080513
1791475620.570151,,,,,,,,,,,,,,,,,,0.0512838177383,-0.0651857852936,-0.00568712083623,0,-0.217700466514,0.0483278669417,-0.0224604383111,-0.0157118476927,-0.0109399529174,-0.00157122057863,0.0176608562469,-0.217700466514,17.6887798309,3,0,0,9.18502616882,0.15208530426,0.166800886393,0.0892183482647,0.0542900487781,-0.413181751966,1,8,6.69001310598e-05,0.21796323359,47.3979706897,8.5461636713,4444000,2.08234760066e-05,1.79147562057e+15,1.79147562057e+15,-2.04752063751,1,1,0.00947488192469,3,0.0492633879185,0.00414273329079,2,11.9766016006,1,4,1,79.41456604,-17.6080055237,-0.0132089331746,1,3,1,,-17.6080055237
1791475620.579246,0,0,0,0,0,0,0,2,0,0,0,0,0,1.79147562058e+15,1.79147562058e+15,1,0,0.0552328564227,-0.0644613280892,-0.0167558882385,0,-0.217700466514,0.0483278669417,-0.0224604383111,-0.0157118476927,-0.0109399529174,-0.00157122057863,0.0176608562469,-0.217700466514,17.6890678406,3,0,0,9.18662643433,0.150779783726,0.165902689099,0.0881997719407,0.0540347360075,-0.413165777922,1,8,6.68248903821e-05,0.21796323359,47.3979706897,8.5461636713,4444000,2.06742661248e-05,1.79147562057e+15,1.79147562057e+15,-2.04750204086,1,1,0.0101096620783,3,0.0498812906444,0.00393370492384,2,11.9769001007,1,4,1,79.416557312,-17.6079711914,-0.0132851656526,1,3,1,0,-17.6079711914
1791475620.589496,,,,,,,,,,,,,,,,,,0.0444447174668,-0.0771657302976,-0.0212960857898,0,-0.217700466514,0.0483278669417,-0.0224604383111,-0.0157118476927,-0.0109399529174,-0.00157122057863,0.0176608562469,-0.217700466514,17.688993454,3,0,0,9.18822669983,0.15119472146,0.166161894798,0.0884966924787,0.054110519588,-0.413148909807,1,8,6.68585926178e-05,0.21796323359,47.3979706897,8.5461636713,4444000,2.07178090932e-05,1.79147562058e+15,1.79147562058e+15,-2.04748177528,1,1,0.0106473006308,3,0.0503712631762,0.00369119178504,2,11.9772005081,1,4,1,79.4185333252,-17.6079387665,-0.0133945178241,1,3,1,,-17.6079387665
1791475620.601767,,,,,,,,,,,,,,,,,,0.050035212189,-0.083588346839,-0.010822433047,0,-0.217700466514,0.0483278669417,-0.0224604383111,-0.0157118476927,-0.0109399529174,-0.00157122057863,0.0176608562469,-0.217700466514,17.6888523102,3,0,0,9.19142723083,0.152033880353,0.166682526469,0.0890968367457,0.0542618595064,-0.413121819496,1,8,6.6969449108e-05,0.21796323359,47.3979706897,8.5461636713,4444000,2.08091332752e-05,1.7914756206e+15,1.7914756206e+15,-2.04744815826,1,1,0.0118113616481,3,0.0511575117707,0.00329651776701,2,11.9778165817,1,4,1,79.4224243164,-17.607875824,-0.0135221406817,1,3,1,,-17.607875824
1791475620.609774,,,,,,,,,,,,,,,,,,0.0398346856236,-0.0932441577315,-0.0155949955806,0,-0.217700466514,0.0483278669417,-0.0224604383111,-0.0157118476927,-0.0109399529174,-0.00157122057863,0.0176608562469,-0.217700466514,17.6889476776,3,0,0,9.19302749634,0.150730401278,0.165971234441,0.0880832523108,0.0540288873017,-0.413111537695,1,8,6.69003056828e-05,0.21796323359,47.3979706897,8.5461636713,4444000,2.06608165172e-05,1.79147562061e+15,1.79147562061e+15,-2.04743480682,1,1,0.0122966552153,3,0.0515352413058,0.00309898867272,2,11.9781064987,1,4,1,79.4244232178,-17.6078510284,-0.0135918492451,1,3,1,,-17.6078510284
1791475620.619185,0,0,0,0,0,0,0,2,0,0,0,0,0,1.79147562062e+15,1.79147562062e+15,1,0,0.0373031757772,-0.0999936461449,-0.015759838745,0,-0.217700466514,0.0483278669417,-0.0224604383111,-0.0157118476927,-0.0109399529174,-0.00157122057863,0.0176608562469,-0.217700466514,17.6888828278,3,0,0,9.19462776184,0.151145473123,0.166230514646,0.0883828476071,0.0541047342122,-0.413097113371,1,8,6.69558648951e-05,0.21796323359,47.3979706897,8.5461636713,4444000,2.07064185815e-05,1.79147562061e+15,1.79147562061e+15,-2.04741644859,1,1,0.0127586759627,3,0.0518316030502,0.00290270638652,2,11.9784021378,1,4,1,79.4264068604,-17.6078262329,-0.0136599671096,1,3,1,0,-17.6078262329
1791475620.629799,,,,,,,,,,,,,,,,,,0.0373029671609,-0.101629637182,-0.00705756200477,0,-0.217700466514,0.0483278669417,-0.0224604383111,-0.0157118476927,-0.0109399529174,-0.00157122057863,0.0176608562469,-0.217700466514,17.6888198853,3,0,0,9.19622802734,0.151563316584,0.166490525007,0.0886829420924,0.0541805028915,-0.413080751896,1,8,6.70114823151e-05,0.21796323359,47.3979706897,8.5461636713,4444000,2.07520570257e-05,1.79147562062e+15,1.79147562062e+15,-2.04739642143,1,1,0.0132177481428,3,0.0520882122219,0.00277853012085,2,11.9787025452,1,4,1,79.4283676147,-17.6078014374,-0.0136556858197,1,3,1,,-17.6078014374
1791475620.641601,,,,,,,,,,,,,,,,,,0.0408065877855,-0.114039026201,-0.0222958605736,0,-0.217700466514,0.0483278669417,-0.0224604383111,-0.0157118476927,-0.0109399529174,-0.00157122057863,0.0176608562469,-0.217700466514,17.6888885498,3,0,0,9.19942855835,0.15068243444,0.165854662657,0.0879745557904,0.0540018752217,-0.413060069084,1,8,6.70037552482e-05,0.21796323359,47.3979706897,8.5461636713,4444000,2.06502154469e-05,1.79147562064e+15,1.79147562064e+15,-2.04736852646,1,1,0.0141554465517,3,0.0525078251958,0.002406029962,2,11.9792852402,1,4,1,79.4323043823,-17.6077651978,-0.0137858632952,1,3,1,,-17.6077651978
1791475620.649622,,,,,,,,,,,,,,,,,,0.0304729193449,-0.110502019525,-0.0159502942115,0,-0.217700466514,0.0483278669417,-0.0224604383111,-0.0157118476927,-0.0109399529174,-0.00157122057863,0.0176608562469,-0.217700466514,17.6888313293,3,0,0,9.20102882385,0.151097178459,0.166113719344,0.0882744565606,0.0540778152645,-0.413048684597,1,8,6.70595181873e-05,0.21796323359,47.3979706897,8.5461636713,4444000,2.06958138733e-05,1.79147562065e+15,1.79147562065e+15,-2.04735255241,1,1,0.0145392389968,3,0.0527136214077,0.0022120247595,2,11.9795675278,1,4,1,79.4342803955,-17.6077480316,-0.0138568887487,1,3,1,,-17.6077480316
1791475620.658942,0,0,0,0,0,0,0,2,0,0,0,0,0,1.79147562066e+15,1.79147562066e+15,1,0,0.033836774528,-0.121253460646,-0.0159768369049,0,-0.217700466514,0.0483278669417,-0.0224604383111,-0.0157118476927,-0.0109399529174,-0.00157122057863,0.0176608562469,-0.217700466514,17.6887741089,3,0,0,9.20262908936,0.151514187455,0.166373506188,0.0885725468397,0.0541536584496,-0.413032114506,1,8,6.70933586662e-05,0.21796323359,47.3979706897,8.5461636713,4444000,2.07393859455e-05,1.79147562065e+15,1.79147562065e+15,-2.04733157158,1,1,0.0149411754683,3,0.0528080798686,0.00202033016831,2,11.9798517227,1,4,1,79.4362411499,-17.6077289581,-0.0139251817018,1,3,1,0,-17.6077289581
1791475620.669961,,,,,,,,,,,,,,,,,,0.0289285816252,-0.132820010185,-0.0056037674658,0,-0.217700466514,0.0483278669417,-0.0224604383111,-0.0157118476927,-0.0109399529174,-0.00157122057863,0.0176608562469,-0.217700466514,17.6887207031,3,0,0,9.20422935486,0.151934459805,0.166634038091,0.0888732001185,0.0542294234037,-0.413026571274,1,8,6.71492089168e-05,0.21796323359,47.3979706897,8.5461636713,4444000,2.07850607694e-05,1.79147562066e+15,1.79147562066e+15,-2.047321558,1,1,0.0153016727418,3,0.0527840740979,0.00191391073167,2,11.9801397324,1,4,1,79.4381790161,-17.607711792,-0.013907905668,1,3,1,,-17.607711792
1791475620.681740,,,,,,,,,,,,,,,,,,0.0234446804971,-0.134450957179,-0.0142399212345,0,-0.217700466514,0.0483278669417,-0.0224604383111,-0.0157118476927,-0.0109399529174,-0.00157122057863,0.0176608562469,-0.217700466514,17.6890220642,3,0,0,9.20742988586,0.151049330831,0.166182696819,0.0881691351533,0.0540731959045,-0.413008719683,1,8,6.71471862006e-05,0.21796323359,47.3979706897,8.5461636713,4444000,2.06839413295e-05,1.79147562068e+15,1.79147562068e+15,-2.04729366302,1,1,0.0158587824553,3,0.0528433807194,0.00153601064812,2,11.980638504,1,4,1,79.4421539307,-17.6077022552,-0.0140645923093,1,3,1,,-17.6077022552
1791475620.689798,,,,,,,,,,,,,,,,,,0.0168863162398,-0.152323275805,-0.0106315119192,0,-0.217700466514,0.0483278669417,-0.0224604383111,-0.0157118476927,-0.0109399529174,-0.00157122057863,0.0176608562469,-0.217700466514,17.6889743805,3,0,0,9.20903015137,0.151466503739,0.166442543268,0.0884696096182,0.0541491061449,-0.413005769253,1,8,6.72031965223e-05,0.21796323359,47.3979706897,8.5461636713,4444000,2.07295779546e-05,1.79147562069e+15,1.79147562069e+15,-2.04728531837,1,1,0.0160963349044,3,0.0526839196682,0.00138789054472,2,11.9808950424,1,4,1,79.4441070557,-17.6076984406,-0.014101090841,1,3,1,,-17.6076984406
1791475620.698181,0,0,0,0,0,0,0,2,0,0,0,0,0,1.7914756207e+15,1.7914756207e+15,1,0,,,,,,,,,,,,,,,,,,,,,,,,,,,,,,,,,,,,,,,,,,,,,,,,,,,0,
1791475620.701704,,,,,,,,,,,,,,,,,,0.0186470858753,-0.147156074643,-0.00285077816807,0,-0.217700466514,0.0483278669417,-0.0224604383111,-0.0157118476927,-0.0109399529174,-0.00157122057863,0.0176608562469,-0.217700466514,17.6890621185,3,0,0,9.21063041687,0.151886433363,0.166516080499,0.0887701436877,0.0542029030621,-0.412997722626,1,8,6.72592868796e-05,0.21796323359,47.3979706897,8.5461636713,4444000,2.07752527785e-05,1.79147562069e+15,1.79147562069e+15,-2.04727172852,1,1,0.0163465067744,3,0.0525398850441,0.00130342692137,2,11.9811563492,1,4,1,79.4460296631,-17.6076965332,-0.0140777183697,1,3,1,,-17.6076965332
1791475620.709821,,,,,,,,,,,,,,,,,,0.0183084793389,-0.153746947646,-0.00349245942198,0,-0.217700466514,0.0483278669417,-0.0224604383111,-0.0157118476927,-0.0109399529174,-0.00157122057863,0.0176608562469,-0.217700466514,17.6890335083,3,0,0,9.21223068237,0.15058876574,0.165807515383,0.0877701640129,0.0539713539183,-0.412991017103,1,8,6.72064415994e-05,0.21796323359,47.3979706897,8.5461636713,4444000,2.0629264327e-05,1.7914756207e+15,1.7914756207e+15,-2.04725956917,1,1,0.0165769159794,3,0.0524216070771,0.00121220957953,2,11.9813833237,1,4,1,79.4480285645,-17.6076965332,-0.0140613131225,1,3,1,,-17.6076965332
1791475620.721551,,,,,,,,,,,,,,,,,,0.0136868003756,-0.169563606381,-0.00791158434004,0,-0.217700466514,0.0483278669417,-0.0224604383111,-0.0157118476927,-0.0109399529174,-0.00157122057863,0.0176608562469,-0.217700466514,17.6889457703,3,0,0,9.21543121338,0.151419714093,0.16632604599,0.0883709341288,0.0541234314442,-0.412978112698,1,8,6.73188769724e-05,0.21796323359,47.3979706897,8.5461636713,4444000,2.07205011975e-05,1.79147562072e+15,1.79147562072e+15,-2.04723381996,1,1,0.0170256253332,3,0.0519443266094,0.000979428761639,2,11.9818534851,1,4,1,79.4519348145,-17.6076908112,-0.0140768233687,1,3,1,,-17.6076908112
1791475620.729744,,,,,,,,,,,,,,,,,,0.0180633235723,-0.166209772229,-0.00754883466288,0,-0.217700466514,0.0483278669417,-0.0224604383111,-0.0157118476927,-0.0109399529174,-0.00157122057863,0.0176608562469,-0.217700466514,17.6889019012,3,0,0,9.21703147888,0.151838824153,0.16658641398,0.0886697098613,0.0541993230581,-0.412980437279,1,8,6.73528047628e-05,0.21796323359,47.3979706897,8.5461636713,4444000,2.07641060115e-05,1.79147562073e+15,1.79147562073e+15,-2.04722976685,1,1,0.0172454603016,3,0.0516474917531,0.000862441665959,2,11.98209095,1,4,1,79.4538497925,-17.6076889038,-0.0140842050314,1,3,1,,-17.6076889038
1791475620.739477,0,0,0,0,0,0,0,2,0,0,0,0,0,1.79147562074e+15,1.79147562074e+15,1,0,0.0152630321681,-0.161261722445,-0.00964896660298,0,-0.217700466514,0.0483278669417,-0.0224604383111,-0.0157118476927,-0.0109399529174,-0.00157122057863,0.0176608562469,-0.217700466514,17.6888561249,3,0,0,9.21863174438,0.150543034077,0.16587677598,0.0876741036773,0.0539678148925,-0.412979364395,1,8,6.73048562021e-05,0.21796323359,47.3979706897,8.5461636713,4444000,2.06188560696e-05,1.79147562073e+15,1.79147562073e+15,-2.04722213745,1,1,0.0174342673272,3,0.0514576993883,0.000727141858079,2,11.9823064804,1,4,1,79.4558258057,-17.6076850891,-0.0141095630825,1,3,1,0,-17.6076850891
1791475620.749606,,,,,,,,,,,,,,,,,,0.0117328772321,-0.171679869294,-0.00980356615037,0,-0.217700466514,0.0483278669417,-0.0224604383111,-0.0157118476927,-0.0109399529174,-0.00157122057863,0.0176608562469,-0.217700466514,17.6888160706,3,0,0,9.22023200989,0.150956809521,0.16613574326,0.0879747569561,0.0540439523757,-0.412982791662,1,8,6.73611939419e-05,0.21796323359,47.3979706897,8.5461636713,4444000,2.06644435821e-05,1.79147562074e+15,1.79147562074e+15,-2.04721808434,1,1,0.0175941921771,3,0.0511573627591,0.000592697702814,2,11.9825258255,1,4,1,79.4577789307,-17.6076831818,-0.0141335390508,1,3,1,,-17.6076831818
1791475620.761955,,,,,,,,,,,,,,,,,,0.0117454826832,-0.183596074581,-0.00533275259659,0,-0.217700466514,0.0483278669417,-0.0224604383111,-0.0157118476927,-0.0109399529174,-0.00157122057863,0.0176608562469,-0.217700466514,17.688243866,3,0,0,9.22343254089,0.151792630553,0.166469573975,0.0885768607259,0.0541741549969,-0.412978231907,1,8,6.74740804243e-05,0.21796323359,47.3979706897,8.5461636713,4444000,2.07557441172e-05,1.79147562076e+15,1.79147562076e+15,-2.04719924927,1,1,0.0179113876075,3,0.0503516681492,0.00040699710371,2,11.9829788208,1,4,1,79.4615936279,-17.6076431274,-0.0140652135015,1,3,1,,-17.6076431274
1791475620.769689,,,,,,,,,,,,,,,,,,0.0124259302393,-0.187615990639,-0.00147940579336,0,-0.217700466514,0.0483278669417,-0.0224604383111,-0.0157118476927,-0.0109399529174,-0.00157122057863,0.0176608562469,-0.217700466514,17.6882076263,3,0,0,9.2250328064,0.152214691043,0.166730448604,0.0888786390424,0.054250061512,-0.412979483604,1,8,6.75306218909e-05,0.21796323359,47.3979706897,8.5461636713,4444000,2.08014571399e-05,1.79147562077e+15,1.79147562077e+15,-2.04719352722,1,1,0.0180749166757,3,0.0498462915421,0.000347995082848,2,11.9832115173,1,4,1,79.4634628296,-17.607624054,-0.0139974905178,1,3,1,,-17.607624054
1791475620.778950,0,0,0,0,0,0,0,2,0,0,0,0,0,1.79147562078e+15,1.79147562078e+15,1,0,,,,,,,,,,,,,,,,,,,,,,,,,,,,,,,,,,,,,,,,,,,,,,,,,,,0,
1791475620.781739,,,,,,,,,,,,,,,,,,0.00791072100401,-0.188582703471,-0.0097472211346,0,-0.217700466514,0.0483278669417,-0.0224604383111,-0.0157118476927,-0.0109399529174,-0.00157122057863,0.0176608562469,-0.217700466514,17.6880989075,3,0,0,9.2266330719,0.150904417038,0.166018277407,0.0878728553653,0.0540175512433,-0.412988364697,1,8,6.74869734212e-05,0.21796323359,47.3979706897,8.5461636713,4444000,2.06543008971e-05,1.79147562077e+15,1.79147562077e+15,-2.04719543457,1,1,0.0182018559426,3,0.0494020134211,0.000221287074964,2,11.9834270477,1,4,1,79.465385437,-17.6076011658,-0.013995686546,1,3,1,,-17.6076011658
1791475620.790365,,,,,,,,,,,,,,,,,,0.00592760043219,-0.18966691196,-0.0051376405172,0,-0.217700466514,0.0483278669417,-0.0224604383111,-0.0157118476927,-0.0109399529174,-0.00157122057863,0.0176608562469,-0.217700466514,17.6880645752,3,0,0,9.2282333374,0.151320546865,0.166277751327,0.0881737321615,0.0540936626494,-0.412995487452,1,8,6.75436167512e-05,0.21796323359,47.3979706897,8.5461636713,4444000,2.06999320653e-05,1.79147562078e+15,1.79147562078e+15,-2.04719543457,1,1,0.0183122828603,3,0.048922650516,0.000133268957143,2,11.9836463928,1,4,1,79.4672775269,-17.6075801849,-0.0139555223286,1,3,1,,-17.6075801849
1791475620.801594,,,,,,,,,,,,,,,,,,0.00311588682234,-0.194211155176,-0.00650435639545,0,-0.217700466514,0.0483278669417,-0.0224604383111,-0.0157118476927,-0.0109399529174,-0.00157122057863,0.0176608562469,-0.217700466514,17.687997818,3,0,0,9.23143386841,0.152160570025,0.166798889637,0.0887749865651,0.0542456246912,-0.412991791964,1,8,6.76343770465e-05,0.21796323359,47.3979706897,8.5461636713,4444000,2.0789248083e-05,1.7914756208e+15,1.7914756208e+15,-2.04717731476,1,1,0.0184962321073,3,0.0477890335023,-5.75769954594e-05,2,11.9840936661,1,4,1,79.470993042,-17.6075363159,-0.0138909928501,1,3,1,,-17.6075363159
1791475620.809627,,,,,,,,,,,,,,,,,,0.00292349583469,-0.205870524049,-0.00859144981951,0,-0.217700466514,0.0483278669417,-0.0224604383111,-0.0157118476927,-0.0109399529174,-0.00157122057863,0.0176608562469,-0.217700466514,17.687877655,3,0,0,9.23303413391,0.150852516294,0.166085675359,0.087773680687,0.0540131404996,-0.412996560335,1,8,6.75951232552e-05,0.21796323359,47.3979706897,8.5461636713,4444000,2.06428740057e-05,1.79147562081e+15,1.79147562081e+15,-2.04717493057,1,1,0.0185669511557,3,0.0471915267408,-0.000169059931068,2,11.984290123,1,4,1,79.4728775024,-17.6075115204,-0.0138726057485,1,3,1,,-17.6075115204
1791475620.818922,0,0,0,0,0,0,0,2,0,0,0,0,0,1.79147562082e+15,1.79147562082e+15,1,0,,,,,,,,,,,,,,,,,,,,,,,,,,,,,,,,,,,,,,,,,,,,,,,,,,,0,
1791475620.821559,,,,,,,,,,,,,,,,,,-0.0023634377867,-0.20417816937,-0.0143828792498,0,-0.217700466514,0.0483278669417,-0.0224604383111,-0.0157118476927,-0.0109399529174,-0.00157122057863,0.0176608562469,-0.217700466514,17.6874313354,3,0,0,9.23463439941,0.151268258691,0.1661593467,0.0880747810006,0.0540675185621,-0.412993490696,1,8,6.76519484841e-05,0.21796323359,47.3979706897,8.5461636713,4444000,2.06885015359e-05,1.79147562081e+15,1.79147562081e+15,-2.04716396332,1,1,0.0185950770974,3,0.0465813949704,-0.000322636769852,2,11.9844903946,1,4,1,79.4747390747,-17.6074733734,-0.0138832507655,1,3,1,,-17.6074733734
1791475620.829528,,,,,,,,,,,,,,,,,,0.00325730443001,-0.206020325422,-0.0101220784709,0,-0.217700466514,0.0483278669417,-0.0224604383111,-0.0157118476927,-0.0109399529174,-0.00157122057863,0.0176608562469,-0.217700466514,17.6874008179,3,0,0,9.23623466492,0.151686742902,0.166419312358,0.0883764848113,0.0541436262429,-0.41298943758,1,8,6.77088391967e-05,0.21796323359,47.3979706897,8.5461636713,4444000,2.07341690839e-05,1.79147562082e+15,1.79147562082e+15,-2.04715228081,1,1,0.0186678804457,3,0.0459310486913,-0.000440619711298,2,11.9846954346,1,4,1,79.4765701294,-17.6074371338,-0.0138592869043,1,3,1,,-17.6074371338
1791475620.841551,,,,,,,,,,,,,,,,,,0.00800637714565,-0.211416184902,-0.0162580963224,0,-0.217700466514,0.0483278669417,-0.0224604383111,-0.0157118476927,-0.0109399529174,-0.00157122057863,0.0176608562469,-0.217700466514,17.6874980927,3,0,0,9.23943519592,0.150802060962,0.165968731046,0.0876812711358,0.0539878346026,-0.412982225418,1,8,6.77306816215e-05,0.21796323359,47.3979706897,8.5461636713,4444000,2.06342119782e-05,1.79147562084e+15,1.79147562084e+15,-2.04713010788,1,1,0.0188981369138,3,0.0445756539702,-0.000700456846971,2,11.9850959778,1,4,1,79.4802093506,-17.6073703766,-0.0138434860855,1,3,1,,-17.6073703766
1791475620.849661,,,,,,,,,,,,,,,,,,0.000447769911261,-0.21430708468,-0.0108880912885,0,-0.217700466514,0.0483278669417,-0.0224604383111,-0.0157118476927,-0.0109399529174,-0.00157122057863,0.0176608562469,-0.217700466514,17.6874694824,3,0,0,9.24103546143,0.15121743083,0.166228026152,0.0879824310541,0.0540640689433,-0.412981987,1,8,6.77877396811e-05,0.21796323359,47.3979706897,8.5461636713,4444000,2.06798413274e-05,1.79147562085e+15,1.79147562085e+15,-2.04712200165,1,1,0.018946506083,3,0.0438552387059,-0.000823829206638,2,11.9852924347,1,4,1,79.4820175171,-17.6073417664,-0.0138329779729,1,3,1,,-17.6073417664
1791475620.857973,0,0,0,0,0,0,0,2,0,0,0,0,0,1.79147562086e+15,1.79147562086e+15,1,0,,,,,,,,,,,,,,,,,,,,,,,,,,,,,,,,,,,,,,,,,,,,,,,,,,,0,
1791475620.861655,,,,,,,,,,,,,,,,,,6.91538807587e-05,-0.212297469378,-0.00952649768442,0,-0.217700466514,0.0483278669417,-0.0224604383111,-0.0157118476927,-0.0109399529174,-0.00157122057863,0.0176608562469,-0.217700466514,17.6874427795,3,0,0,9.24263572693,0.151635527611,0.166488051414,0.0882840156555,0.054140213877,-0.412982583046,1,8,6.78448632243e-05,0.21796323359,47.3979706897,8.5461636713,4444000,2.07255070563e-05,1.79147562085e+15,1.79147562085e+15,-2.04711484909,1,1,0.0189915597439,3,0.0431260764599,-0.000934873824008,2,11.9854927063,1,4,1,79.483795166,-17.6073131561,-0.0138109680265,1,3,1,,-17.6073131561
1791475620.869837,,,,,,,,,,,,,,,,,,-0.00534168351442,-0.222727805376,-0.00784872006625,0,-0.217700466514,0.0483278669417,-0.0224604383111,-0.0157118476927,-0.0109399529174,-0.00157122057863,0.0176608562469,-0.217700466514,17.6874160767,3,0,0,9.24423599243,0.152055889368,0.166748821735,0.0885838270187,0.0542162656784,-0.412982583046,1,8,6.78790165693e-05,0.21796323359,47.3979706897,8.5461636713,4444000,2.07691573451e-05,1.79147562086e+15,1.79147562086e+15,-2.04710745811,1,1,0.018988950178,3,0.042290288955,-0.00103103765287,2,11.9856948853,1,4,1,79.4855422974,-17.6072845459,-0.0137748904526,1,3,1,,-17.6072845459
1791475620.881764,,,,,,,,,,,,,,,,,,0.000923820305616,-0.219524353743,-0.00764522654936,0,-0.217700466514,0.0483278669417,-0.0224604383111,-0.0157118476927,-0.0109399529174,-0.00157122057863,0.0176608562469,-0.217700466514,17.6878814697,3,0,0,9.24743652344,0.151167079806,0.166110724211,0.0878918096423,0.0540391504765,-0.412990689278,1,8,6.79051008774e-05,0.21796323359,47.3979706897,8.5461636713,4444000,2.06698405236e-05,1.79147562088e+15,1.79147562088e+15,-2.04710078239,1,1,0.0190543662757,3,0.0407530479133,-0.00123235676438,2,11.9861068726,1,4,1,79.4890670776,-17.6072616577,-0.0137478886172,1,3,1,,-17.6072616577
1791475620.889671,,,,,,,,,,,,,,,,,,-0.000427002058132,-0.225404962897,-0.0121179027483,0,-0.217700466514,0.0483278669417,-0.0224604383111,-0.0157118476927,-0.0109399529174,-0.00157122057863,0.0176608562469,-0.217700466514,17.6878566742,3,0,0,9.24903678894,0.151584804058,0.166370511055,0.0881935283542,0.0541153438389,-0.412984013557,1,8,6.79624208715e-05,0.21796323359,47.3979706897,8.5461636713,4444000,2.07155135286e-05,1.79147562089e+15,1.79147562089e+15,-2.04708695412,1,1,0.0191072840244,3,0.0398944579065,-0.00136485940311,2,11.9863185883,1,4,1,79.4907913208,-17.607252121,-0.013766547665,1,3,1,,-17.607252121
1791475620.899454,0,0,0,0,0,0,0,2,0,0,0,0,0,1.7914756209e+15,1.7914756209e+15,1,0,0.0019862758927,-0.22649385035,-0.00671390397474,0,-0.217700466514,0.0483278669417,-0.0224604383111,-0.0157118476927,-0.0109399529174,-0.00157122057863,0.0176608562469,-0.217700466514,17.687833786,3,0,0,9.25063705444,0.152005270123,0.166631057858,0.088495709002,0.0541914589703,-0.412980496883,1,8,6.80197917973e-05,0.21796323359,47.3979706897,8.5461636713,4444000,2.07612174563e-05,1.79147562089e+15,1.79147562089e+15,-2.0470764637,1,1,0.0191788431257,3,0.0390034839511,-0.00145272247028,2,11.986533165,1,4,1,79.492477417,-17.6072406769,-0.0137408412993,1,3,1,0,-17.6072406769
1791475620.909818,,,,,,,,,,,,,,,,,,-0.00113556685392,-0.220215246081,-0.00329036242329,0,-0.217700466514,0.0483278669417,-0.0224604383111,-0.0157118476927,-0.0109399529174,-0.00157122057863,0.0176608562469,-0.217700466514,17.6878356934,3,0,0,9.25223731995,0.150703504682,0.165920600295,0.0875058099627,0.0539602674544,-0.412982672453,1,8,6.79924123688e-05,0.21796323359,47.3979706897,8.5461636713,4444000,2.06169133889e-05,1.7914756209e+15,1.7914756209e+15,-2.04707169533,1,1,0.019246391952,3,0.0382101498544,-0.00151647243183,2,11.9867534637,1,4,1,79.4942016602,-17.6072292328,-0.0136925401166,1,3,1,,-17.6072292328
1791475620.921787,,,,,,,,,,,,,,,,,,-0.00964874494821,-0.234554067254,-0.00877026375383,0,-0.217700466514,0.0483278669417,-0.0224604383111,-0.0157118476927,-0.0109399529174,-0.00157122057863,0.0176608562469,-0.217700466514,17.6877937317,3,0,0,9.25543785095,0.151535511017,0.166439592838,0.0881090089679,0.0541128329933,-0.412991821766,1,8,6.81073943269e-05,0.21796323359,47.3979706897,8.5461636713,4444000,2.07081957342e-05,1.79147562092e+15,1.79147562092e+15,-2.04706811905,1,1,0.0193232055753,3,0.0363783724606,-0.00172934215516,2,11.9872026443,1,4,1,79.4975509644,-17.6072101593,-0.0136821335182,1,3,1,,-17.6072101593
1791475620.929601,,,,,,,,,,,,,,,,,,0.000744157063309,-0.233503356576,-0.0145509829745,0,-0.217700466514,0.0483278669417,-0.0224604383111,-0.0157118476927,-0.0109399529174,-0.00157122057863,0.0176608562469,-0.217700466514,17.6877727509,3,0,0,9.25703811646,0.151955619454,0.166700199246,0.0884113013744,0.0541889742017,-0.413001775742,1,8,6.81649980834e-05,0.21796323359,47.3979706897,8.5461636713,4444000,2.07538996619e-05,1.79147562093e+15,1.79147562093e+15,-2.04707193375,1,1,0.0194022785872,3,0.0354075245559,-0.00187893316615,2,11.9874324799,1,4,1,79.4991760254,-17.6072006226,-0.0137205161154,1,3,1,,-17.6072006226
1791475620.938694,0,0,0,0,0,0,0,2,0,0,0,0,0,1.79147562094e+15,1.79147562094e+15,1,0,,,,,,,,,,,,,,,,,,,,,,,,,,,,,,,,,,,,,,,,,,,,,,,,,,,0,
1791475620.941434,,,,,,,,,,,,,,,,,,-0.000921572500374,-0.237689480186,-0.00996515061706,0,-0.217700466514,0.0483278669417,-0.0224604383111,-0.0157118476927,-0.0109399529174,-0.00157122057863,0.0176608562469,-0.217700466514,17.6878509521,3,0,0,9.25863838196,0.150655388832,0.16580401361,0.0874227657914,0.0539361871779,-0.413006693125,1,8,6.81177843944e-05,0.21796323359,47.3979706897,8.5461636713,4444000,2.06081913348e-05,1.79147562093e+15,1.79147562093e+15,-2.04707098007,1,1,0.0194787345827,3,0.0344409830868,-0.00199964828789,2,11.987660408,1,4,1,79.500831604,-17.6071929932,-0.01373437047,1,3,1,,-17.6071929932
1791475620.949769,,,,,,,,,,,,,,,,,,-0.00574767077342,-0.233296632767,-0.0136937005445,0,-0.217700466514,0.0483278669417,-0.0224604383111,-0.0157118476927,-0.0109399529174,-0.00157122057863,0.0176608562469,-0.217700466514,17.687833786,3,0,0,9.26023864746,0.151069656014,0.166062921286,0.0877243131399,0.0540125668049,-0.413008064032,1,8,6.81754390826e-05,0.21796323359,47.3979706897,8.5461636713,4444000,2.0653811589e-05,1.79147562094e+15,1.79147562094e+15,-2.0470662117,1,1,0.0195151679218,3,0.0334860235453,-0.00214863708243,2,11.9878921509,1,4,1,79.5024490356,-17.6071872711,-0.0137767130509,1,3,1,,-17.6071872711
1791475620.961605,,,,,,,,,,,,,,,,,,-0.00141661067028,-0.241353422403,0.000113621346827,0,-0.217700466514,0.0483278669417,-0.0224604383111,-0.0157118476927,-0.0109399529174,-0.00157122057863,0.0176608562469,-0.217700466514,17.6877994537,3,0,0,9.26343917847,0.151906430721,0.166582927108,0.0883285403252,0.0541650541127,-0.41301459074,1,8,6.82909230818e-05,0.21796323359,47.3979706897,8.5461636713,4444000,2.07451703318e-05,1.79147562096e+15,1.79147562096e+15,-2.04706168175,1,1,0.0195653978735,3,0.0313887856901,-0.00229353038594,2,11.988363266,1,4,1,79.5055999756,-17.607175827,-0.0137089788914,1,3,1,,-17.607175827
1791475620.969809,,,,,,,,,,,,,,,,,,-0.00605638930574,-0.245119839907,-0.0038403084036,0,-0.217700466514,0.0483278669417,-0.0224604383111,-0.0157118476927,-0.0109399529174,-0.00157122057863,0.0176608562469,-0.217700466514,17.6886081696,3,0,0,9.26503944397,0.150608614087,0.165873304009,0.0873456895351,0.0539344549179,-0.413013011217,1,8,6.82705140207e-05,0.21796323359,47.3979706897,8.5461636713,4444000,2.06020868063e-05,1.79147562097e+15,1.79147562097e+15,-2.04705452919,1,1,0.0196116194129,3,0.0303342435509,-0.00237280782312,2,11.9886045456,1,4,1,79.5071792603,-17.6071968079,-0.0137100042775,1,3,1,,-17.6071968079
1791475620.978010,0,0,0,0,0,0,0,2,0,0,0,0,0,1.79147562098e+15,1.79147562098e+15,1,0,,,,,,,,,,,,,,,,,,,,,,,,,,,,,,,,,,,,,,,,,,,,,,,,,,,0,
1791475620.981617,,,,,,,,,,,,,,,,,,-0.00570642435923,-0.238972201943,-0.00916561018676,0,-0.217700466514,0.0483278669417,-0.0224604383111,-0.0157118476927,-0.0109399529174,-0.00157122057863,0.0176608562469,-0.217700466514,17.6885967255,3,0,0,9.26663970947,0.151022568345,0.166132286191,0.0876473411918,0.0540108494461,-0.413017213345,1,8,6.83284015395e-05,0.21796323359,47.3979706897,8.5461636713,4444000,2.06477106985e-05,1.79147562097e+15,1.79147562097e+15,-2.04705357552,1,1,0.0196589417756,3,0.0293059758842,-0.00249291909859,2,11.9888477325,1,4,1,79.5087280273,-17.6072177887,-0.0137511864305,1,3,1,,-17.6072177887
1791475620.989637,,,,,,,,,,,,,,,,,,-0.012062298134,-0.242608904839,-0.00463006971404,0,-0.217700466514,0.0483278669417,-0.0224604383111,-0.0157118476927,-0.0109399529174,-0.00157122057863,0.0176608562469,-0.217700466514,17.6885852814,3,0,0,9.26823997498,0.151439249516,0.166391983628,0.0879492536187,0.0540871471167,-0.41302511096,1,8,6.83863618178e-05,0.21796323359,47.3979706897,8.5461636713,4444000,2.06933727895e-05,1.79147562098e+15,1.79147562098e+15,-2.04705667496,1,1,0.0196537654847,3,0.0282262973487,-0.00257502775639,2,11.9890937805,1,4,1,79.5102462769,-17.6072368622,-0.0137537149712,1,3,1,,-17.6072368622
1791475621.001647,,,,,,,,,,,,,,,,,,-0.00240090978332,-0.249352812767,-0.00825291406363,0,-0.217700466514,0.0483278669417,-0.0224604383111,-0.0157118476927,-0.0109399529174,-0.00157122057863,0.0176608562469,-0.217700466514,17.6889152527,3,0,0,9.27144050598,0.150562718511,0.165757805109,0.0872719213367,0.0539113469422,-0.41303807497,1,8,6.84272818035e-05,0.21796323359,47.3979706897,8.5461636713,4444000,2.05965352507e-05,1.791475621e+15,1.791475621e+15,-2.04706025124,1,1,0.0196868665516,3,0.0259737372398,-0.0027503662277,2,11.989575386,1,4,1,79.5132598877,-17.6072769165,-0.0137722147629,1,3,1,,-17.6072769165
1791475621.009756,,,,,,,,,,,,,,,,,,-0.00650654034689,-0.24938133359,0.000333879113896,0,-0.217700466514,0.0483278669417,-0.0224604383111,-0.0157118476927,-0.0109399529174,-0.00157122057863,0.0176608562469,-0.217700466514,17.6889095306,3,0,0,9.27304077148,0.150975883007,0.166016548872,0.0875715017319,0.0539877787232,-0.413042277098,1,8,6.84614933562e-05,0.21796323359,47.3979706897,8.5461636713,4444000,2.06401273317e-05,1.79147562101e+15,1.79147562101e+15,-2.0470597744,1,1,0.0197179950774,3,0.0248473510146,-0.00279746204615,2,11.9898109436,1,4,1,79.514755249,-17.6073055267,-0.0137500930578,1,3,1,,-17.6073055267
1791475621.018868,0,0,0,0,0,0,0,2,0,0,0,0,0,1.79147562102e+15,1.79147562102e+15,1,0,-0.00580911338329,-0.252473086119,-0.0107465302572,0,-0.217700466514,0.0483278669417,-0.0224604383111,-0.0157118476927,-0.0109399529174,-0.00157122057863,0.0176608562469,-0.217700466514,17.6889038086,3,0,0,9.27464103699,0.151392221451,0.166276037693,0.0878735408187,0.0540641359985,-0.413048446178,1,8,6.85196428094e-05,0.21796323359,47.3979706897,8.5461636713,4444000,2.06857876037e-05,1.79147562101e+15,1.79147562101e+15,-2.04706096649,1,1,0.0197533108294,3,0.0236742161214,-0.00293140183203,2,11.9900484085,1,4,1,79.5162124634,-17.607334137,-0.0138139221817,1,3,1,0,-17.607334137
1791475621.029481,,,,,,,,,,,,,,,,,,-0.00276961736381,-0.254373580217,-0.000810716242995,0,-0.217700466514,0.0483278669417,-0.0224604383111,-0.0157118476927,-0.0109399529174,-0.00157122057863,0.0176608562469,-0.217700466514,17.6888980865,3,0,0,9.27624130249,0.151811301708,0.166536256671,0.0881758853793,0.0541403889656,-0.413049012423,1,8,6.85778577463e-05,0.21796323359,47.3979706897,8.5461636713,4444000,2.07314878935e-05,1.79147562102e+15,1.79147562102e+15,-2.04705691338,1,1,0.0198115911335,3,0.0224644243717,-0.00298410654068,2,11.9902896881,1,4,1,79.5176467896,-17.6073627472,-0.0137956542894,1,3,1,,-17.6073627472
1791475621.041597,,,,,,,,,,,,,,,,,,-0.0140818627551,-0.257661610842,-0.0118529414758,0,-0.217700466514,0.0483278669417,-0.0224604383111,-0.0157118476927,-0.0109399529174,-0.00157122057863,0.0176608562469,-0.217700466514,17.6896724701,3,0,0,9.2794418335,0.150922849774,0.166083961725,0.0874881073833,0.0539848208427,-0.413060188293,1,8,6.86219209456e-05,0.21796323359,47.3979706897,8.5461636713,4444000,2.06327258638e-05,1.79147562104e+15,1.79147562104e+15,-2.04705953598,1,1,0.0197337884456,3,0.0200503766537,-0.00328154931776,2,11.9907608032,1,4,1,79.5204696655,-17.6074409485,-0.0139751173556,1,3,1,,-17.6074409485
1791475621.049717,,,,,,,,,,,,,,,,,,-0.011555143632,-0.257285952568,-0.0050938683562,0,-0.217700466514,0.0483278669417,-0.0224604383111,-0.0157118476927,-0.0109399529174,-0.00157122057863,0.0176608562469,-0.217700466514,17.6896724701,3,0,0,9.281042099,0.151338785887,0.166343510151,0.0877900570631,0.0540611818433,-0.413065195084,1,8,6.86803032295e-05,0.21796323359,47.3979706897,8.5461636713,4444000,2.06783843169e-05,1.79147562105e+15,1.79147562105e+15,-2.04706001282,1,1,0.0197096914053,3,0.0188191626221,-0.00337653630413,2,11.9909906387,1,4,1,79.5218658447,-17.6074924469,-0.0140223084018,1,3,1,,-17.6074924469
1791475621.058953,0,0,0,0,0,0,0,2,0,0,0,0,0,1.79147562106e+15,1.79147562106e+15,1,0,,,,,,,,,,,,,,,,,,,,,,,,,,,,,,,,,,,,,,,,,,,,,,,,,,,0,
1791475621.061810,,,,,,,,,,,,,,,,,,-0.0151271596551,-0.257713347673,-0.0119479363784,0,-0.217700466514,0.0483278669417,-0.0224604383111,-0.0157118476927,-0.0109399529174,-0.00157122057863,0.0176608562469,-0.217700466514,17.6900997162,3,0,0,9.2826423645,0.151757448912,0.166417047381,0.0880922153592,0.0541154667735,-0.413075387478,1,8,6.8738750997e-05,0.21796323359,47.3979706897,8.5461636713,4444000,2.07240809686e-05,1.79147562105e+15,1.79147562105e+15,-2.04706573486,1,1,0.0196560397744,3,0.0175635404885,-0.00352711090818,2,11.9912233353,1,4,1,79.5232315063,-17.6075572968,-0.0141374543309,1,3,1,,-17.6075572968
1791475621.069985,,,,,,,,,,,,,,,,,,-0.0135020250455,-0.260299503803,-0.0117630688474,0,-0.217700466514,0.0483278669417,-0.0224604383111,-0.0157118476927,-0.0109399529174,-0.00157122057863,0.0176608562469,-0.217700466514,17.6901016235,3,0,0,9.28424263,0.152178838849,0.166677758098,0.0883948877454,0.0541916638613,-0.413073420525,1,8,6.87972569722e-05,0.21796323359,47.3979706897,8.5461636713,4444000,2.07698140002e-05,1.79147562106e+15,1.79147562106e+15,-2.04705953598,1,1,0.0196144208312,3,0.016266759485,-0.00367425801232,2,11.9914588928,1,4,1,79.524559021,-17.6076202393,-0.0142472116277,1,3,1,,-17.6076202393
1791475621.081484,,,,,,,,,,,,,,,,,,-0.0187862291932,-0.263576447964,-0.00153249118011,0,-0.217700466514,0.0483278669417,-0.0224604383111,-0.0157118476927,-0.0109399529174,-0.00157122057863,0.0176608562469,-0.217700466514,17.6906719208,3,0,0,9.28744316101,0.151285856962,0.166225761175,0.0877078771591,0.0540369674563,-0.41307720542,1,8,6.88203290338e-05,0.21796323359,47.3979706897,8.5461636713,4444000,2.06695513043e-05,1.79147562108e+15,1.79147562108e+15,-2.04705476761,1,1,0.0195265375078,3,0.0137109272182,-0.00379600189626,2,11.9919118881,1,4,1,79.5272521973,-17.6077785492,-0.0143258757889,1,3,1,,-17.6077785492
1791475621.089807,,,,,,,,,,,,,,,,,,-0.0121884429827,-0.26260048151,-0.00648945523426,0,-0.217700466514,0.0483278669417,-0.0224604383111,-0.0157118476927,-0.0109399529174,-0.00157122057863,0.0176608562469,-0.217700466514,17.6906776428,3,0,0,9.28904342651,0.151704117656,0.166485786438,0.0880102366209,0.0541132800281,-0.413077294827,1,8,6.88789368724e-05,0.21796323359,47.3979706897,8.5461636713,4444000,2.07152406801e-05,1.79147562109e+15,1.79147562109e+15,-2.04705023766,1,1,0.0194847416133,3,0.0124029871076,-0.00390504696406,2,11.99214077,1,4,1,79.5285568237,-17.6078548431,-0.0144097413868,1,3,1,,-17.6078548431
1791475621.098117,0,0,0,0,0,0,0,2,0,0,0,0,0,1.7914756211e+15,1.7914756211e+15,1,0,,,,,,,,,,,,,,,,,,,,,,,,,,,,,,,,,,,,,,,,,,,,,,,,,,,0,
1791475621.101807,,,,,,,,,,,,,,,,,,-0.0153656760231,-0.269486397505,-0.00323634571396,0,-0.217700466514,0.0483278669417,-0.0224604383111,-0.0157118476927,-0.0109399529174,-0.00157122057863,0.0176608562469,-0.217700466514,17.6906833649,3,0,0,9.29064369202,0.152125105262,0.166746556759,0.0883129835129,0.0541894957423,-0.413079768419,1,8,6.89376611263e-05,0.21796323359,47.3979706897,8.5461636713,4444000,2.07609809877e-05,1.79147562109e+15,1.79147562109e+15,-2.04704833031,1,1,0.0194168630987,3,0.011019767262,-0.00398605968803,2,11.9923715591,1,4,1,79.5298233032,-17.6079292297,-0.0144632356241,1,3,1,,-17.6079292297
1791475621.109840,,,,,,,,,,,,,,,,,,-0.0155440894887,-0.258506000042,-0.00463565764949,0,-0.217700466514,0.0483278669417,-0.0224604383111,-0.0157118476927,-0.0109399529174,-0.00157122057863,0.0176608562469,-0.217700466514,17.6913852692,3,0,0,9.29224395752,0.150819271803,0.166034206748,0.0873292312026,0.0539583526552,-0.413078784943,1,8,6.89294538461e-05,0.21796323359,47.3979706897,8.5461636713,4444000,2.06177155633e-05,1.7914756211e+15,1.7914756211e+15,-2.0470430851,1,1,0.0193346459419,3,0.00976732932031,-0.00408933544531,2,11.9925813675,1,4,1,79.5311126709,-17.6080245972,-0.0145602505654,1,3,1,,-17.6080245972
1791475621.121897,,,,,,,,,,,,,,,,,,-0.0144906165078,-0.262008368969,0.00015879048442,0,-0.217700466514,0.0483278669417,-0.0224604383111,-0.0157118476927,-0.0109399529174,-0.00157122057863,0.0176608562469,-0.217700466514,17.69140625,3,0,0,9.29544448853,0.151652276516,0.166367679834,0.0879332199693,0.0540893487632,-0.413086026907,1,8,6.90471424605e-05,0.21796323359,47.3979706897,8.5461636713,4444000,2.07090597542e-05,1.79147562112e+15,1.79147562112e+15,-2.04704117775,1,1,0.0192047078162,3,0.00718270428479,-0.00428009545431,2,11.9930076599,1,4,1,79.5335998535,-17.60820961,-0.0147296609357,1,3,1,,-17.60820961
1791475621.129797,,,,,,,,,,,,,,,,,,-0.0112704131752,-0.260442137718,0.00901473592967,0,-0.217700466514,0.0483278669417,-0.0224604383111,-0.0157118476927,-0.0109399529174,-0.00157122057863,0.0176608562469,-0.217700466514,17.6914176941,3,0,0,9.29704475403,0.152072861791,0.166628211737,0.088235847652,0.0541655980051,-0.413089901209,1,8,6.91060631652e-05,0.21796323359,47.3979706897,8.5461636713,4444000,2.07547891478e-05,1.79147562113e+15,1.79147562113e+15,-2.04704046249,1,1,0.0191557705402,3,0.00585389556363,-0.00426755892113,2,11.993224144,1,4,1,79.5348052979,-17.608297348,-0.0147022856399,1,3,1,,-17.608297348
1791475621.138264,0,0,0,0,0,0,0,2,0,0,0,0,0,1.79147562114e+15,1.79147562114e+15,1,0,,,,,,,,,,,,,,,,,,,,,,,,,,,,,,,,,,,,,,,,,,,,,,,,,,,0,
1791475621.141549,,,,,,,,,,,,,,,,,,-0.0103180008009,-0.269072383642,-0.00268174312077,0,-0.217700466514,0.0483278669417,-0.0224604383111,-0.0157118476927,-0.0109399529174,-0.00157122057863,0.0176608562469,-0.217700466514,17.6916866302,3,0,0,9.29864501953,0.150769144297,0.165917769074,0.0872550979257,0.0539350435138,-0.413103878498,1,8,6.91007007845e-05,0.21796323359,47.3979706897,8.5461636713,4444000,2.06120894291e-05,1.79147562113e+15,1.79147562113e+15,-2.04705023766,1,1,0.0190916061401,3,0.00450535444543,-0.00435054721311,2,11.9934053421,1,4,1,79.536026001,-17.6083927155,-0.0147764002904,1,3,1,,-17.6083927155
1791475621.149669,,,,,,,,,,,,,,,,,,-0.012931083329,-0.272919237614,0.00697141466662,0,-0.217700466514,0.0483278669417,-0.0224604383111,-0.0157118476927,-0.0109399529174,-0.00157122057863,0.0176608562469,-0.217700466514,17.6916999817,3,0,0,9.30024528503,0.151183441281,0.166176900268,0.08755492419,0.0540115013719,-0.413116395473,1,8,6.91349050612e-05,0.21796323359,47.3979706897,8.5461636713,4444000,2.06557124329e-05,1.79147562114e+15,1.79147562114e+15,-2.04705810547,1,1,0.0190041773021,3,0.00310642644763,-0.00435416819528,2,11.9935874939,1,4,1,79.5372238159,-17.6084842682,-0.0147683015093,1,3,1,,-17.6084842682
1791475621.161451,,,,,,,,,,,,,,,,,,-0.012298475951,-0.269625663757,0.0013238749234,0,-0.217700466514,0.0483278669417,-0.0224604383111,-0.0157118476927,-0.0109399529174,-0.00157122057863,0.0176608562469,-0.217700466514,17.6917266846,3,0,0,9.30344581604,0.152021110058,0.166697353125,0.0881596058607,0.0541641227901,-0.413138687611,1,8,6.92531029927e-05,0.21796323359,47.3979706897,8.5461636713,4444000,2.07471275644e-05,1.79147562116e+15,1.79147562116e+15,-2.04707026482,1,1,0.018861848861,3,0.00027224549558,-0.00446101138368,2,11.9939584732,1,4,1,79.5395202637,-17.608663559,-0.0148435309529,1,3,1,,-17.608663559
1791475621.169822,,,,,,,,,,,,,,,,,,-0.0139543404803,-0.268282771111,0.00509060872719,0,-0.217700466514,0.0483278669417,-0.0224604383111,-0.0157118476927,-0.0109399529174,-0.00157122057863,0.0176608562469,-0.217700466514,17.6920185089,3,0,0,9.30504608154,0.150719493628,0.16598585248,0.0871820747852,0.0539335124195,-0.413141876459,1,8,6.925046182e-05,0.21796323359,47.3979706897,8.5461636713,4444000,2.06049917324e-05,1.79147562117e+15,1.79147562117e+15,-2.04706859589,1,1,0.0187522489578,3,-0.00107618083712,-0.00447783013806,2,11.9941148758,1,4,1,79.540687561,-17.608757019,-0.0148499449715,1,3,1,,-17.608757019
1791475621.178819,0,0,0,0,0,0,0,2,0,0,0,0,0,1.79147562118e+15,1.79147562118e+15,1,0,,,,,,,,,,,,,,,,,,,,,,,,,,,,,,,,,,,,,,,,,,,,,,,,,,,0,
1791475621.181571,,,,,,,,,,,,,,,,,,-0.0117938704789,-0.269990056753,0.000103842459794,0,-0.217700466514,0.0483278669417,-0.0224604383111,-0.0157118476927,-0.0109399529174,-0.00157122057863,0.0176608562469,-0.217700466514,17.6919269562,3,0,0,9.30664634705,0.151133880019,0.16605950892,0.0874838083982,0.0539882332087,-0.413148880005,1,8,6.93097172189e-05,0.21796323359,47.3979706897,8.5461636713,4444000,2.06506410905e-05,1.79147562117e+15,1.79147562117e+15,-2.04707026482,1,1,0.0186606645584,3,-0.00245873304084,-0.00453186081722,2,11.9942731857,1,4,1,79.5418243408,-17.6088466644,-0.0148872938007,1,3,1,,-17.6088466644
1791475621.189588,,,,,,,,,,,,,,,,,,-0.0120505727828,-0.263784319162,0.00361911929213,0,-0.217700466514,0.0483278669417,-0.0224604383111,-0.0157118476927,-0.0109399529174,-0.00157122057863,0.0176608562469,-0.217700466514,17.691942215,3,0,0,9.30824661255,0.151550993323,0.166319146752,0.0877861380577,0.0540646277368,-0.413156867027,1,8,6.93690526532e-05,0.21796323359,47.3979706897,8.5461636713,4444000,2.06963377423e-05,1.79147562118e+15,1.79147562118e+15,-2.04707288742,1,1,0.0185677371919,3,-0.00381155731156,-0.00455583492294,2,11.9944353104,1,4,1,79.5429229736,-17.6089324951,-0.0148920062929,1,3,1,,-17.6089324951
1791475621.201522,,,,,,,,,,,,,,,,,,-0.00898407585919,-0.272649377584,-0.00402005342767,0,-0.217700466514,0.0483278669417,-0.0224604383111,-0.0157118476927,-0.0109399529174,-0.00157122057863,0.0176608562469,-0.217700466514,17.6923389435,3,0,0,9.31144714355,0.150671213865,0.165869906545,0.087114058435,0.0539109036326,-0.413175523281,1,8,6.94284317433e-05,0.21796323359,47.3979706897,8.5461636713,4444000,2.06004406209e-05,1.7914756212e+15,1.7914756212e+15,-2.04708147049,1,1,0.0183395128697,3,-0.00666422629729,-0.00472417939454,2,11.9947280884,1,4,1,79.5450973511,-17.6091117859,-0.015026524663,1,3,1,,-17.6091117859
1791475621.209952,,,,,,,,,,,,,,,,,,-0.0182063430548,-0.268196433783,0.00399164808914,0,-0.217700466514,0.0483278669417,-0.0224604383111,-0.0157118476927,-0.0109399529174,-0.00157122057863,0.0176608562469,-0.217700466514,17.692358017,3,0,0,9.31304740906,0.15108525753,0.166128873825,0.0874160304666,0.0539874024689,-0.413189798594,1,8,6.94879199727e-05,0.21796323359,47.3979706897,8.5461636713,4444000,2.064608816e-05,1.79147562121e+15,1.79147562121e+15,-2.04709029198,1,1,0.0181834530085,3,-0.00805084779859,-0.00474354624748,2,11.9948587418,1,4,1,79.5461578369,-17.6092033386,-0.015031080693,1,3,1,,-17.6092033386
1791475621.218257,0,0,0,0,0,0,0,2,0,0,0,0,0,1.79147562122e+15,1.79147562122e+15,1,0,,,,,,,,,,,,,,,,,,,,,,,,,,,,,,,,,,,,,,,,,,,,,,,,,,,0,
1791475621.221654,,,,,,,,,,,,,,,,,,-0.0108972163871,-0.27150401473,0.00918330531567,0,-0.217700466514,0.0483278669417,-0.0224604383111,-0.0157118476927,-0.0109399529174,-0.00157122057863,0.0176608562469,-0.217700466514,17.6923770905,3,0,0,9.31464767456,0.15150155127,0.166388571262,0.0877163410187,0.0540638044477,-0.413197159767,1,8,6.95221024216e-05,0.21796323359,47.3979706897,8.5461636713,4444000,2.06897439057e-05,1.79147562121e+15,1.79147562121e+15,-2.04709219933,1,1,0.0180844776332,3,-0.00948248524219,-0.00471954280511,2,11.9949922562,1,4,1,79.5471954346,-17.609292984,-0.014989641495,1,3,1,,-17.609292984
1791475621.229758,,,,,,,,,,,,,,,,,,-0.0178987700492,-0.272556096315,-0.00169314432424,0,-0.217700466514,0.0483278669417,-0.0224604383111,-0.0157118476927,-0.0109399529174,-0.00157122057863,0.0176608562469,-0.217700466514,17.6923961639,3,0,0,9.31624794006,0.151921018958,0.166648998857,0.0880186855793,0.0541401132941,-0.413203001022,1,8,6.95816852385e-05,0.21796323359,47.3979706897,8.5461636713,4444000,2.07354714803e-05,1.79147562122e+15,1.79147562122e+15,-2.04709243774,1,1,0.0179305579513,3,-0.0109415287152,-0.00478077540174,2,11.9951276779,1,4,1,79.5481948853,-17.609380722,-0.0150308972225,1,3,1,,-17.609380722
1791475621.241616,,,,,,,,,,,,,,,,,,-0.0142259262502,-0.267228782177,0.00508222682402,0,-0.217700466514,0.0483278669417,-0.0224604383111,-0.0157118476927,-0.0109399529174,-0.00157122057863,0.0176608562469,-0.217700466514,17.6928157806,3,0,0,9.31944847107,0.151037096977,0.166012570262,0.087348498404,0.0539649985731,-0.413218855858,1,8,6.96438946761e-05,0.21796323359,47.3979706897,8.5461636713,4444000,2.06400109164e-05,1.79147562124e+15,1.79147562124e+15,-2.04709720612,1,1,0.0176675710827,3,-0.0137498406693,-0.00485308980569,2,11.9953575134,1,4,1,79.5502090454,-17.6095733643,-0.0150807192549,1,3,1,,-17.6095733643
1791475621.249658,,,,,,,,,,,,,,,,,,-0.0216682851315,-0.268957793713,3.58559154847e-05,0,-0.217700466514,0.0483278669417,-0.0224604383111,-0.0157118476927,-0.0109399529174,-0.00157122057863,0.0176608562469,-0.217700466514,17.6928367615,3,0,0,9.32104873657,0.151453495026,0.166272044182,0.0876506343484,0.0540414452553,-0.413212835789,1,8,6.970364484e-05,0.21796323359,47.3979706897,8.5461636713,4444000,2.06856948353e-05,1.79147562125e+15,1.79147562125e+15,-2.04708576202,1,1,0.0174795240164,3,-0.0151810171083,-0.00489960424602,2,11.9954776764,1,4,1,79.5511703491,-17.609664917,-0.0151119083166,1,3,1,,-17.609664917
1791475621.258727,0,0,0,0,0,0,0,2,0,0,0,0,0,1.79147562126e+15,1.79147562126e+15,1,0,,,,,,,,,,,,,,,,,,,,,,,,,,,,,,,,,,,,,,,,,,,,,,,,,,,0,
1791475621.261648,,,,,,,,,,,,,,,,,,-0.0216865167022,-0.279626786709,0.00463845161721,0,-0.217700466514,0.0483278669417,-0.0224604383111,-0.0157118476927,-0.0109399529174,-0.00157122057863,0.0176608562469,-0.217700466514,17.6928577423,3,0,0,9.32264900208,0.151872619987,0.166532233357,0.0879530385137,0.0541177801788,-0.413220196962,1,8,6.97634532116e-05,0.21796323359,47.3979706897,8.5461636713,4444000,2.07314151339e-05,1.79147562125e+15,1.79147562125e+15,-2.04708766937,1,1,0.017292464152,3,-0.0167160499841,-0.00490759965032,2,11.9955997467,1,4,1,79.5521011353,-17.6097545624,-0.0151019766927,1,3,1,,-17.6097545624
1791475621.269719,,,,,,,,,,,,,,,,,,-0.0245841052383,-0.271578133106,0.00279955542646,0,-0.217700466514,0.0483278669417,-0.0224604383111,-0.0157118476927,-0.0109399529174,-0.00157122057863,0.0176608562469,-0.217700466514,17.6935443878,3,0,0,9.32424926758,0.150576919317,0.165823444724,0.0869837552309,0.0538882315159,-0.413228660822,1,8,6.97684226907e-05,0.21796323359,47.3979706897,8.5461636713,4444000,2.05907672353e-05,1.79147562126e+15,1.79147562126e+15,-2.04709076881,1,1,0.0170865859836,3,-0.0181435421109,-0.0049359742552,2,11.9957075119,1,4,1,79.5530471802,-17.6098651886,-0.0151319112629,1,3,1,,-17.6098651886
1791475621.281634,,,,,,,,,,,,,,,,,,-0.0139295887202,-0.266261845827,0.00799260940403,0,-0.217700466514,0.0483278669417,-0.0224604383111,-0.0157118476927,-0.0109399529174,-0.00157122057863,0.0176608562469,-0.217700466514,17.6935920715,3,0,0,9.32744979858,0.151406347752,0.166341781616,0.0875870883465,0.0540411956608,-0.413244903088,1,8,6.98883450241e-05,0.21796323359,47.3979706897,8.5461636713,4444000,2.06821023312e-05,1.79147562128e+15,1.79147562128e+15,-2.04709625244,1,1,0.0167998950928,3,-0.0209564082325,-0.00492665404454,2,11.9959316254,1,4,1,79.5548629761,-17.6100730896,-0.0151163423434,1,3,1,,-17.6100730896
1791475621.289514,,,,,,,,,,,,,,,,,,-0.0162101089954,-0.272800505161,0.00294251344167,0,-0.217700466514,0.0483278669417,-0.0224604383111,-0.0157118476927,-0.0109399529174,-0.00157122057863,0.0176608562469,-0.217700466514,17.6936149597,3,0,0,9.32905006409,0.151824653149,0.166602045298,0.0878874734044,0.0541175380349,-0.413254231215,1,8,6.99224838172e-05,0.21796323359,47.3979706897,8.5461636713,4444000,2.07257871807e-05,1.79147562129e+15,1.79147562129e+15,-2.04710030556,1,1,0.0166616458446,3,-0.0224488563836,-0.00494860811159,2,11.99604702,1,4,1,79.5557250977,-17.6101741791,-0.015130658634,1,3,1,,-17.6101741791
1791475621.298180,0,0,0,0,0,0,0,2,0,0,0,0,0,1.7914756213e+15,1.7914756213e+15,1,0,,,,,,,,,,,,,,,,,,,,,,,,,,,,,,,,,,,,,,,,,,,,,,,,,,,0,
1791475621.301805,,,,,,,,,,,,,,,,,,-0.0211419258267,-0.271610021591,0.00236602476798,0,-0.217700466514,0.0483278669417,-0.0224604383111,-0.0157118476927,-0.0109399529174,-0.00157122057863,0.0176608562469,-0.217700466514,17.6937599182,3,0,0,9.33065032959,0.152246162295,0.166675463319,0.0881899893284,0.0541716553271,-0.413256287575,1,8,6.99825759511e-05,0.21796323359,47.3979706897,8.5461636713,4444000,2.07715493161e-05,1.79147562129e+15,1.79147562129e+15,-2.0470969677,1,1,0.0164848938584,3,-0.0239495150745,-0.00497428933159,2,11.9961652756,1,4,1,79.5565567017,-17.6102752686,-0.0151498224586,1,3,1,,-17.6102752686
1791475621.309716,,,,,,,,,,,,,,,,,,-0.0148684494197,-0.275725364685,0.00675069121644,0,-0.217700466514,0.0483278669417,-0.0224604383111,-0.0157118476927,-0.0109399529174,-0.00157122057863,0.0176608562469,-0.217700466514,17.6945133209,3,0,0,9.33225059509,0.150936216116,0.165964141488,0.0872096344829,0.0539410226047,-0.413259655237,1,8,6.99897136656e-05,0.21796323359,47.3979706897,8.5461636713,4444000,2.06288605114e-05,1.7914756213e+15,1.7914756213e+15,-2.04709506035,1,1,0.0163633432239,3,-0.0254351869226,-0.00497088348493,2,11.9962692261,1,4,1,79.5574188232,-17.6103973389,-0.0151611119509,1,3,1,,-17.6103973389
1791475621.321884,,,,,,,,,,,,,,,,,,-0.016699699685,-0.272950261831,0.00894861202687,0,-0.217700466514,0.0483278669417,-0.0224604383111,-0.0157118476927,-0.0109399529174,-0.00157122057863,0.0176608562469,-0.217700466514,17.694562912,3,0,0,9.3354511261,0.151770204306,0.166483476758,0.087813615799,0.0540938712656,-0.413267046213,1,8,7.01101598679e-05,0.21796323359,47.3979706897,8.5461636713,4444000,2.07202629099e-05,1.79147562132e+15,1.79147562132e+15,-2.04709196091,1,1,0.0161134973168,3,-0.0284051839262,-0.00494244648144,2,11.9964866638,1,4,1,79.5590438843,-17.6106319427,-0.0151512799785,1,3,1,,-17.6106319427
1791475621.329643,,,,,,,,,,,,,,,,,,-0.0187017749995,-0.263347119093,0.00827200617641,0,-0.217700466514,0.0483278669417,-0.0224604383111,-0.0157118476927,-0.0109399529174,-0.00157122057863,0.0176608562469,-0.217700466514,17.6945877075,3,0,0,9.3370513916,0.152191266418,0.166744247079,0.088116183877,0.0541701503098,-0.413271874189,1,8,7.01704993844e-05,0.21796323359,47.3979706897,8.5461636713,4444000,2.07660286833e-05,1.79147562133e+15,1.79147562133e+15,-2.04709172249,1,1,0.0159636065364,3,-0.0298460777849,-0.00492161884904,2,11.9966001511,1,4,1,79.5598144531,-17.610742569,-0.0151346167549,1,3,1,,-17.610742569
1791475621.339103,0,0,0,0,0,0,0,2,0,0,0,0,0,1.79147562134e+15,1.79147562134e+15,1,0,,,,,,,,,,,,,,,,,,,,,,,,,,,,,,,,,,,,,,,,,,,,,,,,,,,0,
1791475621.341865,,,,,,,,,,,,,,,,,,-0.0186553094536,-0.26773789525,0.00862590875477,0,-0.217700466514,0.0483278669417,-0.0224604383111,-0.0157118476927,-0.0109399529174,-0.00157122057863,0.0176608562469,-0.217700466514,17.6954078674,3,0,0,9.3386516571,0.150883585215,0.166031882167,0.0871386528015,0.0539394468069,-0.4132771492,1,8,7.01799654053e-05,0.21796323359,47.3979706897,8.5461636713,4444000,2.06238764804e-05,1.79147562133e+15,1.79147562133e+15,-2.04709243774,1,1,0.0158271826804,3,-0.0312872231007,-0.00490665901452,2,11.9967079163,1,4,1,79.5606002808,-17.6108779907,-0.0151470080018,1,3,1,,-17.6108779907
1791475621.349721,,,,,,,,,,,,,,,,,,-0.0260234922171,-0.271739006042,0.010491813533,0,-0.217700466514,0.0483278669417,-0.0224604383111,-0.0157118476927,-0.0109399529174,-0.00157122057863,0.0176608562469,-0.217700466514,17.6954345703,3,0,0,9.34025192261,0.151298820972,0.166291236877,0.0874406099319,0.054015930742,-0.413278520107,1,8,7.02404067852e-05,0.21796323359,47.3979706897,8.5461636713,4444000,2.06695567613e-05,1.79147562134e+15,1.79147562134e+15,-2.04708909988,1,1,0.0156322047114,3,-0.0327784642577,-0.00487487390637,2,11.9968194962,1,4,1,79.5613555908,-17.6110076904,-0.0151384780183,1,3,1,,-17.6110076904
1791475621.362029,,,,,,,,,,,,,,,,,,-0.0224147327244,-0.263600081205,0.0148159442469,0,-0.217700466514,0.0483278669417,-0.0224604383111,-0.0157118476927,-0.0109399529174,-0.00157122057863,0.0176608562469,-0.217700466514,17.6953334808,3,0,0,9.34345245361,0.152136936784,0.166625291109,0.0880432873964,0.0541466735303,-0.413284748793,1,8,7.03350087861e-05,0.21796323359,47.3979706897,8.5461636713,4444000,2.07590019272e-05,1.79147562136e+15,1.79147562136e+15,-2.04708623886,1,1,0.0152863943949,3,-0.035697478801,-0.00471109105274,2,11.997048378,1,4,1,79.5627822876,-17.611246109,-0.014999544248,1,3,1,,-17.611246109
1791475621.369859,,,,,,,,,,,,,,,,,,-0.0221522841603,-0.265266209841,0.00984454434365,0,-0.217700466514,0.0483278669417,-0.0224604383111,-0.0157118476927,-0.0109399529174,-0.00157122057863,0.0176608562469,-0.217700466514,17.6960868835,3,0,0,9.34505271912,0.150831490755,0.165914863348,0.0870686322451,0.0539165586233,-0.413283348083,1,8,7.0346686698e-05,0.21796323359,47.3979706897,8.5461636713,4444000,2.06173972401e-05,1.79147562137e+15,1.79147562137e+15,-2.0470802784,1,1,0.0151385944337,3,-0.0371226482093,-0.0046873530373,2,11.9971647263,1,4,1,79.5635147095,-17.6113815308,-0.0150070320815,1,3,1,,-17.6113815308
1791475621.380331,0,0,0,0,0,0,0,2,0,0,0,0,0,1.79147562138e+15,1.79147562138e+15,1,0,-0.0264269355685,-0.2688562572,0.0108270896599,0,-0.217700466514,0.0483278669417,-0.0224604383111,-0.0157118476927,-0.0109399529174,-0.00157122057863,0.0176608562469,-0.217700466514,17.6961154938,3,0,0,9.34665298462,0.151246324182,0.16617397964,0.0873704403639,0.0539930686355,-0.413283914328,1,8,7.04073099769e-05,0.21796323359,47.3979706897,8.5461636713,4444000,2.06630720641e-05,1.79147562137e+15,1.79147562137e+15,-2.0470764637,1,1,0.0149565497413,3,-0.0385945513844,-0.00465383054689,2,11.9972848892,1,4,1,79.5642089844,-17.6115150452,-0.015000496991,1,3,1,0,-17.6115150452
1791475621.390097,,,,,,,,,,,,,,,,,,-0.0181804671884,-0.261465787888,0.0049765217118,0,-0.217700466514,0.0483278669417,-0.0224604383111,-0.0157118476927,-0.0109399529174,-0.00157122057863,0.0176608562469,-0.217700466514,17.696144104,3,0,0,9.34825325012,0.151663854718,0.16643384099,0.0876725688577,0.0540694743395,-0.413286685944,1,8,7.04680423951e-05,0.21796323359,47.3979706897,8.5461636713,4444000,2.07087978197e-05,1.79147562138e+15,1.79147562138e+15,-2.04707503319,1,1,0.0148404268548,3,-0.0400248765945,-0.00466524343938,2,11.9974069595,1,4,1,79.5648803711,-17.6116428375,-0.0150347948074,1,3,1,,-17.6116428375
1791475621.401796,,,,,,,,,,,,,,,,,,-0.0195297058672,-0.259823441505,0.0155451698229,0,-0.217700466514,0.0483278669417,-0.0224604383111,-0.0157118476927,-0.0109399529174,-0.00157122057863,0.0176608562469,-0.217700466514,17.6970272064,3,0,0,9.35145378113,0.150780797005,0.165982931852,0.0870031565428,0.0539155863225,-0.413294523954,1,8,7.05426937202e-05,0.21796323359,47.3979706897,8.5461636713,4444000,2.06134354812e-05,1.7914756214e+15,1.7914756214e+15,-2.04707479477,1,1,0.0146448696032,3,-0.0427895635366,-0.00456637982279,2,11.9976549149,1,4,1,79.566192627,-17.6119155884,-0.0149974906817,1,3,1,,-17.6119155884
1791475621.410223,,,,,,,,,,,,,,,,,,-0.0161454398185,-0.259812802076,0.0157332960516,0,-0.217700466514,0.0483278669417,-0.0224604383111,-0.0157118476927,-0.0109399529174,-0.00157122057863,0.0176608562469,-0.217700466514,17.6970596313,3,0,0,9.35305404663,0.151195243001,0.166242107749,0.0873048305511,0.0539921037853,-0.413301259279,1,8,7.06036007614e-05,0.21796323359,47.3979706897,8.5461636713,4444000,2.06591175811e-05,1.79147562141e+15,1.79147562141e+15,-2.04707789421,1,1,0.0145582966506,3,-0.0441918671131,-0.00449765427038,2,11.9977807999,1,4,1,79.5668334961,-17.6120586395,-0.0149667821825,1,3,1,,-17.6120586395
1791475621.418874,0,0,0,0,0,0,0,2,0,0,0,0,0,1.79147562142e+15,1.79147562142e+15,1,0,,,,,,,,,,,,,,,,,,,,,,,,,,,,,,,,,,,,,,,,,,,,,,,,,,,0,
1791475621.421610,,,,,,,,,,,,,,,,,,-0.0137545000762,-0.259825140238,0.0163619387895,0,-0.217700466514,0.0483278669417,-0.0224604383111,-0.0157118476927,-0.0109399529174,-0.00157122057863,0.0176608562469,-0.217700466514,17.6970291138,3,0,0,9.35465431213,0.151612386107,0.166315630078,0.0876068100333,0.0540466085076,-0.413298249245,1,8,7.06645732862e-05,0.21796323359,47.3979706897,8.5461636713,4444000,2.07048324228e-05,1.79147562141e+15,1.79147562141e+15,-2.04707121849,1,1,0.0144904600456,3,-0.0456117801368,-0.0044215163216,2,11.9979085922,1,4,1,79.5674514771,-17.6121940613,-0.0149221457541,1,3,1,,-17.6121940613
1791475621.429809,,,,,,,,,,,,,,,,,,-0.0186380781233,-0.263009428978,0.0127428201959,0,-0.217700466514,0.0483278669417,-0.0224604383111,-0.0157118476927,-0.0109399529174,-0.00157122057863,0.0176608562469,-0.217700466514,17.6970596313,3,0,0,9.35625457764,0.152031764388,0.166575983167,0.0879070535302,0.0541229359806,-0.413300395012,1,8,7.06985665602e-05,0.21796323359,47.3979706897,8.5461636713,4444000,2.07485391002e-05,1.79147562142e+15,1.79147562142e+15,-2.04706978798,1,1,0.0143811479211,3,-0.0470734089613,-0.0043724142015,2,11.9980392456,1,4,1,79.568031311,-17.6123256683,-0.0149002512917,1,3,1,,-17.6123256683
1791475621.441732,,,,,,,,,,,,,,,,,,-0.0210124589503,-0.26714527607,0.0125272190198,0,-0.217700466514,0.0483278669417,-0.0224604383111,-0.0157118476927,-0.0109399529174,-0.00157122057863,0.0176608562469,-0.217700466514,17.6980705261,3,0,0,9.35945510864,0.15114466846,0.166125357151,0.0872394666076,0.0539698414505,-0.413314938545,1,8,7.07756043994e-05,0.21796323359,47.3979706897,8.5461636713,4444000,2.06535842153e-05,1.79147562144e+15,1.79147562144e+15,-2.04707670212,1,1,0.0141568463296,3,-0.0499019026756,-0.00430592987686,2,11.9982738495,1,4,1,79.5692749023,-17.6126384735,-0.01493802201,1,3,1,,-17.6126384735
1791475621.449635,,,,,,,,,,,,,,,,,,-0.0240376330912,-0.260868042707,0.0219694320112,0,-0.217700466514,0.0483278669417,-0.0224604383111,-0.0157118476927,-0.0109399529174,-0.00157122057863,0.0176608562469,-0.217700466514,17.6981048584,3,0,0,9.36105537415,0.151561439037,0.166385039687,0.0875413790345,0.0540462769568,-0.413321316242,1,8,7.0836780651e-05,0.21796323359,47.3979706897,8.5461636713,4444000,2.0699300876e-05,1.79147562145e+15,1.79147562145e+15,-2.04707932472,1,1,0.0140035469085,3,-0.0513192526996,-0.00419053900987,2,11.9983949661,1,4,1,79.5698471069,-17.6127853394,-0.0148673122749,1,3,1,,-17.6127853394
1791475621.457919,0,0,0,0,0,0,0,2,0,0,0,0,0,1.79147562146e+15,1.79147562146e+15,1,0,,,,,,,,,,,,,,,,,,,,,,,,,,,,,,,,,,,,,,,,,,,,,,,,,,,0,
1791475621.461669,,,,,,,,,,,,,,,,,,-0.0155586451292,-0.255776673555,0.0157989542931,0,-0.217700466514,0.0483278669417,-0.0224604383111,-0.0157118476927,-0.0109399529174,-0.00157122057863,0.0176608562469,-0.217700466514,17.6981391907,3,0,0,9.36265563965,0.151980906725,0.16664545238,0.0878435447812,0.0541226193309,-0.413325935602,1,8,7.08980223862e-05,0.21796323359,47.3979706897,8.5461636713,4444000,2.07450575544e-05,1.79147562145e+15,1.79147562145e+15,-2.04708051682,1,1,0.0139177832752,3,-0.0527132339776,-0.00412243884057,2,11.9985189438,1,4,1,79.5703964233,-17.6129302979,-0.0148391528055,1,3,1,,-17.6129302979
1791475621.470114,,,,,,,,,,,,,,,,,,-0.0143208829686,-0.253633737564,0.0140592446551,0,-0.217700466514,0.0483278669417,-0.0224604383111,-0.0157118476927,-0.0109399529174,-0.00157122057863,0.0176608562469,-0.217700466514,17.6989707947,3,0,0,9.36425590515,0.150681778789,0.165934801102,0.0868770331144,0.0538929104805,-0.41333130002,1,8,7.09159867256e-05,0.21796323359,47.3979706897,8.5461636713,4444000,2.06048625842e-05,1.79147562146e+15,1.79147562146e+15,-2.04708242416,1,1,0.0138420434669,3,-0.0540348514915,-0.00407619401813,2,11.9986314774,1,4,1,79.5709838867,-17.6130943298,-0.0148547487333,1,3,1,,-17.6130943298
1791475621.481924,,,,,,,,,,,,,,,,,,-0.0174175575376,-0.253555864096,0.00783428456634,0,-0.217700466514,0.0483278669417,-0.0224604383111,-0.0157118476927,-0.0109399529174,-0.00157122057863,0.0176608562469,-0.217700466514,17.699306488,3,0,0,9.36745643616,0.151511892676,0.16626791656,0.0874800756574,0.0540241748095,-0.413331091404,1,8,7.10387394065e-05,0.21796323359,47.3979706897,8.5461636713,4444000,2.06962395168e-05,1.79147562148e+15,1.79147562148e+15,-2.04707527161,1,1,0.0136241167784,3,-0.0567259192467,-0.0039964444004,2,11.9988660812,1,4,1,79.5720748901,-17.6134262085,-0.014899732545,1,3,1,,-17.6134262085
1791475621.489581,,,,,,,,,,,,,,,,,,-0.0154140610248,-0.256123363972,0.00666081858799,0,-0.217700466514,0.0483278669417,-0.0224604383111,-0.0157118476927,-0.0109399529174,-0.00157122057863,0.0176608562469,-0.217700466514,17.6993408203,3,0,0,9.36905670166,0.151931002736,0.166528105736,0.087782099843,0.05410053581,-0.413335710764,1,8,7.11002503522e-05,0.21796323359,47.3979706897,8.5461636713,4444000,2.07420052902e-05,1.79147562149e+15,1.79147562149e+15,-2.04707670212,1,1,0.0135388504714,3,-0.0581211335957,-0.00400443933904,2,11.9989871979,1,4,1,79.5725708008,-17.6135845184,-0.0149619793519,1,3,1,,-17.6135845184
1791475621.498695,0,0,0,0,0,0,0,2,0,0,0,0,0,1.7914756215e+15,1.7914756215e+15,1,0,,,,,,,,,,,,,,,,,,,,,,,,,,,,,,,,,,,,,,,,,,,,,,,,,,,0,
1791475621.501698,,,,,,,,,,,,,,,,,,-0.0225607603788,-0.252874732018,0.0131838014349,0,-0.217700466514,0.0483278669417,-0.0224604383111,-0.0157118476927,-0.0109399529174,-0.00157122057863,0.0176608562469,-0.217700466514,17.700252533,3,0,0,9.37065696716,0.15063342452,0.165819361806,0.0868161469698,0.0538713783026,-0.413338959217,1,8,7.10925887688e-05,0.21796323359,47.3979706897,8.5461636713,4444000,2.06002114282e-05,1.79147562149e+15,1.79147562149e+15,-2.04707670212,1,1,0.013386901468,3,-0.0594369359314,-0.00396837899461,2,11.9990873337,1,4,1,79.5731201172,-17.6137657166,-0.0150040797889,1,3,1,,-17.6137657166
1791475621.509650,,,,,,,,,,,,,,,,,,-0.0211703106761,-0.246352151036,0.0206404346973,0,-0.217700466514,0.0483278669417,-0.0224604383111,-0.0157118476927,-0.0109399529174,-0.00157122057863,0.0176608562469,-0.217700466514,17.7002887726,3,0,0,9.37225723267,0.151046782732,0.166078135371,0.0871172398329,0.0539479292929,-0.413343578577,1,8,7.11541579221e-05,0.21796323359,47.3979706897,8.5461636713,4444000,2.06458844332e-05,1.7914756215e+15,1.7914756215e+15,-2.04707765579,1,1,0.0132460705936,3,-0.0607189498842,-0.00387033564039,2,11.9991903305,1,4,1,79.5736312866,-17.6139431,-0.0149782020599,1,3,1,,-17.6139431
1791475621.521599,,,,,,,,,,,,,,,,,,-0.0238294508308,-0.245660930872,0.0189789552242,0,-0.217700466514,0.0483278669417,-0.0224604383111,-0.0157118476927,-0.0109399529174,-0.00157122057863,0.0176608562469,-0.217700466514,17.7003574371,3,0,0,9.37545776367,0.151881575584,0.166597902775,0.0877206176519,0.0541007369757,-0.41335311532,1,8,7.12774708518e-05,0.21796323359,47.3979706897,8.5461636713,4444000,2.07373486774e-05,1.79147562152e+15,1.79147562152e+15,-2.04708003998,1,1,0.0128845088184,3,-0.0633509382606,-0.0037133898586,2,11.9994029999,1,4,1,79.5745773315,-17.6142787933,-0.014948297292,1,3,1,,-17.6142787933
1791475621.529619,,,,,,,,,,,,,,,,,,-0.0186758674681,-0.248566627502,0.0136285079643,0,-0.217700466514,0.0483278669417,-0.0224604383111,-0.0157118476927,-0.0109399529174,-0.00157122057863,0.0176608562469,-0.217700466514,17.7009849548,3,0,0,9.37705802917,0.150586396456,0.16588807106,0.0867590010166,0.053871486336,-0.413354516029,1,8,7.12993278285e-05,0.21796323359,47.3979706897,8.5461636713,4444000,2.05980068131e-05,1.79147562153e+15,1.79147562153e+15,-2.04707813263,1,1,0.0127624487504,3,-0.0646372362971,-0.0036724882666,2,11.9995002747,1,4,1,79.5750732422,-17.6144580841,-0.0149824023247,1,3,1,,-17.6144580841
1791475621.541366,0,0,0,0,0,0,0,2,0,0,0,0,0,1.79147562154e+15,1.79147562154e+15,1,0,-0.0152450222522,-0.251681923866,0.0170068796724,0,-0.217700466514,0.0483278669417,-0.0224604383111,-0.0157118476927,-0.0109399529174,-0.00157122057863,0.0176608562469,-0.217700466514,17.7007465363,3,0,0,9.37865829468,0.150999426842,0.1659617275,0.0870602726936,0.0539263449609,-0.41335991025,1,8,7.13611298124e-05,0.21796323359,47.3979706897,8.5461636713,4444000,2.06436743611e-05,1.79147562153e+15,1.79147562153e+15,-2.04707980156,1,1,0.0126678580418,3,-0.0659667700529,-0.00360055966303,2,11.9995994568,1,4,1,79.5755386353,-17.6146221161,-0.0149706071243,1,3,1,0,-17.6146221161
1791475621.549897,,,,,,,,,,,,,,,,,,-0.0197048075497,-0.243845745921,0.0198152828962,0,-0.217700466514,0.0483278669417,-0.0224604383111,-0.0157118476927,-0.0109399529174,-0.00157122057863,0.0176608562469,-0.217700466514,17.7007808685,3,0,0,9.38025856018,0.151415124536,0.166221022606,0.0873617008328,0.0540028102696,-0.413362801075,1,8,7.14229900041e-05,0.21796323359,47.3979706897,8.5461636713,4444000,2.06893819268e-05,1.79147562154e+15,1.79147562154e+15,-2.04707932472,1,1,0.0125376228243,3,-0.0672514215112,-0.00350398640148,2,11.9997014999,1,4,1,79.5759735107,-17.6147823334,-0.0149287190288,1,3,1,,-17.6147823334
1791475621.562103,,,,,,,,,,,,,,,,,,-0.022898895666,-0.241378620267,0.0166129302233,0,-0.217700466514,0.0483278669417,-0.0224604383111,-0.0157118476927,-0.0109399529174,-0.00157122057863,0.0176608562469,-0.217700466514,17.7008457184,3,0,0,9.38345909119,0.152254641056,0.166741803288,0.0879654213786,0.0541554652154,-0.413366645575,1,8,7.15469577699e-05,0.21796323359,47.3979706897,8.5461636713,4444000,2.07809243875e-05,1.79147562156e+15,1.79147562156e+15,-2.04707670212,1,1,0.0122767211869,3,-0.0698614642024,-0.00333911669441,2,11.999912262,1,4,1,79.5767669678,-17.6150856018,-0.0148574989289,1,3,1,,-17.6150856018
1791475621.569649,,,,,,,,,,,,,,,,,,-0.0253503080457,-0.241396784782,0.0191200505942,0,-0.217700466514,0.0483278669417,-0.0224604383111,-0.0157118476927,-0.0109399529174,-0.00157122057863,0.0176608562469,-0.217700466514,17.7012004852,3,0,0,9.38505935669,0.150944843888,0.166029453278,0.0869905129075,0.0539250858128,-0.413362503052,1,8,7.15423666406e-05,0.21796323359,47.3979706897,8.5461636713,4444000,2.06374425034e-05,1.79147562157e+15,1.79147562157e+15,-2.04706954956,1,1,0.0121088810265,3,-0.0711051076651,-0.00324737629853,2,12.0000190735,1,4,1,79.5771942139,-17.615240097,-0.014815964736,1,3,1,,-17.615240097
1791475621.578927,0,0,0,0,0,0,0,2,0,0,0,0,0,1.79147562158e+15,1.79147562158e+15,1,0,,,,,,,,,,,,,,,,,,,,,,,,,,,,,,,,,,,,,,,,,,,,,,,,,,,0,
1791475621.581601,,,,,,,,,,,,,,,,,,-0.0245622880757,-0.241815790534,0.0240476783365,0,-0.217700466514,0.0483278669417,-0.0224604383111,-0.0157118476927,-0.0109399529174,-0.00157122057863,0.0176608562469,-0.217700466514,17.7012310028,3,0,0,9.38665962219,0.151360109448,0.166288793087,0.0872918888927,0.0540015622973,-0.413360208273,1,8,7.16044596629e-05,0.21796323359,47.3979706897,8.5461636713,4444000,2.06831537071e-05,1.79147562157e+15,1.79147562157e+15,-2.04706382751,1,1,0.0119471605867,3,-0.0723700150847,-0.00311412522569,2,12.0001268387,1,4,1,79.5775909424,-17.6153888702,-0.0147277237847,1,3,1,,-17.6153888702
1791475621.589505,,,,,,,,,,,,,,,,,,-0.0135782891884,-0.240796640515,0.0211577843875,0,-0.217700466514,0.0483278669417,-0.0224604383111,-0.0157118476927,-0.0109399529174,-0.00157122057863,0.0176608562469,-0.217700466514,17.7012615204,3,0,0,9.3882598877,0.151778072119,0.166548877954,0.0875935927033,0.0540779419243,-0.413359880447,1,8,7.16666254448e-05,0.21796323359,47.3979706897,8.5461636713,4444000,2.07289031096e-05,1.79147562158e+15,1.79147562158e+15,-2.04706025124,1,1,0.0118731306866,3,-0.0736442133784,-0.00300196325406,2,12.0002365112,1,4,1,79.5779571533,-17.6155319214,-0.0146555695683,1,3,1,,-17.6155319214
1791475621.601611,,,,,,,,,,,,,,,,,,-0.0209170393646,-0.230298504233,0.0169239919633,0,-0.217700466514,0.0483278669417,-0.0224604383111,-0.0157118476927,-0.0109399529174,-0.00157122057863,0.0176608562469,-0.217700466514,17.7015190125,3,0,0,9.3914604187,0.150891691446,0.165911838412,0.0869253799319,0.0539023317397,-0.413353234529,1,8,7.17543225619e-05,0.21796323359,47.3979706897,8.5461636713,4444000,2.0633735403e-05,1.7914756216e+15,1.7914756216e+15,-2.04704737663,1,1,0.0115973474458,3,-0.0761039331555,-0.00290847034194,2,12.0004472733,1,4,1,79.5786895752,-17.6158123016,-0.0146345002577,1,3,1,,-17.6158123016
1791475621.609553,,,,,,,,,,,,,,,,,,-0.0212912373245,-0.238244384527,0.0190092232078,0,-0.217700466514,0.0483278669417,-0.0224604383111,-0.0157118476927,-0.0109399529174,-0.00157122057863,0.0176608562469,-0.217700466514,17.7015476227,3,0,0,9.3930606842,0.151306554675,0.166170954704,0.0872265696526,0.0539788231254,-0.413349121809,1,8,7.18166629667e-05,0.21796323359,47.3979706897,8.5461636713,4444000,2.06794393307e-05,1.79147562161e+15,1.79147562161e+15,-2.04703998566,1,1,0.011460701935,3,-0.0773344263434,-0.00281147658825,2,12.0005483627,1,4,1,79.5790481567,-17.6159477234,-0.0145699838176,1,3,1,,-17.6159477234
1791475621.619256,0,0,0,0,0,0,0,2,0,0,0,0,0,1.79147562162e+15,1.79147562162e+15,1,0,-0.0160697586834,-0.238192915916,0.0231945868582,0,-0.217700466514,0.0483278669417,-0.0224604383111,-0.0157118476927,-0.0109399529174,-0.00157122057863,0.0176608562469,-0.217700466514,17.7015743256,3,0,0,9.39466094971,0.151724100113,0.166430786252,0.0875281170011,0.0540552176535,-0.413350850344,1,8,7.18790615792e-05,0.21796323359,47.3979706897,8.5461636713,4444000,2.07251869142e-05,1.79147562161e+15,1.79147562161e+15,-2.04703855515,1,1,0.0113656651229,3,-0.0785821303725,-0.00267908745445,2,12.0006523132,1,4,1,79.5793762207,-17.6160793304,-0.0144654475152,1,3,1,0,-17.6160793304
1791475621.629697,,,,,,,,,,,,,,,,,,-0.0125572159886,-0.234945461154,0.0186189990491,0,-0.217700466514,0.0483278669417,-0.0224604383111,-0.0157118476927,-0.0109399529174,-0.00157122057863,0.0176608562469,-0.217700466514,17.7016010284,3,0,0,9.39626121521,0.152144342661,0.166691362858,0.0878299027681,0.0541315153241,-0.413349211216,1,8,7.19415475032e-05,0.21796323359,47.3979706897,8.5461636713,4444000,2.07709745155e-05,1.79147562162e+15,1.79147562162e+15,-2.04703378677,1,1,0.0112985670567,3,-0.0798210129142,-0.00258144503459,2,12.0007572174,1,4,1,79.5796813965,-17.6162052155,-0.0143912183121,1,3,1,,-17.6162052155
1791475621.641682,,,,,,,,,,,,,,,,,,-0.0228778831661,-0.237630292773,0.0118622547016,0,-0.217700466514,0.0483278669417,-0.0224604383111,-0.0157118476927,-0.0109399529174,-0.00157122057863,0.0176608562469,-0.217700466514,17.7014942169,3,0,0,9.39946174622,0.151253536344,0.166239053011,0.0871620252728,0.0539781264961,-0.413338124752,1,8,7.20025054761e-05,0.21796323359,47.3979706897,8.5461636713,4444000,2.06741424336e-05,1.79147562164e+15,1.79147562164e+15,-2.04701662064,1,1,0.0110625531524,3,-0.0822361335158,-0.00240247836336,2,12.0009489059,1,4,1,79.5803527832,-17.6164321899,-0.0142363579944,1,3,1,,-17.6164321899
1791475621.649678,,,,,,,,,,,,,,,,,,-0.025263370946,-0.235726058483,0.0134753054008,0,-0.217700466514,0.0483278669417,-0.0224604383111,-0.0157118476927,-0.0109399529174,-0.00157122057863,0.0176608562469,-0.217700466514,17.7015190125,3,0,0,9.40106201172,0.151670664549,0.166498944163,0.0874635279179,0.0540545210242,-0.413332343102,1,8,7.20651150914e-05,0.21796323359,47.3979706897,8.5461636713,4444000,2.07198863791e-05,1.79147562165e+15,1.79147562165e+15,-2.04700756073,1,1,0.0108952829614,3,-0.0834613889456,-0.00234035891481,2,12.0010471344,1,4,1,79.5806427002,-17.6165409088,-0.014180473052,1,3,1,,-17.6165409088
1791475621.660114,0,0,0,0,0,0,0,2,0,0,0,0,0,1.79147562166e+15,1.79147562166e+15,1,0,-0.0223640557379,-0.231431365013,0.0130548132583,0,-0.217700466514,0.0483278669417,-0.0224604383111,-0.0157118476927,-0.0109399529174,-0.00157122057863,0.0176608562469,-0.217700466514,17.7015628815,3,0,0,9.40266227722,0.152090504766,0.166572332382,0.0877651572227,0.0541087426245,-0.413330972195,1,8,7.21277974662e-05,0.21796323359,47.3979706897,8.5461636713,4444000,2.07656667044e-05,1.79147562165e+15,1.79147562165e+15,-2.04700303078,1,1,0.0107510015368,3,-0.0846695378423,-0.00228009885177,2,12.0011472702,1,4,1,79.580909729,-17.6166439056,-0.0141234090552,1,3,1,0,-17.6166439056
1791475621.669629,,,,,,,,,,,,,,,,,,-0.0191205851734,-0.231665506959,0.0229440610856,0,-0.217700466514,0.0483278669417,-0.0224604383111,-0.0157118476927,-0.0109399529174,-0.00157122057863,0.0176608562469,-0.217700466514,17.7016162872,3,0,0,9.40426254272,0.150787889957,0.16586278379,0.0868002846837,0.0538794212043,-0.413328826427,1,8,7.21568285371e-05,0.21796323359,47.3979706897,8.5461636713,4444000,2.06256299862e-05,1.79147562166e+15,1.79147562166e+15,-2.04699802399,1,1,0.0106413550675,3,-0.0858227014542,-0.00214089895599,2,12.0012426376,1,4,1,79.5812149048,-17.6167449951,-0.0139849726111,1,3,1,,-17.6167449951
1791475621.681861,,,,,,,,,,,,,,,,,,-0.0199430454522,-0.22987818718,0.0133700659499,0,-0.217700466514,0.0483278669417,-0.0224604383111,-0.0157118476927,-0.0109399529174,-0.00157122057863,0.0176608562469,-0.217700466514,17.7016582489,3,0,0,9.40746307373,0.1516187042,0.166381388903,0.0874026492238,0.0540323480964,-0.413324713707,1,8,7.22825279809e-05,0.21796323359,47.3979706897,8.5461636713,4444000,2.07170851354e-05,1.79147562168e+15,1.79147562168e+15,-2.04698777199,1,1,0.0104518439621,3,-0.0881961360574,-0.00200948584825,2,12.0014419556,1,4,1,79.5817565918,-17.61693573,-0.0138446437195,1,3,1,,-17.61693573
1791475621.690076,,,,,,,,,,,,,,,,,,-0.0129302004352,-0.218363672495,0.0209053959697,0,-0.217700466514,0.0483278669417,-0.0224604383111,-0.0157118476927,-0.0109399529174,-0.00157122057863,0.0176608562469,-0.217700466514,17.7016773224,3,0,0,9.40906333923,0.152038142085,0.166641771793,0.0877043306828,0.0541086681187,-0.413326233625,1,8,7.23454722902e-05,0.21796323359,47.3979706897,8.5461636713,4444000,2.07628672797e-05,1.79147562169e+15,1.79147562169e+15,-2.04698634148,1,1,0.0103904418647,3,-0.089296400547,-0.00188193796203,2,12.0015439987,1,4,1,79.5819854736,-17.6170253754,-0.0137076629326,1,3,1,,-17.6170253754
1791475621.698948,0,0,0,0,0,0,0,2,0,0,0,0,0,1.7914756217e+15,1.7914756217e+15,1,0,,,,,,,,,,,,,,,,,,,,,,,,,,,,,,,,,,,,,,,,,,,,,,,,,,,0,
1791475621.701636,,,,,,,,,,,,,,,,,,-0.0219255536795,-0.224360778928,0.0249454732984,0,-0.217700466514,0.0483278669417,-0.0224604383111,-0.0157118476927,-0.0109399529174,-0.00157122057863,0.0176608562469,-0.217700466514,17.7017116547,3,0,0,9.41066360474,0.150737643242,0.165931165218,0.0867418572307,0.053879249841,-0.413326263428,1,8,7.23762204871e-05,0.21796323359,47.3979706897,8.5461636713,4444000,2.06232398341e-05,1.79147562169e+15,1.79147562169e+15,-2.04698371887,1,1,0.0102493576705,3,-0.09039799124,-0.001722625806,2,12.0016269684,1,4,1,79.582244873,-17.6171112061,-0.0135364690796,1,3,1,,-17.6171112061
1791475621.709697,,,,,,,,,,,,,,,,,,-0.0276832971722,-0.228802025318,0.0183274950832,0,-0.217700466514,0.0483278669417,-0.0224604383111,-0.0157118476927,-0.0109399529174,-0.00157122057863,0.0176608562469,-0.217700466514,17.7017288208,3,0,0,9.41226387024,0.151150882244,0.166190162301,0.0870409086347,0.0539557561278,-0.413329869509,1,8,7.24097408238e-05,0.21796323359,47.3979706897,8.5461636713,4444000,2.06668992178e-05,1.7914756217e+15,1.7914756217e+15,-2.04698443413,1,1,0.0100599955767,3,-0.0915525257587,-0.00161477853544,2,12.001709938,1,4,1,79.5824737549,-17.617193222,-0.0134136602283,1,3,1,,-17.617193222
1791475621.721879,,,,,,,,,,,,,,,,,,-0.0195938255638,-0.225549772382,0.0116196451709,0,-0.217700466514,0.0483278669417,-0.0224604383111,-0.0157118476927,-0.0109399529174,-0.00157122057863,0.0176608562469,-0.217700466514,17.7014770508,3,0,0,9.41546440125,0.151986286044,0.166523844004,0.0876436755061,0.0540866293013,-0.413330256939,1,8,7.25359204807e-05,0.21796323359,47.3979706897,8.5461636713,4444000,2.07584016607e-05,1.79147562172e+15,1.79147562172e+15,-2.04697847366,1,1,0.00983201898634,3,-0.0938497856259,-0.00149370532017,2,12.0018825531,1,4,1,79.582862854,-17.6173267365,-0.01323575899,1,3,1,,-17.6173267365
1791475621.729925,,,,,,,,,,,,,,,,,,-0.0189198851585,-0.227489843965,0.0200653430074,0,-0.217700466514,0.0483278669417,-0.0224604383111,-0.0157118476927,-0.0109399529174,-0.00157122057863,0.0176608562469,-0.217700466514,17.7013435364,3,0,0,9.41706466675,0.150687903166,0.165815129876,0.086683601141,0.0538577660918,-0.413332700729,1,8,7.256832032e-05,0.21796323359,47.3979706897,8.5461636713,4444000,2.06192034966e-05,1.79147562173e+15,1.79147562173e+15,-2.04697775841,1,1,0.0097053302452,3,-0.0949770361185,-0.00136394123547,2,12.0019521713,1,4,1,79.5830841064,-17.6173839569,-0.0130689861253,1,3,1,,-17.6173839569
1791475621.739021,0,0,0,0,0,0,0,2,0,0,0,0,0,1.79147562174e+15,1.79147562174e+15,1,0,,,,,,,,,,,,,,,,,,,,,,,,,,,,,,,,,,,,,,,,,,,,,,,,,,,0,
1791475621.741729,,,,,,,,,,,,,,,,,,-0.0190300624818,-0.219077348709,0.0194925796241,0,-0.217700466514,0.0483278669417,-0.0224604383111,-0.0157118476927,-0.0109399529174,-0.00157122057863,0.0176608562469,-0.217700466514,17.7013549805,3,0,0,9.41866493225,0.151101216674,0.166073903441,0.0869843736291,0.0539342947304,-0.413329362869,1,8,7.26315993234e-05,0.21796323359,47.3979706897,8.5461636713,4444000,2.06649019674e-05,1.79147562173e+15,1.79147562173e+15,-2.04697108269,1,1,0.00957779493183,3,-0.0960551574826,-0.00123755715322,2,12.0020236969,1,4,1,79.5832748413,-17.61743927,-0.0129034277052,1,3,1,,-17.61743927
1791475621.749713,,,,,,,,,,,,,,,,,,-0.020672801882,-0.217903211713,0.0101923933253,0,-0.217700466514,0.0483278669417,-0.0224604383111,-0.0157118476927,-0.0109399529174,-0.00157122057863,0.0176608562469,-0.217700466514,17.7013645172,3,0,0,9.42026519775,0.15151719749,0.166333392262,0.0872857570648,0.0540107339621,-0.413327336311,1,8,7.26949365344e-05,0.21796323359,47.3979706897,8.5461636713,4444000,2.0710638637e-05,1.79147562174e+15,1.79147562174e+15,-2.04696583748,1,1,0.00943714845926,3,-0.0971415638924,-0.00118440773804,2,12.0020980835,1,4,1,79.5834350586,-17.6174907684,-0.0128089925274,1,3,1,,-17.6174907684
1791475621.761608,,,,,,,,,,,,,,,,,,-0.0178116522729,-0.216529861093,0.00961404200643,0,-0.217700466514,0.0483278669417,-0.0224604383111,-0.0157118476927,-0.0109399529174,-0.00157122057863,0.0176608562469,-0.217700466514,17.7013587952,3,0,0,9.42346572876,0.150639504194,0.165883854032,0.0866295695305,0.0538580939174,-0.413327306509,1,8,7.27923106751e-05,0.21796323359,47.3979706897,8.5461636713,4444000,2.06175573112e-05,1.79147562176e+15,1.79147562176e+15,-2.04696011543,1,1,0.00919166766107,3,-0.0992907881737,-0.00101539306343,2,12.0022249222,1,4,1,79.5837554932,-17.6175823212,-0.0125506129116,1,3,1,,-17.6175823212
1791475621.769664,,,,,,,,,,,,,,,,,,-0.0181478746235,-0.226343736053,0.0215577874333,0,-0.217700466514,0.0483278669417,-0.0224604383111,-0.0157118476927,-0.0109399529174,-0.00157122057863,0.0176608562469,-0.217700466514,17.7013664246,3,0,0,9.42506599426,0.151052460074,0.166142687201,0.0869302451611,0.0539346188307,-0.413331657648,1,8,7.2855851613e-05,0.21796323359,47.3979706897,8.5461636713,4444000,2.0663253963e-05,1.79147562177e+15,1.79147562177e+15,-2.04696130753,1,1,0.00905594788492,3,-0.100429013371,-0.000866845599376,2,12.0022773743,1,4,1,79.5839080811,-17.6176242828,-0.0123542034999,1,3,1,,-17.6176242828
1791475621.778351,0,0,0,0,0,0,0,2,0,0,0,0,0,1.79147562178e+15,1.79147562178e+15,1,0,,,,,,,,,,,,,,,,,,,,,,,,,,,,,,,,,,,,,,,,,,,,,,,,,,,0,
1791475621.781741,,,,,,,,,,,,,,,,,,-0.022961448878,-0.209164991975,0.0186311062425,0,-0.217700466514,0.0483278669417,-0.0224604383111,-0.0157118476927,-0.0109399529174,-0.00157122057863,0.0176608562469,-0.217700466514,17.7013225555,3,0,0,9.42666625977,0.151467651129,0.16621619463,0.0872294604778,0.0539891943336,-0.413333594799,1,8,7.28892118786e-05,0.21796323359,47.3979706897,8.5461636713,4444000,2.07069315366e-05,1.79147562177e+15,1.79147562177e+15,-2.04695987701,1,1,0.00888002198189,3,-0.101446740329,-0.00074039795436,2,12.00233078,1,4,1,79.5840301514,-17.6176605225,-0.0121765499935,1,3,1,,-17.6176605225
1791475621.789783,,,,,,,,,,,,,,,,,,-0.0255327634513,-0.210856154561,0.00826641824096,0,-0.217700466514,0.0483278669417,-0.0224604383111,-0.0157118476927,-0.0109399529174,-0.00157122057863,0.0176608562469,-0.217700466514,17.7013263702,3,0,0,9.42826652527,0.151885971427,0.166476204991,0.0875307843089,0.0540655516088,-0.413334727287,1,8,7.29528110242e-05,0.21796323359,47.3979706897,8.5461636713,4444000,2.07527009479e-05,1.79147562178e+15,1.79147562178e+15,-2.04695749283,1,1,0.00868397019804,3,-0.102495208383,-0.000695904251188,2,12.0023860931,1,4,1,79.5841293335,-17.6176948547,-0.012079237029,1,3,1,,-17.6176948547
1791475621.801710,,,,,,,,,,,,,,,,,,-0.0253224782646,-0.215469822288,0.0125137148425,0,-0.217700466514,0.0483278669417,-0.0224604383111,-0.0157118476927,-0.0109399529174,-0.00157122057863,0.0176608562469,-0.217700466514,17.7009811401,3,0,0,9.43146705627,0.151004180312,0.166026934981,0.0868764296174,0.0539136826992,-0.413340479136,1,8,7.30520841898e-05,0.21796323359,47.3979706897,8.5461636713,4444000,2.06599252124e-05,1.7914756218e+15,1.7914756218e+15,-2.04695630074,1,1,0.00831367913634,3,-0.104614466429,-0.00052584160585,2,12.0024557114,1,4,1,79.5843658447,-17.6177349091,-0.0117753809318,1,3,1,,-17.6177349091
1791475621.809694,,,,,,,,,,,,,,,,,,-0.0258161406964,-0.215844124556,0.0168546084315,0,-0.217700466514,0.0483278669417,-0.0224604383111,-0.0157118476927,-0.0109399529174,-0.00157122057863,0.0176608562469,-0.217700466514,17.7009811401,3,0,0,9.43306732178,0.151419475675,0.16628625989,0.0871775895357,0.0539901293814,-0.413343787193,1,8,7.31158943381e-05,0.21796323359,47.3979706897,8.5461636713,4444000,2.07056618819e-05,1.79147562181e+15,1.79147562181e+15,-2.04695630074,1,1,0.00810333155096,3,-0.10569383204,-0.000401377066737,2,12.002494812,1,4,1,79.5844421387,-17.6177501678,-0.0115825245157,1,3,1,,-17.6177501678
1791475621.818867,0,0,0,0,0,0,0,2,0,0,0,0,0,1.79147562182e+15,1.79147562182e+15,1,0,,,,,,,,,,,,,,,,,,,,,,,,,,,,,,,,,,,,,,,,,,,,,,,,,,,0,
1791475621.821794,,,,,,,,,,,,,,,,,,-0.0220471024513,-0.209912613034,0.010060611181,0,-0.217700466514,0.0483278669417,-0.0224604383111,-0.0157118476927,-0.0109399529174,-0.00157122057863,0.0176608562469,-0.217700466514,17.7009792328,3,0,0,9.43466758728,0.151837438345,0.166546344757,0.0874788537621,0.0540664792061,-0.413344293833,1,8,7.31797408662e-05,0.21796323359,47.3979706897,8.5461636713,4444000,2.07514276553e-05,1.79147562181e+15,1.79147562181e+15,-2.04695343971,1,1,0.00792388152331,3,-0.106742762029,-0.000330655719154,2,12.0025348663,1,4,1,79.5844955444,-17.6177635193,-0.011442469433,1,3,1,,-17.6177635193
1791475621.829866,,,,,,,,,,,,,,,,,,-0.0173922330141,-0.213072091341,0.0153416758403,0,-0.217700466514,0.0483278669417,-0.0224604383111,-0.0157118476927,-0.0109399529174,-0.00157122057863,0.0176608562469,-0.217700466514,17.7009754181,3,0,0,9.43626785278,0.152258098125,0.16680714488,0.0877806693316,0.0541427396238,-0.41333553195,1,8,7.32436892577e-05,0.21796323359,47.3979706897,8.5461636713,4444000,2.07972407225e-05,1.79147562182e+15,1.79147562182e+15,-2.04694151878,1,1,0.00778238708153,3,-0.10783354938,-0.000217095541302,2,12.0025777817,1,4,1,79.584526062,-17.617773056,-0.0112586608157,1,3,1,,-17.617773056
1791475621.841637,,,,,,,,,,,,,,,,,,-0.0168634634465,-0.207842424512,0.0118766902015,0,-0.217700466514,0.0483278669417,-0.0224604383111,-0.0157118476927,-0.0109399529174,-0.00157122057863,0.0176608562469,-0.217700466514,17.7008647919,3,0,0,9.43946838379,0.151364430785,0.166167840362,0.0871149301529,0.0539673566818,-0.413326859474,1,8,7.33448250685e-05,0.21796323359,47.3979706897,8.5461636713,4444000,2.07023331313e-05,1.79147562184e+15,1.79147562184e+15,-2.04692625999,1,1,0.00749992299825,3,-0.109892472625,3.26669251081e-05,2,12.0026168823,1,4,1,79.584602356,-17.6177825928,-0.0108583057299,1,3,1,,-17.6177825928
1791475621.849803,,,,,,,,,,,,,,,,,,-0.0303641483188,-0.202807486057,0.00371271721087,0,-0.217700466514,0.0483278669417,-0.0224604383111,-0.0157118476927,-0.0109399529174,-0.00157122057863,0.0176608562469,-0.217700466514,17.7008571625,3,0,0,9.44106864929,0.151781529188,0.166427671909,0.0874142050743,0.0540437288582,-0.413326710463,1,8,7.33779961593e-05,0.21796323359,47.3979706897,8.5461636713,4444000,2.07460398087e-05,1.79147562185e+15,1.79147562185e+15,-2.04692268372,1,1,0.0072391028516,3,-0.110894963145,6.16286488366e-05,2,12.0026388168,1,4,1,79.5846099854,-17.6177825928,-0.0107531016693,1,3,1,,-17.6177825928
1791475621.860630,0,0,0,0,0,0,0,2,0,0,0,0,0,1.79147562186e+15,1.79147562186e+15,1,0,-0.0262465439737,-0.203197285533,0.00351108587347,0,-0.217700466514,0.0483278669417,-0.0224604383111,-0.0157118476927,-0.0109399529174,-0.00157122057863,0.0176608562469,-0.217700466514,17.7008476257,3,0,0,9.44266891479,0.152201741934,0.166688233614,0.0877158418298,0.0541200116277,-0.413329929113,1,8,7.34421337256e-05,0.21796323359,47.3979706897,8.5461636713,4444000,2.07918474189e-05,1.79147562185e+15,1.79147562185e+15,-2.04692220688,1,1,0.00701230065897,3,-0.111916914582,8.93051255844e-05,2,12.0026626587,1,4,1,79.5845870972,-17.6177825928,-0.0106486072764,1,3,1,0,-17.6177825928
1791475621.869709,,,,,,,,,,,,,,,,,,-0.022817004472,-0.20405253768,0.011833849363,0,-0.217700466514,0.0483278669417,-0.0224604383111,-0.0157118476927,-0.0109399529174,-0.00157122057863,0.0176608562469,-0.217700466514,17.7003192902,3,0,0,9.4442691803,0.150895550847,0.165976792574,0.0867519304156,0.0538903810084,-0.4133259058,1,8,7.34806671971e-05,0.21796323359,47.3979706897,8.5461636713,4444000,2.06516688195e-05,1.79147562186e+15,1.79147562186e+15,-2.0469148159,1,1,0.00680591212586,3,-0.112904362381,0.000193700150703,2,12.0026731491,1,4,1,79.5845947266,-17.6177635193,-0.0104493424296,1,3,1,,-17.6177635193
1791475621.881617,,,,,,,,,,,,,,,,,,-0.0243792179972,-0.204996421933,0.0084890043363,0,-0.217700466514,0.0483278669417,-0.0224604383111,-0.0157118476927,-0.0109399529174,-0.00157122057863,0.0176608562469,-0.217700466514,17.7002906799,3,0,0,9.4474697113,0.151727095246,0.166495829821,0.087354183197,0.054043225944,-0.413322985172,1,8,7.36092770239e-05,0.21796323359,47.3979706897,8.5461636713,4444000,2.07431621675e-05,1.79147562188e+15,1.79147562188e+15,-2.0469045639,1,1,0.0064093535766,3,-0.114946730435,0.000312244781526,2,12.002699852,1,4,1,79.5845336914,-17.6177196503,-0.0101414239034,1,3,1,,-17.6177196503
1791475621.889816,,,,,,,,,,,,,,,,,,-0.0237312614918,-0.194495484233,-0.00219093612395,0,-0.217700466514,0.0483278669417,-0.0224604383111,-0.0157118476927,-0.0109399529174,-0.00157122057863,0.0176608562469,-0.217700466514,17.7002754211,3,0,0,9.44906997681,0.152146890759,0.16675645113,0.0876556932926,0.0541194975376,-0.413322746754,1,8,7.36736765248e-05,0.21796323359,47.3979706897,8.5461636713,4444000,2.07889643207e-05,1.79147562189e+15,1.79147562189e+15,-2.04690098763,1,1,0.00619921647012,3,-0.11590744555,0.000304507353576,2,12.0027170181,1,4,1,79.5844650269,-17.6176967621,-0.0100547112525,1,3,1,,-17.6176967621
1791475621.898912,0,0,0,0,0,0,0,2,0,0,0,0,0,1.7914756219e+15,1.7914756219e+15,1,0,,,,,,,,,,,,,,,,,,,,,,,,,,,,,,,,,,,,,,,,,,,,,,,,,,,0,
1791475621.901687,,,,,,,,,,,,,,,,,,-0.0259322226048,-0.21064440906,0.00558607233688,0,-0.217700466514,0.0483278669417,-0.0224604383111,-0.0157118476927,-0.0109399529174,-0.00157122057863,0.0176608562469,-0.217700466514,17.6998081207,3,0,0,9.45067024231,0.150842919946,0.165859133005,0.0866943150759,0.053868163377,-0.413313567638,1,8,7.37136797397e-05,0.21796323359,47.3979706897,8.5461636713,4444000,2.0649178623e-05,1.79147562189e+15,1.79147562189e+15,-2.04688835144,1,1,0.00596626987681,3,-0.116957843304,0.000367969158106,2,12.0027227402,1,4,1,79.5844268799,-17.6176586151,-0.00988169852644,1,3,1,,-17.6176586151
1791475621.909757,,,,,,,,,,,,,,,,,,-0.0295113176107,-0.201315179467,0.0036163253244,0,-0.217700466514,0.0483278669417,-0.0224604383111,-0.0157118476927,-0.0109399529174,-0.00157122057863,0.0176608562469,-0.217700466514,17.6997871399,3,0,0,9.45227050781,0.151256948709,0.166118040681,0.0869951471686,0.0539446547627,-0.413307100534,1,8,7.37782247597e-05,0.21796323359,47.3979706897,8.5461636713,4444000,2.06949043786e-05,1.7914756219e+15,1.7914756219e+15,-2.04687833786,1,1,0.00570593681186,3,-0.117950372398,0.000415431975853,2,12.0027313232,1,4,1,79.5843582153,-17.6176185608,-0.00972537882626,1,3,1,,-17.6176185608
1791475621.921627,,,,,,,,,,,,,,,,,,-0.0211532562971,-0.19564460218,-0.00164238724392,0,-0.217700466514,0.0483278669417,-0.0224604383111,-0.0157118476927,-0.0109399529174,-0.00157122057863,0.0176608562469,-0.217700466514,17.6997432709,3,0,0,9.45547103882,0.152092605829,0.166638076305,0.0875960737467,0.0540973469615,-0.413301676512,1,8,7.38758244552e-05,0.21796323359,47.3979706897,8.5461636713,4444000,2.07843950193e-05,1.79147562192e+15,1.79147562192e+15,-2.04686594009,1,1,0.00527956383303,3,-0.119892954826,0.000453279702924,2,12.0027503967,1,4,1,79.5841522217,-17.6175365448,-0.00947197433561,1,3,1,,-17.6175365448
1791475621.930007,,,,,,,,,,,,,,,,,,-0.0220456514508,-0.197669908404,-0.00204844377004,0,-0.217700466514,0.0483278669417,-0.0224604383111,-0.0157118476927,-0.0109399529174,-0.00157122057863,0.0176608562469,-0.217700466514,17.69972229,3,0,0,9.45707130432,0.150790840387,0.165927499533,0.0866369828582,0.0538681820035,-0.413296997547,1,8,7.3917217378e-05,0.21796323359,47.3979706897,8.5461636713,4444000,2.06450240512e-05,1.79147562193e+15,1.79147562193e+15,-2.04685759544,1,1,0.00506860669702,3,-0.120850086212,0.000457926944364,2,12.0027456284,1,4,1,79.5840606689,-17.6174945831,-0.00936040282249,1,3,1,,-17.6174945831
1791475621.938912,0,0,0,0,0,0,0,2,0,0,0,0,0,1.79147562194e+15,1.79147562194e+15,1,0,,,,,,,,,,,,,,,,,,,,,,,,,,,,,,,,,,,,,,,,,,,,,,,,,,,0,
1791475621.941531,,,,,,,,,,,,,,,,,,-0.0186950806528,-0.196826383471,0.0031762754079,0,-0.217700466514,0.0483278669417,-0.0224604383111,-0.0157118476927,-0.0109399529174,-0.00157122057863,0.0176608562469,-0.217700466514,17.6996974945,3,0,0,9.45867156982,0.151204481721,0.166186481714,0.0869379490614,0.0539446659386,-0.413288384676,1,8,7.39819661248e-05,0.21796323359,47.3979706897,8.5461636713,4444000,2.06907461688e-05,1.79147562193e+15,1.79147562193e+15,-2.0468454361,1,1,0.00488592544571,3,-0.121817007661,0.000504062860273,2,12.0027427673,1,4,1,79.5839538574,-17.6174526215,-0.00920808967203,1,3,1,,-17.6174526215
1791475621.949637,,,,,,,,,,,,,,,,,,-0.0201509706676,-0.196796402335,0.00191014248412,0,-0.217700466514,0.0483278669417,-0.0224604383111,-0.0157118476927,-0.0109399529174,-0.00157122057863,0.0176608562469,-0.217700466514,17.699672699,3,0,0,9.46027183533,0.151620805264,0.166446179152,0.0872392058372,0.0540210604668,-0.4132822752,1,8,7.40467803553e-05,0.21796323359,47.3979706897,8.5461636713,4444000,2.07365083043e-05,1.79147562194e+15,1.79147562194e+15,-2.04683566093,1,1,0.00469301873818,3,-0.122799783945,0.000539768137969,2,12.0027418137,1,4,1,79.5838088989,-17.6174106598,-0.00906697846949,1,3,1,,-17.6174106598
1791475621.961676,,,,,,,,,,,,,,,,,,-0.0259778033942,-0.194166257977,-0.00793253909796,0,-0.217700466514,0.0483278669417,-0.0224604383111,-0.0157118476927,-0.0109399529174,-0.00157122057863,0.0176608562469,-0.217700466514,17.7000904083,3,0,0,9.46347236633,0.150740161538,0.165810897946,0.0865840837359,0.0538467131555,-0.41328945756,1,8,7.4154449976e-05,0.21796323359,47.3979706897,8.5461636713,4444000,2.06432941923e-05,1.79147562196e+15,1.79147562196e+15,-2.04683566093,1,1,0.00423389161006,3,-0.124655015767,0.00051637145225,2,12.0027484894,1,4,1,79.5835113525,-17.6173591614,-0.00891799107194,1,3,1,,-17.6173591614
1791475621.969926,,,,,,,,,,,,,,,,,,-0.0170689150691,-0.196034491062,-0.0125817013904,0,-0.217700466514,0.0483278669417,-0.0224604383111,-0.0157118476927,-0.0109399529174,-0.00157122057863,0.0176608562469,-0.217700466514,17.7000617981,3,0,0,9.46507263184,0.151153430343,0.166069641709,0.0868849754333,0.0539232231677,-0.41329652071,1,8,7.42194461054e-05,0.21796323359,47.3979706897,8.5461636713,4444000,2.06890144909e-05,1.79147562197e+15,1.79147562197e+15,-2.04683923721,1,1,0.00407438259572,3,-0.125629961491,0.000437578302808,2,12.0027561188,1,4,1,79.5833511353,-17.6173286438,-0.00890717841685,1,3,1,,-17.6173286438
1791475621.978338,0,0,0,0,0,0,0,2,0,0,0,0,0,1.79147562198e+15,1.79147562198e+15,1,0,,,,,,,,,,,,,,,,,,,,,,,,,,,,,,,,,,,,,,,,,,,,,,,,,,,0,
1791475621.981693,,,,,,,,,,,,,,,,,,-0.0207199361175,-0.188105627894,-0.0108149824664,0,-0.217700466514,0.0483278669417,-0.0224604383111,-0.0157118476927,-0.0109399529174,-0.00157122057863,0.0176608562469,-0.217700466514,17.7000312805,3,0,0,9.46667289734,0.151569366455,0.16632913053,0.0871861055493,0.053999632597,-0.413292616606,1,8,7.42845149944e-05,0.21796323359,47.3979706897,8.5461636713,4444000,2.07347711694e-05,1.79147562197e+15,1.79147562197e+15,-2.04683208466,1,1,0.00388679769821,3,-0.126557230949,0.000372580805561,2,12.0027647018,1,4,1,79.5831604004,-17.6172981262,-0.00888280011714,1,3,1,,-17.6172981262
1791475621.989796,,,,,,,,,,,,,,,,,,-0.0162901133299,-0.187265068293,-0.0108075318858,0,-0.217700466514,0.0483278669417,-0.0224604383111,-0.0157118476927,-0.0109399529174,-0.00157122057863,0.0176608562469,-0.217700466514,17.7000007629,3,0,0,9.46827316284,0.151987537742,0.166589334607,0.087485589087,0.054075948894,-0.413291811943,1,8,7.43173950468e-05,0.21796323359,47.3979706897,8.5461636713,4444000,2.07785051316e-05,1.79147562198e+15,1.79147562198e+15,-2.04682826996,1,1,0.00373346218839,3,-0.127492442727,0.000307320675347,2,12.0027742386,1,4,1,79.5829544067,-17.6172676086,-0.00885896570981,1,3,1,,-17.6172676086
1791475622.001750,,,,,,,,,,,,,,,,,,-0.0128779988736,-0.18909598887,-0.00711576966569,0,-0.217700466514,0.0483278669417,-0.0224604383111,-0.0157118476927,-0.0109399529174,-0.00157122057863,0.0176608562469,-0.217700466514,17.6997795105,3,0,0,9.47147369385,0.151102900505,0.166138425469,0.0868322402239,0.0539237335324,-0.413281321526,1,8,7.44266508264e-05,0.21796323359,47.3979706897,8.5461636713,4444000,2.06855547731e-05,1.791475622e+15,1.791475622e+15,-2.04681134224,1,1,0.00348369101994,3,-0.129316315055,0.000230214587646,2,12.0028333664,1,4,1,79.582572937,-17.6171970367,-0.00874806009233,1,3,1,,-17.6171970367
1791475622.009702,,,,,,,,,,,,,,,,,,-0.0190727002919,-0.183642312884,-0.0141668124124,0,-0.217700466514,0.0483278669417,-0.0224604383111,-0.0157118476927,-0.0109399529174,-0.00157122057863,0.0176608562469,-0.217700466514,17.6997451782,3,0,0,9.47307395935,0.151518464088,0.166397973895,0.0871335491538,0.0540001392365,-0.413275152445,1,8,7.44919234421e-05,0.21796323359,47.3979706897,8.5461636713,4444000,2.07313078135e-05,1.79147562201e+15,1.79147562201e+15,-2.04680204391,1,1,0.00333078671247,3,-0.130209773779,0.000141706084833,2,12.0028648376,1,4,1,79.5823516846,-17.6171607971,-0.00874327402562,1,3,1,,-17.6171607971
1791475622.020665,0,0,0,0,0,0,0,2,0,0,0,0,0,1.79147562202e+15,1.79147562202e+15,1,0,-0.028512224555,-0.183192908764,-0.00778818456456,0,-0.217700466514,0.0483278669417,-0.0224604383111,-0.0157118476927,-0.0109399529174,-0.00157122057863,0.0176608562469,-0.217700466514,17.6999511719,3,0,0,9.47467422485,0.151936709881,0.166471332312,0.0874349996448,0.0540544390678,-0.413268238306,1,8,7.45572760934e-05,0.21796323359,47.3979706897,8.5461636713,4444000,2.07770990528e-05,1.79147562201e+15,1.79147562201e+15,-2.04679203033,1,1,0.00310289300978,3,-0.131114959717,0.000102290381619,2,12.0028982162,1,4,1,79.5821075439,-17.6171321869,-0.00869773607701,1,3,1,0,-17.6171321869
1791475622.029880,,,,,,,,,,,,,,,,,,-0.0183890648186,-0.172565296292,-0.00797072332352,0,-0.217700466514,0.0483278669417,-0.0224604383111,-0.0157118476927,-0.0109399529174,-0.00157122057863,0.0176608562469,-0.217700466514,17.6995258331,3,0,0,9.47627449036,0.150641188025,0.165763512254,0.0864829942584,0.0538262650371,-0.413264244795,1,8,7.46026416891e-05,0.21796323359,47.3979706897,8.5461636713,4444000,2.06387321668e-05,1.79147562202e+15,1.79147562202e+15,-2.0467851162,1,1,0.00296194432303,3,-0.131902992725,6.90519591444e-05,2,12.0029296875,1,4,1,79.5818862915,-17.6170902252,-0.00863297656178,1,3,1,,-17.6170902252
1791475622.041569,,,,,,,,,,,,,,,,,,-0.0235149320215,-0.180730491877,-0.0123651688918,0,-0.217700466514,0.0483278669417,-0.0224604383111,-0.0157118476927,-0.0109399529174,-0.00157122057863,0.0176608562469,-0.217700466514,17.6994533539,3,0,0,9.47947502136,0.151468962431,0.166281402111,0.0870852246881,0.0539792142808,-0.41326290369,1,8,7.47336598579e-05,0.21796323359,47.3979706897,8.5461636713,4444000,2.0730200049e-05,1.79147562204e+15,1.79147562204e+15,-2.04677820206,1,1,0.00265003973618,3,-0.133631229401,1.90417122212e-05,2,12.0029964447,1,4,1,79.5813751221,-17.6170043945,-0.00848919618875,1,3,1,,-17.6170043945
1791475622.049582,,,,,,,,,,,,,,,,,,-0.0166331026703,-0.182688996196,-0.0133104613051,0,-0.217700466514,0.0483278669417,-0.0224604383111,-0.0157118476927,-0.0109399529174,-0.00157122057863,0.0176608562469,-0.217700466514,17.6994171143,3,0,0,9.48107528687,0.151886850595,0.166541457176,0.0873868316412,0.0540555529296,-0.413263499737,1,8,7.47992962715e-05,0.21796323359,47.3979706897,8.5461636713,4444000,2.07760022022e-05,1.79147562205e+15,1.79147562205e+15,-2.04677629471,1,1,0.00252414401621,3,-0.134546428919,-5.86510286666e-05,2,12.0030317307,1,4,1,79.5810852051,-17.6169624329,-0.0084711080417,1,3,1,,-17.6169624329
1791475622.058572,0,0,0,0,0,0,0,2,0,0,0,0,0,1.79147562206e+15,1.79147562206e+15,1,0,,,,,,,,,,,,,,,,,,,,,,,,,,,,,,,,,,,,,,,,,,,,,,,,,,,0,
1791475622.061556,,,,,,,,,,,,,,,,,,-0.0229839254171,-0.170685946941,-0.0137221058831,0,-0.217700466514,0.0483278669417,-0.0224604383111,-0.0157118476927,-0.0109399529174,-0.00157122057863,0.0176608562469,-0.217700466514,17.6991291046,3,0,0,9.48267555237,0.15059286356,0.165832564235,0.0864350870252,0.0538272708654,-0.413264811039,1,8,7.48129095882e-05,0.21796323359,47.3979706897,8.5461636713,4444000,2.06358708965e-05,1.79147562205e+15,1.79147562205e+15,-2.0467748642,1,1,0.00234434637241,3,-0.135330021381,-0.000134447793243,2,12.0030574799,1,4,1,79.5808181763,-17.6169128418,-0.0084432689473,1,3,1,,-17.6169128418
1791475622.069558,,,,,,,,,,,,,,,,,,-0.0180460400879,-0.175113111734,-0.0107805235311,0,-0.217700466514,0.0483278669417,-0.0224604383111,-0.0157118476927,-0.0109399529174,-0.00157122057863,0.0176608562469,-0.217700466514,17.6990909576,3,0,0,9.48427581787,0.151005074382,0.166091218591,0.0867360159755,0.0539037846029,-0.413259446621,1,8,7.48786042095e-05,0.21796323359,47.3979706897,8.5461636713,4444000,2.06815839192e-05,1.79147562206e+15,1.79147562206e+15,-2.04676651955,1,1,0.00220444006845,3,-0.136164575815,-0.000187411162187,2,12.0030841827,1,4,1,79.5805358887,-17.6168632507,-0.00839363969862,1,3,1,,-17.6168632507
1791475622.082179,,,,,,,,,,,,,,,,,,-0.0172969400883,-0.164321482182,-0.00580446748063,0,-0.217700466514,0.0483278669417,-0.0224604383111,-0.0157118476927,-0.0109399529174,-0.00157122057863,0.0176608562469,-0.217700466514,17.6995162964,3,0,0,9.48747634888,0.15183749795,0.166424527764,0.0873390361667,0.054034743458,-0.413249015808,1,8,7.50101753511e-05,0.21796323359,47.3979706897,8.5461636713,4444000,2.07731245609e-05,1.79147562208e+15,1.79147562208e+15,-2.04675102234,1,1,0.0018961414462,3,-0.137791588902,-0.000218899571337,2,12.0031414032,1,4,1,79.5798950195,-17.6167945862,-0.00825514644384,1,3,1,,-17.6167945862
1791475622.089690,,,,,,,,,,,,,,,,,,-0.0127033628523,-0.169700086117,-0.0111786639318,0,-0.217700466514,0.0483278669417,-0.0224604383111,-0.0157118476927,-0.0109399529174,-0.00157122057863,0.0176608562469,-0.217700466514,17.6994781494,3,0,0,9.48907661438,0.152257740498,0.166685089469,0.087640941143,0.0541109964252,-0.413241714239,1,8,7.50760518713e-05,0.21796323359,47.3979706897,8.5461636713,4444000,2.0818955818e-05,1.79147562209e+15,1.79147562209e+15,-2.04674124718,1,1,0.00180010579061,3,-0.138627052307,-0.000279990665149,2,12.0031709671,1,4,1,79.5795440674,-17.6167602539,-0.00823189225048,1,3,1,,-17.6167602539
1791475622.098835,0,0,0,0,0,0,0,2,0,0,0,0,0,1.7914756221e+15,1.7914756221e+15,1,0,,,,,,,,,,,,,,,,,,,,,,,,,,,,,,,,,,,,,,,,,,,,,,,,,,,0,
1791475622.101716,,,,,,,,,,,,,,,,,,-0.0125044323504,-0.162281051278,-0.0171246919781,0,-0.217700466514,0.0483278669417,-0.0224604383111,-0.0157118476927,-0.0109399529174,-0.00157122057863,0.0176608562469,-0.217700466514,17.699262619,3,0,0,9.49067687988,0.150950103998,0.165973678231,0.086679585278,0.0538815893233,-0.413241177797,1,8,7.51239203964e-05,0.21796323359,47.3979706897,8.5461636713,4444000,2.06786753552e-05,1.79147562209e+15,1.79147562209e+15,-2.04673814774,1,1,0.00170434266329,3,-0.139356315136,-0.000382987142075,2,12.0031929016,1,4,1,79.5792312622,-17.6167201996,-0.00824471656233,1,3,1,,-17.6167201996
1791475622.110385,,,,,,,,,,,,,,,,,,-0.0126293348148,-0.164875417948,-0.0109435049817,0,-0.217700466514,0.0483278669417,-0.0224604383111,-0.0157118476927,-0.0109399529174,-0.00157122057863,0.0176608562469,-0.217700466514,17.6992225647,3,0,0,9.49227714539,0.151364549994,0.166232824326,0.0869808122516,0.0539580322802,-0.413241505623,1,8,7.51899497118e-05,0.21796323359,47.3979706897,8.5461636713,4444000,2.07244247576e-05,1.7914756221e+15,1.7914756221e+15,-2.04673600197,1,1,0.0016079719644,3,-0.140121594071,-0.000437237351434,2,12.0032157898,1,4,1,79.5788955688,-17.6166801453,-0.00820945482701,1,3,1,,-17.6166801453
1791475622.121993,,,,,,,,,,,,,,,,,,-0.00748320389539,-0.159283712506,-0.00627618236467,0,-0.217700466514,0.0483278669417,-0.0224604383111,-0.0157118476927,-0.0109399529174,-0.00157122057863,0.0176608562469,-0.217700466514,17.6991443634,3,0,0,9.49547767639,0.152201488614,0.166753306985,0.0875847935677,0.0541106313467,-0.413247436285,1,8,7.53222047933e-05,0.21796323359,47.3979706897,8.5461636713,4444000,2.08160436159e-05,1.79147562212e+15,1.79147562212e+15,-2.04673743248,1,1,0.00145232246723,3,-0.141602829099,-0.000492277031299,2,12.0032663345,1,4,1,79.5781707764,-17.6166000366,-0.00808747671545,1,3,1,,-17.6166000366
1791475622.129777,,,,,,,,,,,,,,,,,,-0.0111721316352,-0.159092471004,-0.0104345371947,0,-0.217700466514,0.0483278669417,-0.0224604383111,-0.0157118476927,-0.0109399529174,-0.00157122057863,0.0176608562469,-0.217700466514,17.699131012,3,0,0,9.49707794189,0.150895699859,0.166040852666,0.0866242721677,0.0538811385632,-0.413241505623,1,8,7.53374843043e-05,0.21796323359,47.3979706897,8.5461636713,4444000,2.06740587601e-05,1.79147562213e+15,1.79147562213e+15,-2.04672932625,1,1,0.00136923359241,3,-0.142298683524,-0.000541343411896,2,12.003288269,1,4,1,79.577835083,-17.6165599823,-0.00804955046624,1,3,1,,-17.6165599823
1791475622.138879,0,0,0,0,0,0,0,2,0,0,0,0,0,1.79147562214e+15,1.79147562214e+15,1,0,,,,,,,,,,,,,,,,,,,,,,,,,,,,,,,,,,,,,,,,,,,,,,,,,,,0,
1791475622.141515,,,,,,,,,,,,,,,,,,-0.0124951377511,-0.153744757175,-0.00710971606895,0,-0.217700466514,0.0483278669417,-0.0224604383111,-0.0157118476927,-0.0109399529174,-0.00157122057863,0.0176608562469,-0.217700466514,17.6988964081,3,0,0,9.4986782074,0.151309743524,0.166114345193,0.0869256928563,0.0539357922971,-0.413233906031,1,8,7.54037173465e-05,0.21796323359,47.3979706897,8.5461636713,4444000,2.07198027056e-05,1.79147562213e+15,1.79147562213e+15,-2.04671931267,1,1,0.00127587839961,3,-0.142967283726,-0.000563306733966,2,12.0033111572,1,4,1,79.5774841309,-17.6165142059,-0.00797877274454,1,3,1,,-17.6165142059
1791475622.149733,,,,,,,,,,,,,,,,,,-0.0118968179449,-0.151900708675,-0.011921393685,0,-0.217700466514,0.0483278669417,-0.0224604383111,-0.0157118476927,-0.0109399529174,-0.00157122057863,0.0176608562469,-0.217700466514,17.6988582611,3,0,0,9.5002784729,0.151726469398,0.166373983026,0.0872274190187,0.0540121644735,-0.413225442171,1,8,7.54700304242e-05,0.21796323359,47.3979706897,8.5461636713,4444000,2.07655939448e-05,1.79147562214e+15,1.79147562214e+15,-2.04670858383,1,1,0.00118764082436,3,-0.143636241555,-0.000624499574769,2,12.0033359528,1,4,1,79.5771102905,-17.6164684296,-0.00794809684157,1,3,1,,-17.6164684296
1791475622.161819,,,,,,,,,,,,,,,,,,-0.010375905782,-0.148572415113,-0.0122259361669,0,-0.217700466514,0.0483278669417,-0.0224604383111,-0.0157118476927,-0.0109399529174,-0.00157122057863,0.0176608562469,-0.217700466514,17.6990127563,3,0,0,9.50347900391,0.150842756033,0.165923833847,0.0865731462836,0.0538594909012,-0.413232624531,1,8,7.5586613093e-05,0.21796323359,47.3979706897,8.5461636713,4444000,2.06718614209e-05,1.79147562216e+15,1.79147562216e+15,-2.04671120644,1,1,0.00101959449239,3,-0.144946858287,-0.000776363944169,2,12.0033874512,1,4,1,79.5763549805,-17.6163864136,-0.00792614091188,1,3,1,,-17.6163864136
1791475622.169751,,,,,,,,,,,,,,,,,,-0.0110225668177,-0.145801559091,-0.00729970587417,0,-0.217700466514,0.0483278669417,-0.0224604383111,-0.0157118476927,-0.0109399529174,-0.00157122057863,0.0176608562469,-0.217700466514,17.6989765167,3,0,0,9.50507926941,0.151256397367,0.166182801127,0.0868744850159,0.0539359562099,-0.413232028484,1,8,7.56531007937e-05,0.21796323359,47.3979706897,8.5461636713,4444000,2.07176017284e-05,1.79147562217e+15,1.79147562217e+15,-2.04670858383,1,1,0.000944811850786,3,-0.145555630326,-0.000802687194664,2,12.0034141541,1,4,1,79.5759735107,-17.6163482666,-0.00787026062608,1,3,1,,-17.6163482666
1791475622.178921,0,0,0,0,0,0,0,2,0,0,0,0,0,1.79147562218e+15,1.79147562218e+15,1,0,,,,,,,,,,,,,,,,,,,,,,,,,,,,,,,,,,,,,,,,,,,,,,,,,,,0,
1791475622.181611,,,,,,,,,,,,,,,,,,-0.0138972224668,-0.154850259423,-0.000718515308108,0,-0.217700466514,0.0483278669417,-0.0224604383111,-0.0157118476927,-0.0109399529174,-0.00157122057863,0.0176608562469,-0.217700466514,17.6989402771,3,0,0,9.50667953491,0.151672720909,0.166442498565,0.0871761068702,0.0540123097599,-0.41323786974,1,8,7.57196685299e-05,0.21796323359,47.3979706897,8.5461636713,4444000,2.07633820537e-05,1.79147562217e+15,1.79147562217e+15,-2.04671263695,1,1,0.00084718328435,3,-0.146251812577,-0.000777017616201,2,12.0034418106,1,4,1,79.5755691528,-17.6163101196,-0.0077629731968,1,3,1,,-17.6163101196
1791475622.189997,,,,,,,,,,,,,,,,,,-0.0116766486317,-0.148842573166,-0.0102221956477,0,-0.217700466514,0.0483278669417,-0.0224604383111,-0.0157118476927,-0.0109399529174,-0.00157122057863,0.0176608562469,-0.217700466514,17.6989059448,3,0,0,9.50827980042,0.15209171176,0.166702911258,0.0874779447913,0.0540885701776,-0.413235604763,1,8,7.57863017498e-05,0.21796323359,47.3979706897,8.5461636713,4444000,2.08092042158e-05,1.79147562218e+15,1.79147562218e+15,-2.04670858383,1,1,0.000767464400269,3,-0.146914556623,-0.000828017422464,2,12.0034713745,1,4,1,79.5751495361,-17.6162719727,-0.00773299578577,1,3,1,,-17.6162719727
1791475622.201785,,,,,,,,,,,,,,,,,,-0.0138497790322,-0.151701748371,-0.0103260381147,0,-0.217700466514,0.0483278669417,-0.0224604383111,-0.0157118476927,-0.0109399529174,-0.00157122057863,0.0176608562469,-0.217700466514,17.6997375488,3,0,0,9.51148033142,0.151203617454,0.16606540978,0.0868234410882,0.0539144352078,-0.413230717182,1,8,7.58698297432e-05,0.21796323359,47.3979706897,8.5461636713,4444000,2.07136217796e-05,1.7914756222e+15,1.7914756222e+15,-2.04670000076,1,1,0.000561613123864,3,-0.14820677042,-0.00101204996463,2,12.0035085678,1,4,1,79.5743484497,-17.6162528992,-0.00781406275928,1,3,1,,-17.6162528992
1791475622.209807,,,,,,,,,,,,,,,,,,-0.0127087906003,-0.144105926156,-0.0209631379694,0,-0.217700466514,0.0483278669417,-0.0224604383111,-0.0157118476927,-0.0109399529174,-0.00157122057863,0.0176608562469,-0.217700466514,17.6997051239,3,0,0,9.51308059692,0.151619553566,0.166324883699,0.0871251598001,0.0539908185601,-0.413230031729,1,8,7.59365866543e-05,0.21796323359,47.3979706897,8.5461636713,4444000,2.07593948289e-05,1.79147562221e+15,1.79147562221e+15,-2.04669737816,1,1,0.00046977258171,3,-0.148820117116,-0.00115385581739,2,12.003528595,1,4,1,79.5739212036,-17.6162433624,-0.00790380407125,1,3,1,,-17.6162433624
1791475622.218237,0,0,0,0,0,0,0,2,0,0,0,0,0,1.79147562222e+15,1.79147562222e+15,1,0,,,,,,,,,,,,,,,,,,,,,,,,,,,,,,,,,,,,,,,,,,,,,,,,,,,0,
1791475622.221452,,,,,,,,,,,,,,,,,,-0.0204640552402,-0.142843186855,-0.0229733977467,0,-0.217700466514,0.0483278669417,-0.0224604383111,-0.0157118476927,-0.0109399529174,-0.00157122057863,0.0176608562469,-0.217700466514,17.6996746063,3,0,0,9.51468086243,0.152038156986,0.166585072875,0.087427161634,0.0540671050549,-0.413221657276,1,8,7.6003416325e-05,0.21796323359,47.3979706897,8.5461636713,4444000,2.0805211534e-05,1.79147562221e+15,1.79147562221e+15,-2.04668712616,1,1,0.00031613415922,3,-0.14943793416,-0.00131222896744,2,12.0035495758,1,4,1,79.5734710693,-17.6162338257,-0.00800979137421,1,3,1,,-17.6162338257
1791475622.229818,,,,,,,,,,,,,,,,,,-0.0206171087921,-0.148950204253,-0.00829715188593,0,-0.217700466514,0.0483278669417,-0.0224604383111,-0.0157118476927,-0.0109399529174,-0.00157122057863,0.0176608562469,-0.217700466514,17.700214386,3,0,0,9.51628112793,0.150739356875,0.165875419974,0.0864750519395,0.0538386069238,-0.413216888905,1,8,7.60558250477e-05,0.21796323359,47.3979706897,8.5461636713,4444000,2.06662843993e-05,1.79147562222e+15,1.79147562222e+15,-2.04668045044,1,1,0.000152703258209,3,-0.150071933866,-0.00135822920129,2,12.0035543442,1,4,1,79.5730514526,-17.6162414551,-0.00802178494632,1,3,1,,-17.6162414551
1791475622.241683,,,,,,,,,,,,,,,,,,-0.0145795522258,-0.135088607669,-0.0273482855409,0,-0.217700466514,0.0483278669417,-0.0224604383111,-0.0157118476927,-0.0109399529174,-0.00157122057863,0.0176608562469,-0.217700466514,17.7001571655,3,0,0,9.51948165894,0.151567816734,0.166393741965,0.087077870965,0.0539914555848,-0.413227260113,1,8,7.61898554629e-05,0.21796323359,47.3979706897,8.5461636713,4444000,2.07578050322e-05,1.79147562224e+15,1.79147562224e+15,-2.04668712616,1,1,-4.11817163695e-05,3,-0.151216104627,-0.001621121075,2,12.0035667419,1,4,1,79.5721435547,-17.6162567139,-0.00821390654892,1,3,1,,-17.6162567139
1791475622.249705,,,,,,,,,,,,,,,,,,-0.0138679491356,-0.138270437717,-0.0190744157881,0,-0.217700466514,0.0483278669417,-0.0224604383111,-0.0157118476927,-0.0109399529174,-0.00157122057863,0.0176608562469,-0.217700466514,17.7001285553,3,0,0,9.52108192444,0.151986062527,0.166654005647,0.0873799473047,0.0540677271783,-0.413229435682,1,8,7.62569397921e-05,0.21796323359,47.3979706897,8.5461636713,4444000,2.08036126423e-05,1.79147562225e+15,1.79147562225e+15,-2.046687603,1,1,-0.000149249492097,3,-0.151808649302,-0.00175429473165,2,12.0035762787,1,4,1,79.5716629028,-17.6162643433,-0.00831035710871,1,3,1,,-17.6162643433
1791475622.258959,0,0,0,0,0,0,0,2,0,0,0,0,0,1.79147562226e+15,1.79147562226e+15,1,0,,,,,,,,,,,,,,,,,,,,,,,,,,,,,,,,,,,,,,,,,,,,,,,,,,,0,
1791475622.261629,,,,,,,,,,,,,,,,,,-0.0113232033327,-0.13372156024,-0.0113374544308,0,-0.217700466514,0.0483278669417,-0.0224604383111,-0.0157118476927,-0.0109399529174,-0.00157122057863,0.0176608562469,-0.217700466514,17.7008342743,3,0,0,9.52268218994,0.150689318776,0.165758788586,0.0864299684763,0.0538175664842,-0.413224875927,1,8,7.63104617363e-05,0.21796323359,47.3979706897,8.5461636713,4444000,2.06649547181e-05,1.79147562225e+15,1.79147562225e+15,-2.04668140411,1,1,-0.000247862190008,3,-0.152325242758,-0.0018309209263,2,12.0035648346,1,4,1,79.5712203979,-17.6162948608,-0.00837337132543,1,3,1,,-17.6162948608
1791475622.270128,,,,,,,,,,,,,,,,,,-0.0218509007245,-0.131291911006,-0.0172746349126,0,-0.217700466514,0.0483278669417,-0.0224604383111,-0.0157118476927,-0.0109399529174,-0.00157122057863,0.0176608562469,-0.217700466514,17.7008094788,3,0,0,9.52428245544,0.151101440191,0.166017353535,0.0867293700576,0.0538940578699,-0.413229256868,1,8,7.6342432294e-05,0.21796323359,47.3979706897,8.5461636713,4444000,2.07086195587e-05,1.79147562226e+15,1.79147562226e+15,-2.04668402672,1,1,-0.000432695087511,3,-0.152836695313,-0.00195518229157,2,12.0035533905,1,4,1,79.5707550049,-17.6163234711,-0.00848240684718,1,3,1,,-17.6163234711
1791475622.281746,,,,,,,,,,,,,,,,,,-0.0197833459824,-0.134002000093,-0.0123972995207,0,-0.217700466514,0.0483278669417,-0.0224604383111,-0.0157118476927,-0.0109399529174,-0.00157122057863,0.0176608562469,-0.217700466514,17.7007598877,3,0,0,9.52748298645,0.15193451941,0.166536659002,0.0873327478766,0.0540467463434,-0.413226306438,1,8,7.64769647503e-05,0.21796323359,47.3979706897,8.5461636713,4444000,2.08001947613e-05,1.79147562228e+15,1.79147562228e+15,-2.046677351,1,1,-0.000708249164745,3,-0.153950959444,-0.00212206528522,2,12.0035352707,1,4,1,79.5697631836,-17.6163787842,-0.0086141852662,1,3,1,,-17.6163787842
1791475622.289591,,,,,,,,,,,,,,,,,,-0.0129361636937,-0.133161440492,-0.00681355549023,0,-0.217700466514,0.0483278669417,-0.0224604383111,-0.0157118476927,-0.0109399529174,-0.00157122057863,0.0176608562469,-0.217700466514,17.7014007568,3,0,0,9.52908325195,0.150639817119,0.165827855468,0.086384691298,0.0538186654449,-0.413224607706,1,8,7.65314543969e-05,0.21796323359,47.3979706897,8.5461636713,4444000,2.06618242373e-05,1.79147562229e+15,1.79147562229e+15,-2.04667377472,1,1,-0.000828267191537,3,-0.154460921884,-0.00216864119284,2,12.0035095215,1,4,1,79.5693054199,-17.6164245605,-0.00866280775517,1,3,1,,-17.6164245605
1791475622.299469,0,0,0,0,0,0,0,2,0,0,0,0,0,1.7914756223e+15,1.7914756223e+15,1,0,,,,,,,,,,,,,,,,,,,,,,,,,,,,,,,,,,,,,,,,,,,,,,,,,,,0,
1791475622.302094,,,,,,,,,,,,,,,,,,-0.0132151031867,-0.126366972923,-0.00306032574736,0,-0.217700466514,0.0483278669417,-0.0224604383111,-0.0157118476927,-0.0109399529174,-0.00157122057863,0.0176608562469,-0.217700466514,17.701379776,3,0,0,9.53068351746,0.15105201304,0.166086480021,0.0866859257221,0.0538951456547,-0.413229107857,1,8,7.65988806961e-05,0.21796323359,47.3979706897,8.5461636713,4444000,2.0707546355e-05,1.79147562229e+15,1.79147562229e+15,-2.04667615891,1,1,-0.000949571083765,3,-0.154931560159,-0.00218516681343,2,12.0034856796,1,4,1,79.5688171387,-17.6164703369,-0.00867925025523,1,3,1,,-17.6164703369
1791475622.309904,,,,,,,,,,,,,,,,,,-0.00934766884893,-0.126374796033,-0.0154892904684,0,-0.217700466514,0.0483278669417,-0.0224604383111,-0.0157118476927,-0.0109399529174,-0.00157122057863,0.0176608562469,-0.217700466514,17.7013587952,3,0,0,9.53228378296,0.151466861367,0.166345834732,0.0869875773787,0.0539715327322,-0.413227528334,1,8,7.66663943068e-05,0.21796323359,47.3979706897,8.5461636713,4444000,2.07533157663e-05,1.7914756223e+15,1.7914756223e+15,-2.04667282104,1,1,-0.00103902129922,3,-0.155416876078,-0.00230110110715,2,12.0034637451,1,4,1,79.568321228,-17.6165142059,-0.00879302062094,1,3,1,,-17.6165142059
1791475622.321593,,,,,,,,,,,,,,,,,,-0.0132879884914,-0.130184650421,-0.007625203114,0,-0.217700466514,0.0483278669417,-0.0224604383111,-0.0157118476927,-0.0109399529174,-0.00157122057863,0.0176608562469,-0.217700466514,17.7024459839,3,0,0,9.53548431396,0.150591641665,0.16571226716,0.0863432884216,0.0537982843816,-0.413229674101,1,8,7.67895253375e-05,0.21796323359,47.3979706897,8.5461636713,4444000,2.06609875022e-05,1.79147562232e+15,1.79147562232e+15,-2.04667139053,1,1,-0.00123702315614,3,-0.156397730112,-0.00245908275247,2,12.0034132004,1,4,1,79.5673370361,-17.6166419983,-0.00898565538228,1,3,1,,-17.6166419983
1791475622.329623,,,,,,,,,,,,,,,,,,-0.00783985853195,-0.134032294154,-0.0074123959057,0,-0.217700466514,0.0483278669417,-0.0224604383111,-0.0157118476927,-0.0109399529174,-0.00157122057863,0.0176608562469,-0.217700466514,17.7024307251,3,0,0,9.53708457947,0.15100350976,0.165970683098,0.0866443067789,0.0538747981191,-0.413225501776,1,8,7.68572790548e-05,0.21796323359,47.3979706897,8.5461636713,4444000,2.07067241718e-05,1.79147562233e+15,1.79147562233e+15,-2.04666543007,1,1,-0.00131842424162,3,-0.156913459301,-0.00252145179547,2,12.0033836365,1,4,1,79.5668487549,-17.6167163849,-0.00907567236573,1,3,1,,-17.6167163849
1791475622.339301,0,0,0,0,0,0,0,2,0,0,0,0,0,1.79147562234e+15,1.79147562234e+15,1,0,-0.0177907347679,-0.12947127223,-0.00644568307325,0,-0.217700466514,0.0483278669417,-0.0224604383111,-0.0157118476927,-0.0109399529174,-0.00157122057863,0.0176608562469,-0.217700466514,17.7024154663,3,0,0,9.53868484497,0.151417613029,0.166229814291,0.086944013834,0.0539512038231,-0.413224041462,1,8,7.6889009506e-05,0.21796323359,47.3979706897,8.5461636713,4444000,2.07504090213e-05,1.79147562233e+15,1.79147562233e+15,-2.04666233063,1,1,-0.0014812075533,3,-0.15740711987,-0.00257573765703,2,12.0033540726,1,4,1,79.5663528442,-17.6167869568,-0.00915457773954,1,3,1,0,-17.6167869568
1791475622.349658,,,,,,,,,,,,,,,,,,-0.00844940263778,-0.123079784214,-0.00364100537263,0,-0.217700466514,0.0483278669417,-0.0224604383111,-0.0157118476927,-0.0109399529174,-0.00157122057863,0.0176608562469,-0.217700466514,17.7024002075,3,0,0,9.54028511047,0.151834800839,0.166489675641,0.087246067822,0.0540275163949,-0.413218379021,1,8,7.6956806879e-05,0.21796323359,47.3979706897,8.5461636713,4444000,2.07962148124e-05,1.79147562234e+15,1.79147562234e+15,-2.04665470123,1,1,-0.00156823312864,3,-0.157864332199,-0.00260725920089,2,12.003326416,1,4,1,79.565826416,-17.6168575287,-0.00920776184648,1,3,1,,-17.6168575287
1791475622.361917,,,,,,,,,,,,,,,,,,-0.0075239315629,-0.120979264379,-0.00833440478891,0,-0.217700466514,0.0483278669417,-0.0224604383111,-0.0157118476927,-0.0109399529174,-0.00157122057863,0.0176608562469,-0.217700466514,17.7030525208,3,0,0,9.54348564148,0.150947853923,0.166037887335,0.086590833962,0.0538744181395,-0.413214921951,1,8,7.70812403061e-05,0.21796323359,47.3979706897,8.5461636713,4444000,2.07016819331e-05,1.79147562236e+15,1.79147562236e+15,-2.04664754868,1,1,-0.00174051581416,3,-0.158722326159,-0.00273452699184,2,12.003279686,1,4,1,79.5648040771,-17.6170120239,-0.00939243566245,1,3,1,,-17.6170120239
1791475622.369932,,,,,,,,,,,,,,,,,,-0.0151497526094,-0.116625122726,-0.00554183451459,0,-0.217700466514,0.0483278669417,-0.0224604383111,-0.0157118476927,-0.0109399529174,-0.00157122057863,0.0176608562469,-0.217700466514,17.703042984,3,0,0,9.54508590698,0.151361957192,0.166297063231,0.0868925899267,0.0539508238435,-0.413221776485,1,8,7.71492268541e-05,0.21796323359,47.3979706897,8.5461636713,4444000,2.07474404306e-05,1.79147562237e+15,1.79147562237e+15,-2.04665255547,1,1,-0.00187176046893,3,-0.159100487828,-0.00278807897121,2,12.0032615662,1,4,1,79.5642929077,-17.6170978546,-0.00948111526668,1,3,1,,-17.6170978546
1791475622.378801,0,0,0,0,0,0,0,2,0,0,0,0,0,1.79147562238e+15,1.79147562238e+15,1,0,,,,,,,,,,,,,,,,,,,,,,,,,,,,,,,,,,,,,,,,,,,,,,,,,,,0,
1791475622.381714,,,,,,,,,,,,,,,,,,-0.0163333714008,-0.113166034222,-0.00482005951926,0,-0.217700466514,0.0483278669417,-0.0224604383111,-0.0157118476927,-0.0109399529174,-0.00157122057863,0.0176608562469,-0.217700466514,17.7042636871,3,0,0,9.54668617249,0.151778742671,0.166370421648,0.087194390595,0.0540051981807,-0.413218557835,1,8,7.72172861616e-05,0.21796323359,47.3979706897,8.5461636713,4444000,2.07932389458e-05,1.79147562237e+15,1.79147562237e+15,-2.04664754868,1,1,-0.00201167422347,3,-0.159465879202,-0.00284304423258,2,12.0032444,1,4,1,79.5637741089,-17.6172180176,-0.00960795674473,1,3,1,,-17.6172180176
1791475622.389738,,,,,,,,,,,,,,,,,,-0.0160428211093,-0.117127284408,-0.00634929118678,0,-0.217700466514,0.0483278669417,-0.0224604383111,-0.0157118476927,-0.0109399529174,-0.00157122057863,0.0176608562469,-0.217700466514,17.7042579651,3,0,0,9.54828643799,0.152198180556,0.166630774736,0.0874965414405,0.0540814362466,-0.413218647242,1,8,7.72854182287e-05,0.21796323359,47.3979706897,8.5461636713,4444000,2.08390811167e-05,1.79147562238e+15,1.79147562238e+15,-2.04664587975,1,1,-0.00214854697697,3,-0.159877568483,-0.00290952483192,2,12.0032281876,1,4,1,79.5632324219,-17.6173362732,-0.00974169187248,1,3,1,,-17.6173362732
1791475622.401891,,,,,,,,,,,,,,,,,,-0.018846206367,-0.112062945962,-0.000119674943562,0,-0.217700466514,0.0483278669417,-0.0224604383111,-0.0157118476927,-0.0109399529174,-0.00157122057863,0.0176608562469,-0.217700466514,17.7046775818,3,0,0,9.55148696899,0.151307359338,0.166179269552,0.0868431329727,0.0539290942252,-0.413221985102,1,8,7.7411197708e-05,0.21796323359,47.3979706897,8.5461636713,4444000,2.07447737921e-05,1.7914756224e+15,1.7914756224e+15,-2.04664611816,1,1,-0.0023685041815,3,-0.160503908992,-0.0029986272566,2,12.0032367706,1,4,1,79.5622177124,-17.6175918579,-0.00997940730304,1,3,1,,-17.6175918579
1791475622.409520,,,,,,,,,,,,,,,,,,-0.0145745314658,-0.110708072782,0.00346777937375,0,-0.217700466514,0.0483278669417,-0.0224604383111,-0.0157118476927,-0.0109399529174,-0.00157122057863,0.0176608562469,-0.217700466514,17.7046756744,3,0,0,9.5530872345,0.15172329545,0.166438952088,0.0871431007981,0.0540054216981,-0.413220703602,1,8,7.7442615293e-05,0.21796323359,47.3979706897,8.5461636713,4444000,2.07884768315e-05,1.79147562241e+15,1.79147562241e+15,-2.04664349556,1,1,-0.00247672805563,3,-0.160846427083,-0.00298746861517,2,12.0032405853,1,4,1,79.5616836548,-17.6177120209,-0.0100354533643,1,3,1,,-17.6177120209
1791475622.418890,0,0,0,0,0,0,0,2,0,0,0,0,0,1.79147562242e+15,1.79147562242e+15,1,0,,,,,,,,,,,,,,,,,,,,,,,,,,,,,,,,,,,,,,,,,,,,,,,,,,,0,
1791475622.421509,,,,,,,,,,,,,,,,,,-0.0146646155044,-0.110756881535,-0.000870786549058,0,-0.217700466514,0.0483278669417,-0.0224604383111,-0.0157118476927,-0.0109399529174,-0.00157122057863,0.0176608562469,-0.217700466514,17.7046756744,3,0,0,9.5546875,0.152142345905,0.166699364781,0.0874453485012,0.0540816485882,-0.413215309381,1,8,7.75109801907e-05,0.21796323359,47.3979706897,8.5461636713,4444000,2.08343190025e-05,1.79147562241e+15,1.79147562241e+15,-2.04663658142,1,1,-0.00258544483222,3,-0.161204054952,-0.00301029556431,2,12.0032444,1,4,1,79.561126709,-17.6178302765,-0.0101209711283,1,3,1,,-17.6178302765
1791475622.429875,,,,,,,,,,,,,,,,,,-0.0133964791894,-0.11055201292,0.00284193060361,0,-0.217700466514,0.0483278669417,-0.0224604383111,-0.0157118476927,-0.0109399529174,-0.00157122057863,0.0176608562469,-0.217700466514,17.7050743103,3,0,0,9.5562877655,0.150840044022,0.165987864137,0.0864921957254,0.0538527928293,-0.413216501474,1,8,7.75694061304e-05,0.21796323359,47.3979706897,8.5461636713,4444000,2.06945878745e-05,1.79147562242e+15,1.79147562242e+15,-2.046636343,1,1,-0.00266364519484,3,-0.161516904831,-0.00300676515326,2,12.0032711029,1,4,1,79.5606155396,-17.6179561615,-0.0101888766512,1,3,1,,-17.6179561615
1791475622.441938,,,,,,,,,,,,,,,,,,-0.012016300112,-0.10547991842,-0.00302866077982,0,-0.217700466514,0.0483278669417,-0.0224604383111,-0.0157118476927,-0.0109399529174,-0.00157122057863,0.0176608562469,-0.217700466514,17.7045783997,3,0,0,9.55948829651,0.151669338346,0.16632078588,0.0870953425765,0.0539838261902,-0.413223147392,1,8,7.77064196882e-05,0.21796323359,47.3979706897,8.5461636713,4444000,2.07861339732e-05,1.79147562244e+15,1.79147562244e+15,-2.04664087296,1,1,-0.00282442290336,3,-0.162072822452,-0.00305032450706,2,12.0033245087,1,4,1,79.5595245361,-17.6181659698,-0.0103292949498,1,3,1,,-17.6181659698
1791475622.449690,,,,,,,,,,,,,,,,,,-0.0178071446717,-0.101707182825,0.00643124757335,0,-0.217700466514,0.0483278669417,-0.0224604383111,-0.0157118476927,-0.0109399529174,-0.00157122057863,0.0176608562469,-0.217700466514,17.704580307,3,0,0,9.56108856201,0.152087986469,0.166580960155,0.0873972550035,0.0540600754321,-0.41322851181,1,8,7.77750028647e-05,0.21796323359,47.3979706897,8.5461636713,4444000,2.08319579542e-05,1.79147562245e+15,1.79147562245e+15,-2.04664516449,1,1,-0.00293884472921,3,-0.162360161543,-0.00301281036809,2,12.0033521652,1,4,1,79.5589599609,-17.6182670593,-0.0103343427181,1,3,1,,-17.6182670593
1791475622.459084,0,0,0,0,0,0,0,2,0,0,0,0,0,1.79147562246e+15,1.79147562246e+15,1,0,-0.0151496501639,-0.0986415892839,0.00543659506366,0,-0.217700466514,0.0483278669417,-0.0224604383111,-0.0157118476927,-0.0109399529174,-0.00157122057863,0.0176608562469,-0.217700466514,17.7050132751,3,0,0,9.56268882751,0.150787860155,0.165871366858,0.0864462628961,0.0538317523897,-0.413227021694,1,8,7.78343237471e-05,0.21796323359,47.3979706897,8.5461636713,4444000,2.06925105886e-05,1.79147562245e+15,1.79147562245e+15,-2.04664254189,1,1,-0.00302148959599,3,-0.16259098053,-0.00298766116612,2,12.0033884048,1,4,1,79.5584106445,-17.6183776855,-0.0103622702882,1,3,1,0,-17.6183776855
1791475622.469799,,,,,,,,,,,,,,,,,,-0.0117220981047,-0.104183807969,-0.000239349887124,0,-0.217700466514,0.0483278669417,-0.0224604383111,-0.0157118476927,-0.0109399529174,-0.00157122057863,0.0176608562469,-0.217700466514,17.7050189972,3,0,0,9.56428909302,0.151200801134,0.166130140424,0.0867477059364,0.0539081953466,-0.413229286671,1,8,7.79030669946e-05,0.21796323359,47.3979706897,8.5461636713,4444000,2.073826181e-05,1.79147562246e+15,1.79147562246e+15,-2.04664373398,1,1,-0.00307728722692,3,-0.162881240249,-0.00300715025514,2,12.0034255981,1,4,1,79.5578536987,-17.6184844971,-0.0104307467118,1,3,1,,-17.6184844971
1791475622.481803,,,,,,,,,,,,,,,,,,-0.00901081133634,-0.100888639688,0.00116461876314,0,-0.217700466514,0.0483278669417,-0.0224604383111,-0.0157118476927,-0.0109399529174,-0.00157122057863,0.0176608562469,-0.217700466514,17.7050304413,3,0,0,9.56748962402,0.152034237981,0.166649892926,0.0873495787382,0.054060805589,-0.413239210844,1,8,7.80030459282e-05,0.21796323359,47.3979706897,8.5461636713,4444000,2.08277851925e-05,1.79147562248e+15,1.79147562248e+15,-2.04665207863,1,1,-0.00318019650877,3,-0.163434416056,-0.00302052334882,2,12.0034980774,1,4,1,79.5566711426,-17.6186885834,-0.0105302697048,1,3,1,,-17.6186885834
1791475622.489868,,,,,,,,,,,,,,,,,,-0.0106526967138,-0.0959727019072,-0.00179233017843,0,-0.217700466514,0.0483278669417,-0.0224604383111,-0.0157118476927,-0.0109399529174,-0.00157122057863,0.0176608562469,-0.217700466514,17.7049655914,3,0,0,9.56908988953,0.150736242533,0.165939241648,0.0864004939795,0.0538323894143,-0.413243323565,1,8,7.80631889938e-05,0.21796323359,47.3979706897,8.5461636713,4444000,2.06886452361e-05,1.79147562249e+15,1.79147562249e+15,-2.04665517807,1,1,-0.00322820595466,3,-0.163648605347,-0.00304770492949,2,12.0035362244,1,4,1,79.5561065674,-17.6187839508,-0.0105923339725,1,3,1,,-17.6187839508
1791475622.499099,0,0,0,0,0,0,0,2,0,0,0,0,0,1.7914756225e+15,1.7914756225e+15,1,0,,,,,,,,,,,,,,,,,,,,,,,,,,,,,,,,,,,,,,,,,,,,,,,,,,,0,
1791475622.501802,,,,,,,,,,,,,,,,,,-0.0113622331992,-0.0900277718902,0.0164443608373,0,-0.217700466514,0.0483278669417,-0.0224604383111,-0.0157118476927,-0.0109399529174,-0.00157122057863,0.0176608562469,-0.217700466514,17.7051677704,3,0,0,9.57069015503,0.151148810983,0.166012719274,0.086701720953,0.0538871139288,-0.413240969181,1,8,7.81321359682e-05,0.21796323359,47.3979706897,8.5461636713,4444000,2.07343873626e-05,1.79147562249e+15,1.79147562249e+15,-2.04665184021,1,1,-0.00328241940588,3,-0.1638302356,-0.00292961136438,2,12.0035743713,1,4,1,79.5555267334,-17.6188831329,-0.0105119915679,1,3,1,,-17.6188831329
1791475622.509670,,,,,,,,,,,,,,,,,,-0.0105882175267,-0.0919163972139,0.0106766810641,0,-0.217700466514,0.0483278669417,-0.0224604383111,-0.0157118476927,-0.0109399529174,-0.00157122057863,0.0176608562469,-0.217700466514,17.7051753998,3,0,0,9.57229042053,0.151564046741,0.166271999478,0.0870033279061,0.0539634861052,-0.413246303797,1,8,7.82011557021e-05,0.21796323359,47.3979706897,8.5461636713,4444000,2.07801713259e-05,1.7914756225e+15,1.7914756225e+15,-2.04665613174,1,1,-0.00333096529357,3,-0.164041548967,-0.00285703246482,2,12.0036125183,1,4,1,79.5549240112,-17.618976593,-0.0104735586792,1,3,1,,-17.618976593
1791475622.521660,,,,,,,,,,,,,,,,,,-0.00537492986768,-0.0897968783975,0.00252248696052,0,-0.217700466514,0.0483278669417,-0.0224604383111,-0.0157118476927,-0.0109399529174,-0.00157122057863,0.0176608562469,-0.217700466514,17.704864502,3,0,0,9.57549095154,0.150685995817,0.16582326591,0.0863581374288,0.0538118593395,-0.413239300251,1,8,7.83312207204e-05,0.21796323359,47.3979706897,8.5461636713,4444000,2.06870972761e-05,1.79147562252e+15,1.79147562252e+15,-2.04664754868,1,1,-0.00339321326464,3,-0.16444838047,-0.00286222388968,2,12.0036869049,1,4,1,79.5537338257,-17.619146347,-0.0105256447569,1,3,1,,-17.619146347
1791475622.529868,,,,,,,,,,,,,,,,,,-0.0149215143174,-0.0882792472839,0.0109635284171,0,-0.217700466514,0.0483278669417,-0.0224604383111,-0.0157118476927,-0.0109399529174,-0.00157122057863,0.0176608562469,-0.217700466514,17.7048721313,3,0,0,9.57709121704,0.15109822154,0.166081875563,0.0866593718529,0.0538883209229,-0.413234561682,1,8,7.84004223533e-05,0.21796323359,47.3979706897,8.5461636713,4444000,2.07328339457e-05,1.79147562253e+15,1.79147562253e+15,-2.04664206505,1,1,-0.00348024722189,3,-0.164614886045,-0.00277998228557,2,12.0037240982,1,4,1,79.5531387329,-17.6192207336,-0.0104567827657,1,3,1,,-17.6192207336
1791475622.539521,0,0,0,0,0,0,0,2,0,0,0,0,0,1.79147562254e+15,1.79147562254e+15,1,0,-0.00973788276315,-0.0856085941195,0.00760378269479,0,-0.217700466514,0.0483278669417,-0.0224604383111,-0.0157118476927,-0.0109399529174,-0.00157122057863,0.0176608562469,-0.217700466514,17.7048797607,3,0,0,9.57869148254,0.151513114572,0.166341215372,0.0869609862566,0.0539646856487,-0.413238078356,1,8,7.84697040217e-05,0.21796323359,47.3979706897,8.5461636713,4444000,2.0778614271e-05,1.79147562253e+15,1.79147562253e+15,-2.04664468765,1,1,-0.0035262145102,3,-0.164774671197,-0.0027242237702,2,12.0037603378,1,4,1,79.5525283813,-17.6192932129,-0.0104116201401,1,3,1,0,-17.6192932129
1791475622.549733,,,,,,,,,,,,,,,,,,-0.00716909812763,-0.0889641493559,0.0043967734091,0,-0.217700466514,0.0483278669417,-0.0224604383111,-0.0157118476927,-0.0109399529174,-0.00157122057863,0.0176608562469,-0.217700466514,17.7048873901,3,0,0,9.58029174805,0.151930227876,0.166601285338,0.0872610658407,0.0540409460664,-0.413238942623,1,8,7.85006341175e-05,0.21796323359,47.3979706897,8.5461636713,4444000,2.08223300433e-05,1.79147562254e+15,1.79147562254e+15,-2.04664492607,1,1,-0.00355517142452,3,-0.164974942803,-0.00269372249022,2,12.0037956238,1,4,1,79.5519104004,-17.6193618774,-0.0103890113533,1,3,1,,-17.6193618774
1791475622.561902,,,,,,,,,,,,,,,,,,-0.00737109035254,-0.0892276391387,0.000729691179004,0,-0.217700466514,0.0483278669417,-0.0224604383111,-0.0157118476927,-0.0109399529174,-0.00157122057863,0.0176608562469,-0.217700466514,17.7037334442,3,0,0,9.58349227905,0.151048183441,0.165965542197,0.0866167321801,0.0538678988814,-0.41324275732,1,8,7.86317832535e-05,0.21796323359,47.3979706897,8.5461636713,4444000,2.07294324355e-05,1.79147562256e+15,1.79147562256e+15,-2.04664731026,1,1,-0.00362466252409,3,-0.165300518274,-0.00264600524679,2,12.003865242,1,4,1,79.5507202148,-17.6194190979,-0.0102735403925,1,3,1,,-17.6194190979
1791475622.569676,,,,,,,,,,,,,,,,,,-0.0121916467324,-0.0814346820116,0.0042975875549,0,-0.217700466514,0.0483278669417,-0.0224604383111,-0.0157118476927,-0.0109399529174,-0.00157122057863,0.0176608562469,-0.217700466514,17.7037372589,3,0,0,9.58509254456,0.151462718844,0.166224658489,0.0869181975722,0.053944285959,-0.41324108839,1,8,7.87012613728e-05,0.21796323359,47.3979706897,8.5461636713,4444000,2.07752036658e-05,1.79147562257e+15,1.79147562257e+15,-2.04664468765,1,1,-0.0036983853206,3,-0.165425598621,-0.00260282657109,2,12.003900528,1,4,1,79.5501022339,-17.6194458008,-0.0101947551593,1,3,1,,-17.6194458008
1791475622.579020,0,0,0,0,0,0,0,2,0,0,0,0,0,1.79147562258e+15,1.79147562258e+15,1,0,,,,,,,,,,,,,,,,,,,,,,,,,,,,,,,,,,,,,,,,,,,,,,,,,,,0,
1791475622.581608,,,,,,,,,,,,,,,,,,-0.0115868123248,-0.0828174203634,0.0035651025828,0,-0.217700466514,0.0483278669417,-0.0224604383111,-0.0157118476927,-0.0109399529174,-0.00157122057863,0.0176608562469,-0.217700466514,17.7037410736,3,0,0,9.58669281006,0.151879921556,0.166484504938,0.0872199162841,0.054020576179,-0.413244336843,1,8,7.87708049756e-05,0.21796323359,47.3979706897,8.5461636713,4444000,2.0821016733e-05,1.79147562257e+15,1.79147562257e+15,-2.04664731026,1,1,-0.00376746035181,3,-0.165576055646,-0.00256552686915,2,12.0039358139,1,4,1,79.5494689941,-17.6194705963,-0.0101207662374,1,3,1,,-17.6194705963
1791475622.589884,,,,,,,,,,,,,,,,,,-0.018378758803,-0.0813798755407,0.0078980801627,0,-0.217700466514,0.0483278669417,-0.0224604383111,-0.0157118476927,-0.0109399529174,-0.00157122057863,0.0176608562469,-0.217700466514,17.7036018372,3,0,0,9.58829307556,0.150587946177,0.165776595473,0.0862763226032,0.0537930801511,-0.413240879774,1,8,7.88333563833e-05,0.21796323359,47.3979706897,8.5461636713,4444000,2.06826225622e-05,1.79147562258e+15,1.79147562258e+15,-2.04664325714,1,1,-0.00388918700628,3,-0.165669113398,-0.002489507664,2,12.0039739609,1,4,1,79.5488739014,-17.6194877625,-0.0100020579994,1,3,1,,-17.6194877625
1791475622.601743,,,,,,,,,,,,,,,,,,-0.0205236524343,-0.0792583972216,0.0091418614611,0,-0.217700466514,0.0483278669417,-0.0224604383111,-0.0157118476927,-0.0109399529174,-0.00157122057863,0.0176608562469,-0.217700466514,17.7036094666,3,0,0,9.59149360657,0.151413708925,0.166294232011,0.0868787914515,0.0539459325373,-0.413240611553,1,8,7.89728073869e-05,0.21796323359,47.3979706897,8.5461636713,4444000,2.07741286431e-05,1.7914756226e+15,1.7914756226e+15,-2.04664182663,1,1,-0.00404933234677,3,-0.165868937969,-0.00228587305173,2,12.0040493011,1,4,1,79.5476379395,-17.6195201874,-0.00971074402332,1,3,1,,-17.6195201874
1791475622.609696,,,,,,,,,,,,,,,,,,-0.00900470092893,-0.0785074606538,0.0130357211456,0,-0.217700466514,0.0483278669417,-0.0224604383111,-0.0157118476927,-0.0109399529174,-0.00157122057863,0.0176608562469,-0.217700466514,17.7036113739,3,0,0,9.59309387207,0.151830583811,0.166554152966,0.0871804282069,0.0540222078562,-0.413238763809,1,8,7.90426347521e-05,0.21796323359,47.3979706897,8.5461636713,4444000,2.08199435292e-05,1.79147562261e+15,1.79147562261e+15,-2.04663944244,1,1,-0.00409673899412,3,-0.165983304381,-0.00216915411875,2,12.0040864944,1,4,1,79.5469894409,-17.6195316315,-0.00954906921834,1,3,1,,-17.6195316315
1791475622.619011,0,0,0,0,0,0,0,2,0,0,0,0,0,1.79147562262e+15,1.79147562262e+15,1,0,-0.0141189107671,-0.0825229883194,-0.00082189211389,0,-0.217700466514,0.0483278669417,-0.0224604383111,-0.0157118476927,-0.0109399529174,-0.00157122057863,0.0176608562469,-0.217700466514,17.7040805817,3,0,0,9.59469413757,0.152249693871,0.16662736237,0.0874806791544,0.0540762878954,-0.413235038519,1,8,7.90732447058e-05,0.21796323359,47.3979706897,8.5461636713,4444000,2.08636811294e-05,1.79147562261e+15,1.79147562261e+15,-2.04663515091,1,1,-0.00418852595612,3,-0.166143104434,-0.00216634618118,2,12.0041217804,1,4,1,79.546333313,-17.6195583344,-0.00951583776623,1,3,1,0,-17.6195583344
1791475622.629755,,,,,,,,,,,,,,,,,,-0.0106248529628,-0.0794204324484,0.00171363342088,0,-0.217700466514,0.0483278669417,-0.0224604383111,-0.0157118476927,-0.0109399529174,-0.00157122057863,0.0176608562469,-0.217700466514,17.7040939331,3,0,0,9.59629440308,0.150943696499,0.165916949511,0.0865255072713,0.0538476742804,-0.413238227367,1,8,7.9136552813e-05,0.21796323359,47.3979706897,8.5461636713,4444000,2.07230241358e-05,1.79147562262e+15,1.79147562262e+15,-2.04663801193,1,1,-0.00425854418427,3,-0.166222169995,-0.00214307499118,2,12.0041532516,1,4,1,79.5457305908,-17.6195831299,-0.00946126505733,1,3,1,,-17.6195831299
1791475622.641825,,,,,,,,,,,,,,,,,,-0.0141588710248,-0.0670365467668,0.00448804302141,0,-0.217700466514,0.0483278669417,-0.0224604383111,-0.0157118476927,-0.0109399529174,-0.00157122057863,0.0176608562469,-0.217700466514,17.7041015625,3,0,0,9.59949493408,0.151773929596,0.166435569525,0.0871286466718,0.054000377655,-0.413246065378,1,8,7.92765640654e-05,0.21796323359,47.3979706897,8.5461636713,4444000,2.08146029763e-05,1.79147562264e+15,1.79147562264e+15,-2.04664468765,1,1,-0.00451743928716,3,-0.166345313191,-0.00209972541779,2,12.0042123795,1,4,1,79.5444717407,-17.6196289063,-0.00935200508684,1,3,1,,-17.6196289063
1791475622.649625,,,,,,,,,,,,,,,,,,-0.00585356866941,-0.0696618109941,0.0092885447666,0,-0.217700466514,0.0483278669417,-0.0224604383111,-0.0157118476927,-0.0109399529174,-0.00157122057863,0.0176608562469,-0.217700466514,17.7041034698,3,0,0,9.60109519958,0.152193054557,0.166695982218,0.0874303430319,0.0540765747428,-0.41323903203,1,8,7.9346660641e-05,0.21796323359,47.3979706897,8.5461636713,4444000,2.08604506042e-05,1.79147562265e+15,1.79147562265e+15,-2.04663705826,1,1,-0.00454922765493,3,-0.166390508413,-0.00201598997228,2,12.0042419434,1,4,1,79.5438156128,-17.6196498871,-0.00923371128738,1,3,1,,-17.6196498871
1791475622.661448,0,0,0,0,0,0,0,2,0,0,0,0,0,1.79147562266e+15,1.79147562266e+15,1,0,-0.00679587945342,-0.0777938738465,0.00482331914827,0,-0.217700466514,0.0483278669417,-0.0224604383111,-0.0157118476927,-0.0109399529174,-0.00157122057863,0.0176608562469,-0.217700466514,17.7039356232,3,0,0,9.60269546509,0.150889337063,0.165984526277,0.086477175355,0.0538478605449,-0.413234651089,1,8,7.94107254478e-05,0.21796323359,47.3979706897,8.5461636713,4444000,2.07201119338e-05,1.79147562265e+15,1.79147562265e+15,-2.04663205147,1,1,-0.00458229519427,3,-0.166449934244,-0.00196599238552,2,12.0042791367,1,4,1,79.5432128906,-17.6196632385,-0.009142533876,1,3,1,0,-17.6196632385
1791475622.669795,,,,,,,,,,,,,,,,,,-0.0152534395456,-0.0692382082343,0.00253180018626,0,-0.217700466514,0.0483278669417,-0.0224604383111,-0.0157118476927,-0.0109399529174,-0.00157122057863,0.0176608562469,-0.217700466514,17.7039375305,3,0,0,9.60429573059,0.151302725077,0.166243523359,0.0867785736918,0.0539242587984,-0.413234740496,1,8,7.94809457147e-05,0.21796323359,47.3979706897,8.5461636713,4444000,2.07658740692e-05,1.79147562266e+15,1.79147562266e+15,-2.04663181305,1,1,-0.00468317372724,3,-0.166456237435,-0.00193442974705,2,12.00431633,1,4,1,79.5425872803,-17.6196746826,-0.0090690664947,1,3,1,,-17.6196746826
1791475622.681648,,,,,,,,,,,,,,,,,,-0.0177878141403,-0.0736990869045,0.00630412204191,0,-0.217700466514,0.0483278669417,-0.0224604383111,-0.0157118476927,-0.0109399529174,-0.00157122057863,0.0176608562469,-0.217700466514,17.7038230896,3,0,0,9.6074962616,0.152137488127,0.166577041149,0.0873820111156,0.0540548749268,-0.413231492043,1,8,7.96215972514e-05,0.21796323359,47.3979706897,8.5461636713,4444000,2.08575111174e-05,1.79147562268e+15,1.79147562268e+15,-2.04662775993,1,1,-0.00490078050643,3,-0.166542425752,-0.00179931370076,2,12.0043878555,1,4,1,79.5412979126,-17.6196861267,-0.00884062517434,1,3,1,,-17.6196861267
1791475622.689932,,,,,,,,,,,,,,,,,,-0.0127936955541,-0.0730200707912,0.00709528056905,0,-0.217700466514,0.0483278669417,-0.0224604383111,-0.0157118476927,-0.0109399529174,-0.00157122057863,0.0176608562469,-0.217700466514,17.7034244537,3,0,0,9.6090965271,0.150835588574,0.165867522359,0.08642924577,0.0538267046213,-0.413235068321,1,8,7.96462627477e-05,0.21796323359,47.3979706897,8.5461636713,4444000,2.07153898373e-05,1.79147562269e+15,1.79147562269e+15,-2.04663085938,1,1,-0.00497568491846,3,-0.166555210948,-0.00172587344423,2,12.0044279099,1,4,1,79.5407028198,-17.6196784973,-0.00870650261641,1,3,1,,-17.6196784973
1791475622.699161,0,0,0,0,0,0,0,2,0,0,0,0,0,1.7914756227e+15,1.7914756227e+15,1,0,,,,,,,,,,,,,,,,,,,,,,,,,,,,,,,,,,,,,,,,,,,,,,,,,,,0,
1791475622.701825,,,,,,,,,,,,,,,,,,-0.0179016832262,-0.0794778838754,0.0045546325855,0,-0.217700466514,0.0483278669417,-0.0224604383111,-0.0157118476927,-0.0109399529174,-0.00157122057863,0.0176608562469,-0.217700466514,17.7034225464,3,0,0,9.6106967926,0.151248574257,0.166126281023,0.0867304950953,0.0539031215012,-0.413233399391,1,8,7.97166867414e-05,0.21796323359,47.3979706897,8.5461636713,4444000,2.07611446967e-05,1.79147562269e+15,1.79147562269e+15,-2.04662871361,1,1,-0.00509179290384,3,-0.166635215282,-0.00167301634792,2,12.0044689178,1,4,1,79.5400848389,-17.6196670532,-0.00859294272959,1,3,1,,-17.6196670532
1791475622.709759,,,,,,,,,,,,,,,,,,-0.0103805931285,-0.063416108489,0.000144820645801,0,-0.217700466514,0.0483278669417,-0.0224604383111,-0.0157118476927,-0.0109399529174,-0.00157122057863,0.0176608562469,-0.217700466514,17.703420639,3,0,0,9.61229705811,0.151664227247,0.166385784745,0.087032109499,0.0539794489741,-0.413239955902,1,8,7.97871762188e-05,0.21796323359,47.3979706897,8.5461636713,4444000,2.0806937755e-05,1.7914756227e+15,1.7914756227e+15,-2.04663467407,1,1,-0.00514806015417,3,-0.166601866484,-0.00165568862576,2,12.0045080185,1,4,1,79.5394515991,-17.6196575165,-0.00851491745561,1,3,1,,-17.6196575165
1791475622.721600,,,,,,,,,,,,,,,,,,-0.0123311337084,-0.0635391324759,0.00767270056531,0,-0.217700466514,0.0483278669417,-0.0224604383111,-0.0157118476927,-0.0109399529174,-0.00157122057863,0.0176608562469,-0.217700466514,17.7030315399,3,0,0,9.61549758911,0.150783240795,0.165935441852,0.0863853022456,0.0538274049759,-0.413245052099,1,8,7.99231638666e-05,0.21796323359,47.3979706897,8.5461636713,4444000,2.07130469789e-05,1.79147562272e+15,1.79147562272e+15,-2.04663896561,1,1,-0.00525930337608,3,-0.166463583708,-0.00157209811732,2,12.0046005249,1,4,1,79.5382156372,-17.6196212769,-0.00829707365483,1,3,1,,-17.6196212769
1791475622.729576,,,,,,,,,,,,,,,,,,-0.0122348908335,-0.0690691769123,0.00268546841107,0,-0.217700466514,0.0483278669417,-0.0224604383111,-0.0157118476927,-0.0109399529174,-0.00157122057863,0.0176608562469,-0.217700466514,17.7030277252,3,0,0,9.61709785461,0.151195853949,0.166194275022,0.0866865590215,0.0539038255811,-0.413240909576,1,8,7.99938425189e-05,0.21796323359,47.3979706897,8.5461636713,4444000,2.07587909244e-05,1.79147562273e+15,1.79147562273e+15,-2.04663467407,1,1,-0.00531652523205,3,-0.166448384523,-0.00152885040734,2,12.004652977,1,4,1,79.537612915,-17.6195964813,-0.00818075612187,1,3,1,,-17.6195964813
1791475622.738945,0,0,0,0,0,0,0,2,0,0,0,0,0,1.79147562274e+15,1.79147562274e+15,1,0,,,,,,,,,,,,,,,,,,,,,,,,,,,,,,,,,,,,,,,,,,,,,,,,,,,0,
1791475622.741549,,,,,,,,,,,,,,,,,,-0.0136430067942,-0.055146727711,0.00160606566351,0,-0.217700466514,0.0483278669417,-0.0224604383111,-0.0157118476927,-0.0109399529174,-0.00157122057863,0.0176608562469,-0.217700466514,17.7033824921,3,0,0,9.61869812012,0.151611149311,0.166267618537,0.0869880542159,0.0539582706988,-0.413237512112,1,8,8.00646157586e-05,0.21796323359,47.3979706897,8.5461636713,4444000,2.08045821637e-05,1.79147562273e+15,1.79147562273e+15,-2.04663109779,1,1,-0.00538568757474,3,-0.166337236762,-0.00149689719547,2,12.0047044754,1,4,1,79.5369949341,-17.6195812225,-0.00808795168996,1,3,1,,-17.6195812225
1791475622.750215,,,,,,,,,,,,,,,,,,-0.0168348606676,-0.0619386285543,0.00340910605155,0,-0.217700466514,0.0483278669417,-0.0224604383111,-0.0157118476927,-0.0109399529174,-0.00157122057863,0.0176608562469,-0.217700466514,17.7033786774,3,0,0,9.62029838562,0.15202909708,0.166527613997,0.0872897729278,0.0540345162153,-0.413236290216,1,8,8.0135447206e-05,0.21796323359,47.3979706897,8.5461636713,4444000,2.08504097827e-05,1.79147562274e+15,1.79147562274e+15,-2.0466299057,1,1,-0.00548105873168,3,-0.166295483708,-0.00145085260738,2,12.0047559738,1,4,1,79.5363616943,-17.6195659637,-0.00798117555678,1,3,1,,-17.6195659637
1791475622.761511,,,,,,,,,,,,,,,,,,-0.0176996756345,-0.0623936466873,-0.0133677376434,0,-0.217700466514,0.0483278669417,-0.0224604383111,-0.0157118476927,-0.0109399529174,-0.00157122057863,0.0176608562469,-0.217700466514,17.7033100128,3,0,0,9.62349891663,0.151143744588,0.166077554226,0.0866420641541,0.0538832210004,-0.413247197866,1,8,8.02314680186e-05,0.21796323359,47.3979706897,8.5461636713,4444000,2.07545945159e-05,1.79147562276e+15,1.79147562276e+15,-2.04664063454,1,1,-0.00564096402377,3,-0.166152134538,-0.00154792028479,2,12.0048789978,1,4,1,79.5352096558,-17.6195316315,-0.00795310828835,1,3,1,,-17.6195316315
1791475622.769793,,,,,,,,,,,,,,,,,,-0.0134059302509,-0.0652462020516,-0.0072107645683,0,-0.217700466514,0.0483278669417,-0.0224604383111,-0.0157118476927,-0.0109399529174,-0.00157122057863,0.0176608562469,-0.217700466514,17.7033023834,3,0,0,9.62509918213,0.15155865252,0.166336894035,0.0869437381625,0.0539595670998,-0.413236171007,1,8,8.03024304332e-05,0.21796323359,47.3979706897,8.5461636713,4444000,2.08003766602e-05,1.79147562277e+15,1.79147562277e+15,-2.04662942886,1,1,-0.00570154981688,3,-0.166104391217,-0.00158542534336,2,12.0049381256,1,4,1,79.5346069336,-17.6195144653,-0.00792830809951,1,3,1,,-17.6195144653
1791475622.778847,0,0,0,0,0,0,0,2,0,0,0,0,0,1.79147562278e+15,1.79147562278e+15,1,0,,,,,,,,,,,,,,,,,,,,,,,,,,,,,,,,,,,,,,,,,,,,,,,,,,,0,
1791475622.781676,,,,,,,,,,,,,,,,,,-0.00825271848589,-0.0627474933863,-0.000684522034135,0,-0.217700466514,0.0483278669417,-0.0224604383111,-0.0157118476927,-0.0109399529174,-0.00157122057863,0.0176608562469,-0.217700466514,17.703294754,3,0,0,9.62669944763,0.15197622776,0.1665969491,0.0872456803918,0.0540358088911,-0.413224428892,1,8,8.03734656074e-05,0.21796323359,47.3979706897,8.5461636713,4444000,2.08461970033e-05,1.79147562277e+15,1.79147562277e+15,-2.04661750793,1,1,-0.00572177721187,3,-0.16605219245,-0.00157108774874,2,12.0049962997,1,4,1,79.533996582,-17.6194972992,-0.00785186048597,1,3,1,,-17.6194972992
1791475622.789828,,,,,,,,,,,,,,,,,,-0.0142669370398,-0.0587294958532,-0.00297930068336,0,-0.217700466514,0.0483278669417,-0.0224604383111,-0.0157118476927,-0.0109399529174,-0.00157122057863,0.0176608562469,-0.217700466514,17.7034492493,3,0,0,9.62829971313,0.150681093335,0.165887236595,0.0863009169698,0.0538079701364,-0.413219749928,1,8,8.04401133792e-05,0.21796323359,47.3979706897,8.5461636713,4444000,2.07070097531e-05,1.79147562278e+15,1.79147562278e+15,-2.04661273956,1,1,-0.00578032061458,3,-0.165907621384,-0.00157580373343,2,12.0050649643,1,4,1,79.5334396362,-17.6194839478,-0.00779989361763,1,3,1,,-17.6194839478
1791475622.801954,,,,,,,,,,,,,,,,,,-0.0115934424102,-0.0537050850689,-0.00799447204918,0,-0.217700466514,0.0483278669417,-0.0224604383111,-0.0157118476927,-0.0109399529174,-0.00157122057863,0.0176608562469,-0.217700466514,17.7033061981,3,0,0,9.63150024414,0.15150757134,0.166219815612,0.0869035497308,0.0539390817285,-0.413215845823,1,8,8.05825475254e-05,0.21796323359,47.3979706897,8.5461636713,4444000,2.07985358429e-05,1.7914756228e+15,1.7914756228e+15,-2.04660892487,1,1,-0.00590845150873,3,-0.165642023087,-0.00163089367561,2,12.005200386,1,4,1,79.5322875977,-17.6194496155,-0.00773356575519,1,3,1,,-17.6194496155
1791475622.809724,,,,,,,,,,,,,,,,,,-0.0201482400298,-0.0574766583741,-0.0136829903349,0,-0.217700466514,0.0483278669417,-0.0224604383111,-0.0157118476927,-0.0109399529174,-0.00157122057863,0.0176608562469,-0.217700466514,17.7032985687,3,0,0,9.63310050964,0.151924803853,0.16647964716,0.0872054323554,0.0540153495967,-0.413204073906,1,8,8.0653859186e-05,0.21796323359,47.3979706897,8.5461636713,4444000,2.0844361643e-05,1.79147562281e+15,1.79147562281e+15,-2.04659724236,1,1,-0.00601727515459,3,-0.165536254644,-0.0017214739928,2,12.0052652359,1,4,1,79.5316925049,-17.6194324493,-0.00776378391311,1,3,1,,-17.6194324493
1791475622.818058,0,0,0,0,0,0,0,2,0,0,0,0,0,1.79147562282e+15,1.79147562282e+15,1,0,,,,,,,,,,,,,,,,,,,,,,,,,,,,,,,,,,,,,,,,,,,,,,,,,,,0,
1791475622.821593,,,,,,,,,,,,,,,,,,-0.0127770006657,-0.0585143491626,-0.00433390913531,0,-0.217700466514,0.0483278669417,-0.0224604383111,-0.0157118476927,-0.0109399529174,-0.00157122057863,0.0176608562469,-0.217700466514,17.7035160065,3,0,0,9.63470077515,0.150631651282,0.165771827102,0.0862623676658,0.0537880174816,-0.413207679987,1,8,8.0721154518e-05,0.21796323359,47.3979706897,8.5461636713,4444000,2.07054072234e-05,1.79147562281e+15,1.79147562281e+15,-2.04660081863,1,1,-0.00606632465497,3,-0.165388956666,-0.00173875293694,2,12.0053358078,1,4,1,79.5311431885,-17.6194229126,-0.00772827025503,1,3,1,,-17.6194229126
1791475622.829662,,,,,,,,,,,,,,,,,,-0.00937199685723,-0.0529777295887,-0.00220909691416,0,-0.217700466514,0.0483278669417,-0.0224604383111,-0.0157118476927,-0.0109399529174,-0.00157122057863,0.0176608562469,-0.217700466514,17.7035083771,3,0,0,9.63630104065,0.151042833924,0.16603025794,0.0865617021918,0.0538644753397,-0.413205206394,1,8,8.07508331491e-05,0.21796323359,47.3979706897,8.5461636713,4444000,2.07490484172e-05,1.79147562282e+15,1.79147562282e+15,-2.04659843445,1,1,-0.00609265221283,3,-0.165213525295,-0.0017393095186,2,12.005402565,1,4,1,79.5305786133,-17.6194133759,-0.0076760398224,1,3,1,,-17.6194133759
